schemaVersion,sessionId,participantId,experimentMode,protocolId,configHash,trainingCondition,trainingConditions,phase,conditionId,conditionOrder,sequenceId,sequenceIndexInCondition,trialInSequence,trialInCondition,trialInPhase,countedTotal,priorSameConditionFirstClicks,priorAllConditionFirstClicks,plannedTrialId,attemptId,attemptIndex,segmentId,amplitudeMm,widthMm,nominalId,amplitudeCssPx,widthCssPx,layoutDiameterCssPx,calibrationId,geometryRevision,fromTargetIndex,toTargetIndex,fromCenterX,fromCenterY,toCenterX,toCenterY,startClickX,startClickY,startAtMonotonicMs,firstClickX,firstClickY,firstClickAtMonotonicMs,mtFirstMs,firstHit,countedAsTrial,correctionClickCount,completionX,completionY,mtCompletionMs,correctionDurationMs,completionStatus,interruptionReason,interruptedAtIso,startedAtIso,firstClickAtIso,completedAtIso,recoveredAtIso,trajectorySampleCount,targetPaintAtMonotonicMs
1.2.0,6cafcd86-5c31-46a7-83e8-471788f2c459,P002,pilot,pointing-pilot-selected-208-post104-continuous-v4,6f01dd8e6afd67eb78b863696a810bcbdbe09d09487ab1b75dcf1e8e4cb7d335,,"[""C2"",""C3""]",training,C2,1,s1,1,1,1,1,1,0,0,6cafcd86-5c31-46a7-83e8-471788f2c459:s1:t1,6cafcd86-5c31-46a7-83e8-471788f2c459:s1:t1:a1,1,6cafcd86-5c31-46a7-83e8-471788f2c459:segment1,90,10,3.321928094887362,315.7894736842105,35.08771929824561,318.1088453260051,5833f780-308c-41c8-947c-f8b38a7cfc05,1,0,6,960,380.9455773369974,998.0642148174704,694.4325902100671,968,383,40623.199999928474,1003,699,41233.39999997616,610.2000000476837,true,true,0,1003,699,610.2000000476837,0,completed,,,2026-09-26T08:05:06.666Z,2026-09-26T08:05:07.276Z,2026-09-26T08:05:07.276Z,,444,40621.9
1.2.0,6cafcd86-5c31-46a7-83e8-471788f2c459,P002,pilot,pointing-pilot-selected-208-post104-continuous-v4,6f01dd8e6afd67eb78b863696a810bcbdbe09d09487ab1b75dcf1e8e4cb7d335,,"[""C2"",""C3""]",training,C2,1,s1,1,2,2,2,2,1,1,6cafcd86-5c31-46a7-83e8-471788f2c459:s1:t2,6cafcd86-5c31-46a7-83e8-471788f2c459:s1:t2:a1,1,6cafcd86-5c31-46a7-83e8-471788f2c459:segment1,90,10,3.321928094887362,315.7894736842105,35.08771929824561,318.1088453260051,5833f780-308c-41c8-947c-f8b38a7cfc05,1,6,12,998.0642148174704,694.4325902100671,886.0837241724593,399.1643030462519,1003,699,41233.39999997616,886,401,41831.89999997616,598.5,true,true,0,886,401,598.5,0,completed,,,2026-09-26T08:05:07.276Z,2026-09-26T08:05:07.874Z,2026-09-26T08:05:07.874Z,,392,41230.932
1.2.0,6cafcd86-5c31-46a7-83e8-471788f2c459,P002,pilot,pointing-pilot-selected-208-post104-continuous-v4,6f01dd8e6afd67eb78b863696a810bcbdbe09d09487ab1b75dcf1e8e4cb7d335,,"[""C2"",""C3""]",training,C2,1,s1,1,3,3,3,3,2,2,6cafcd86-5c31-46a7-83e8-471788f2c459:s1:t3,6cafcd86-5c31-46a7-83e8-471788f2c459:s1:t3:a1,1,6cafcd86-5c31-46a7-83e8-471788f2c459:segment1,90,10,3.321928094887362,315.7894736842105,35.08771929824561,318.1088453260051,5833f780-308c-41c8-947c-f8b38a7cfc05,1,12,5,886.0837241724593,399.1643030462519,1065.4725915612453,659.0539449074066,886,401,41831.89999997616,1064,658,42305.39999997616,473.5,true,true,0,1064,658,473.5,0,completed,,,2026-09-26T08:05:07.874Z,2026-09-26T08:05:08.348Z,2026-09-26T08:05:08.348Z,,312,41834
1.2.0,6cafcd86-5c31-46a7-83e8-471788f2c459,P002,pilot,pointing-pilot-selected-208-post104-continuous-v4,6f01dd8e6afd67eb78b863696a810bcbdbe09d09487ab1b75dcf1e8e4cb7d335,,"[""C2"",""C3""]",training,C2,1,s1,1,4,4,4,4,3,3,6cafcd86-5c31-46a7-83e8-471788f2c459:s1:t4,6cafcd86-5c31-46a7-83e8-471788f2c459:s1:t4:a1,1,6cafcd86-5c31-46a7-83e8-471788f2c459:segment1,90,10,3.321928094887362,315.7894736842105,35.08771929824561,318.1088453260051,5833f780-308c-41c8-947c-f8b38a7cfc05,1,5,11,1065.4725915612453,659.0539449074066,829.1007763493185,449.6467896734714,1064,658,42305.39999997616,838,446,42742.39999997616,437,true,true,0,838,446,437,0,completed,,,2026-09-26T08:05:08.348Z,2026-09-26T08:05:08.785Z,2026-09-26T08:05:08.785Z,,263,42300.6
1.2.0,6cafcd86-5c31-46a7-83e8-471788f2c459,P002,pilot,pointing-pilot-selected-208-post104-continuous-v4,6f01dd8e6afd67eb78b863696a810bcbdbe09d09487ab1b75dcf1e8e4cb7d335,,"[""C2"",""C3""]",training,C2,1,s1,1,5,5,5,5,4,4,6cafcd86-5c31-46a7-83e8-471788f2c459:s1:t5,6cafcd86-5c31-46a7-83e8-471788f2c459:s1:t5:a1,1,6cafcd86-5c31-46a7-83e8-471788f2c459:segment1,90,10,3.321928094887362,315.7894736842105,35.08771929824561,318.1088453260051,5833f780-308c-41c8-947c-f8b38a7cfc05,1,11,4,829.1007763493185,449.6467896734714,1108.7184686608584,596.4014755820297,838,446,42742.39999997616,1092,602,43266.799999952316,524.3999999761581,false,true,1,1104,587,939.6000000238419,415.2000000476837,completed,,,2026-09-26T08:05:08.785Z,2026-09-26T08:05:09.309Z,2026-09-26T08:05:09.725Z,,473,42743.064
1.2.0,6cafcd86-5c31-46a7-83e8-471788f2c459,P002,pilot,pointing-pilot-selected-208-post104-continuous-v4,6f01dd8e6afd67eb78b863696a810bcbdbe09d09487ab1b75dcf1e8e4cb7d335,,"[""C2"",""C3""]",training,C2,1,s1,1,6,6,6,6,5,5,6cafcd86-5c31-46a7-83e8-471788f2c459:s1:t6,6cafcd86-5c31-46a7-83e8-471788f2c459:s1:t6:a1,1,6cafcd86-5c31-46a7-83e8-471788f2c459:segment1,90,10,3.321928094887362,315.7894736842105,35.08771929824561,318.1088453260051,5833f780-308c-41c8-947c-f8b38a7cfc05,1,4,10,1108.7184686608584,596.4014755820297,802.1052631578948,520.8281079122746,1104,587,43682,799,516,44136.60000002384,454.60000002384186,true,true,0,799,516,454.60000002384186,0,completed,,,2026-09-26T08:05:09.725Z,2026-09-26T08:05:10.179Z,2026-09-26T08:05:10.179Z,,310,43676.4
1.2.0,6cafcd86-5c31-46a7-83e8-471788f2c459,P002,pilot,pointing-pilot-selected-208-post104-continuous-v4,6f01dd8e6afd67eb78b863696a810bcbdbe09d09487ab1b75dcf1e8e4cb7d335,,"[""C2"",""C3""]",training,C2,1,s1,1,7,7,7,7,6,6,6cafcd86-5c31-46a7-83e8-471788f2c459:s1:t7,6cafcd86-5c31-46a7-83e8-471788f2c459:s1:t7:a1,1,6cafcd86-5c31-46a7-83e8-471788f2c459:segment1,90,10,3.321928094887362,315.7894736842105,35.08771929824561,318.1088453260051,5833f780-308c-41c8-947c-f8b38a7cfc05,1,10,3,802.1052631578948,520.8281079122746,1117.8947368421052,520.8281079122746,799,516,44136.60000002384,1146,521,44631,494.39999997615814,false,true,1,1129,528,726.6999999284744,232.29999995231628,completed,,,2026-09-26T08:05:10.179Z,2026-09-26T08:05:10.674Z,2026-09-26T08:05:10.906Z,,342,44137
1.2.0,6cafcd86-5c31-46a7-83e8-471788f2c459,P002,pilot,pointing-pilot-selected-208-post104-continuous-v4,6f01dd8e6afd67eb78b863696a810bcbdbe09d09487ab1b75dcf1e8e4cb7d335,,"[""C2"",""C3""]",training,C2,1,s1,1,8,8,8,8,7,7,6cafcd86-5c31-46a7-83e8-471788f2c459:s1:t8,6cafcd86-5c31-46a7-83e8-471788f2c459:s1:t8:a1,1,6cafcd86-5c31-46a7-83e8-471788f2c459:segment1,90,10,3.321928094887362,315.7894736842105,35.08771929824561,318.1088453260051,5833f780-308c-41c8-947c-f8b38a7cfc05,1,3,9,1117.8947368421052,520.8281079122746,811.2815313391415,596.4014755820298,1129,528,44863.299999952316,816,602,45321.89999997616,458.60000002384186,true,true,0,816,602,458.60000002384186,0,completed,,,2026-09-26T08:05:10.906Z,2026-09-26T08:05:11.365Z,2026-09-26T08:05:11.365Z,,329,44861.232
1.2.0,6cafcd86-5c31-46a7-83e8-471788f2c459,P002,pilot,pointing-pilot-selected-208-post104-continuous-v4,6f01dd8e6afd67eb78b863696a810bcbdbe09d09487ab1b75dcf1e8e4cb7d335,,"[""C2"",""C3""]",training,C2,1,s1,1,9,9,9,9,8,8,6cafcd86-5c31-46a7-83e8-471788f2c459:s1:t9,6cafcd86-5c31-46a7-83e8-471788f2c459:s1:t9:a1,1,6cafcd86-5c31-46a7-83e8-471788f2c459:segment1,90,10,3.321928094887362,315.7894736842105,35.08771929824561,318.1088453260051,5833f780-308c-41c8-947c-f8b38a7cfc05,1,9,2,811.2815313391415,596.4014755820298,1090.8992236506815,449.64678967347123,816,602,45321.89999997616,1098,453,45780.799999952316,458.89999997615814,true,true,0,1098,453,458.89999997615814,0,completed,,,2026-09-26T08:05:11.365Z,2026-09-26T08:05:11.823Z,2026-09-26T08:05:11.823Z,,327,45318.8
1.2.0,6cafcd86-5c31-46a7-83e8-471788f2c459,P002,pilot,pointing-pilot-selected-208-post104-continuous-v4,6f01dd8e6afd67eb78b863696a810bcbdbe09d09487ab1b75dcf1e8e4cb7d335,,"[""C2"",""C3""]",training,C2,1,s1,1,10,10,10,10,9,9,6cafcd86-5c31-46a7-83e8-471788f2c459:s1:t10,6cafcd86-5c31-46a7-83e8-471788f2c459:s1:t10:a1,1,6cafcd86-5c31-46a7-83e8-471788f2c459:segment1,90,10,3.321928094887362,315.7894736842105,35.08771929824561,318.1088453260051,5833f780-308c-41c8-947c-f8b38a7cfc05,1,2,8,1090.8992236506815,449.64678967347123,854.5274084387548,659.0539449074066,1098,453,45780.799999952316,856,667,46204.10000002384,423.3000000715256,true,true,0,856,667,423.3000000715256,0,completed,,,2026-09-26T08:05:11.823Z,2026-09-26T08:05:12.247Z,2026-09-26T08:05:12.247Z,,343,45780.998
1.2.0,6cafcd86-5c31-46a7-83e8-471788f2c459,P002,pilot,pointing-pilot-selected-208-post104-continuous-v4,6f01dd8e6afd67eb78b863696a810bcbdbe09d09487ab1b75dcf1e8e4cb7d335,,"[""C2"",""C3""]",training,C2,1,s1,1,11,11,11,11,10,10,6cafcd86-5c31-46a7-83e8-471788f2c459:s1:t11,6cafcd86-5c31-46a7-83e8-471788f2c459:s1:t11:a1,1,6cafcd86-5c31-46a7-83e8-471788f2c459:segment1,90,10,3.321928094887362,315.7894736842105,35.08771929824561,318.1088453260051,5833f780-308c-41c8-947c-f8b38a7cfc05,1,8,1,854.5274084387548,659.0539449074066,1033.9162758275409,399.1643030462519,856,667,46204.10000002384,1054,393,46642.10000002384,438,false,true,1,1041,412,680.1999999284744,242.19999992847443,completed,,,2026-09-26T08:05:12.247Z,2026-09-26T08:05:12.685Z,2026-09-26T08:05:12.927Z,,363,46203.7
1.2.0,6cafcd86-5c31-46a7-83e8-471788f2c459,P002,pilot,pointing-pilot-selected-208-post104-continuous-v4,6f01dd8e6afd67eb78b863696a810bcbdbe09d09487ab1b75dcf1e8e4cb7d335,,"[""C2"",""C3""]",training,C2,1,s1,1,12,12,12,12,11,11,6cafcd86-5c31-46a7-83e8-471788f2c459:s1:t12,6cafcd86-5c31-46a7-83e8-471788f2c459:s1:t12:a1,1,6cafcd86-5c31-46a7-83e8-471788f2c459:segment1,90,10,3.321928094887362,315.7894736842105,35.08771929824561,318.1088453260051,5833f780-308c-41c8-947c-f8b38a7cfc05,1,1,7,1033.9162758275409,399.1643030462519,921.9357851825296,694.4325902100671,1041,412,46884.299999952316,913,691,47421.10000002384,536.8000000715256,true,true,0,913,691,536.8000000715256,0,completed,,,2026-09-26T08:05:12.927Z,2026-09-26T08:05:13.464Z,2026-09-26T08:05:13.464Z,,371,46882.5
1.2.0,6cafcd86-5c31-46a7-83e8-471788f2c459,P002,pilot,pointing-pilot-selected-208-post104-continuous-v4,6f01dd8e6afd67eb78b863696a810bcbdbe09d09487ab1b75dcf1e8e4cb7d335,,"[""C2"",""C3""]",training,C2,1,s1,1,13,13,13,13,12,12,6cafcd86-5c31-46a7-83e8-471788f2c459:s1:t13,6cafcd86-5c31-46a7-83e8-471788f2c459:s1:t13:a1,1,6cafcd86-5c31-46a7-83e8-471788f2c459:segment1,90,10,3.321928094887362,315.7894736842105,35.08771929824561,318.1088453260051,5833f780-308c-41c8-947c-f8b38a7cfc05,1,7,0,921.9357851825296,694.4325902100671,960,380.9455773369974,913,691,47421.10000002384,965,365,47964.699999928474,543.5999999046326,true,true,0,965,365,543.5999999046326,0,completed,,,2026-09-26T08:05:13.464Z,2026-09-26T08:05:14.007Z,2026-09-26T08:05:14.007Z,,355,47415.8
1.2.0,6cafcd86-5c31-46a7-83e8-471788f2c459,P002,pilot,pointing-pilot-selected-208-post104-continuous-v4,6f01dd8e6afd67eb78b863696a810bcbdbe09d09487ab1b75dcf1e8e4cb7d335,,"[""C2"",""C3""]",training,C2,1,s2,2,1,14,14,14,13,13,6cafcd86-5c31-46a7-83e8-471788f2c459:s2:t1,6cafcd86-5c31-46a7-83e8-471788f2c459:s2:t1:a1,1,6cafcd86-5c31-46a7-83e8-471788f2c459:segment1,90,10,3.321928094887362,315.7894736842105,35.08771929824561,318.1088453260051,5833f780-308c-41c8-947c-f8b38a7cfc05,1,0,6,960,380.9455773369974,998.0642148174704,694.4325902100671,965,365,47964.699999928474,995,690,48503.60000002384,538.9000000953674,true,true,0,995,690,538.9000000953674,0,completed,,,2026-09-26T08:05:14.007Z,2026-09-26T08:05:14.546Z,2026-09-26T08:05:14.546Z,,335,47961.2
1.2.0,6cafcd86-5c31-46a7-83e8-471788f2c459,P002,pilot,pointing-pilot-selected-208-post104-continuous-v4,6f01dd8e6afd67eb78b863696a810bcbdbe09d09487ab1b75dcf1e8e4cb7d335,,"[""C2"",""C3""]",training,C2,1,s2,2,2,15,15,15,14,14,6cafcd86-5c31-46a7-83e8-471788f2c459:s2:t2,6cafcd86-5c31-46a7-83e8-471788f2c459:s2:t2:a1,1,6cafcd86-5c31-46a7-83e8-471788f2c459:segment1,90,10,3.321928094887362,315.7894736842105,35.08771929824561,318.1088453260051,5833f780-308c-41c8-947c-f8b38a7cfc05,1,6,12,998.0642148174704,694.4325902100671,886.0837241724593,399.1643030462519,995,690,48503.60000002384,892,407,49002.10000002384,498.5,true,true,0,892,407,498.5,0,completed,,,2026-09-26T08:05:14.546Z,2026-09-26T08:05:15.045Z,2026-09-26T08:05:15.045Z,,322,48500.6
1.2.0,6cafcd86-5c31-46a7-83e8-471788f2c459,P002,pilot,pointing-pilot-selected-208-post104-continuous-v4,6f01dd8e6afd67eb78b863696a810bcbdbe09d09487ab1b75dcf1e8e4cb7d335,,"[""C2"",""C3""]",training,C2,1,s2,2,3,16,16,16,15,15,6cafcd86-5c31-46a7-83e8-471788f2c459:s2:t3,6cafcd86-5c31-46a7-83e8-471788f2c459:s2:t3:a1,1,6cafcd86-5c31-46a7-83e8-471788f2c459:segment1,90,10,3.321928094887362,315.7894736842105,35.08771929824561,318.1088453260051,5833f780-308c-41c8-947c-f8b38a7cfc05,1,12,5,886.0837241724593,399.1643030462519,1065.4725915612453,659.0539449074066,892,407,49002.10000002384,1076,674,49512.5,510.39999997615814,false,true,1,1063,656,1514.8999999761581,1004.5,completed,,,2026-09-26T08:05:15.045Z,2026-09-26T08:05:15.555Z,2026-09-26T08:05:16.560Z,,1095,49003.7
1.2.0,6cafcd86-5c31-46a7-83e8-471788f2c459,P002,pilot,pointing-pilot-selected-208-post104-continuous-v4,6f01dd8e6afd67eb78b863696a810bcbdbe09d09487ab1b75dcf1e8e4cb7d335,,"[""C2"",""C3""]",training,C2,1,s2,2,4,17,17,17,16,16,6cafcd86-5c31-46a7-83e8-471788f2c459:s2:t4,6cafcd86-5c31-46a7-83e8-471788f2c459:s2:t4:a1,1,6cafcd86-5c31-46a7-83e8-471788f2c459:segment1,90,10,3.321928094887362,315.7894736842105,35.08771929824561,318.1088453260051,5833f780-308c-41c8-947c-f8b38a7cfc05,1,5,11,1065.4725915612453,659.0539449074066,829.1007763493185,449.6467896734714,1063,656,50517,829,448,51007.799999952316,490.7999999523163,true,true,0,829,448,490.7999999523163,0,completed,,,2026-09-26T08:05:16.560Z,2026-09-26T08:05:17.050Z,2026-09-26T08:05:17.050Z,,377,50512.7
1.2.0,6cafcd86-5c31-46a7-83e8-471788f2c459,P002,pilot,pointing-pilot-selected-208-post104-continuous-v4,6f01dd8e6afd67eb78b863696a810bcbdbe09d09487ab1b75dcf1e8e4cb7d335,,"[""C2"",""C3""]",training,C2,1,s2,2,5,18,18,18,17,17,6cafcd86-5c31-46a7-83e8-471788f2c459:s2:t5,6cafcd86-5c31-46a7-83e8-471788f2c459:s2:t5:a1,1,6cafcd86-5c31-46a7-83e8-471788f2c459:segment1,90,10,3.321928094887362,315.7894736842105,35.08771929824561,318.1088453260051,5833f780-308c-41c8-947c-f8b38a7cfc05,1,11,4,829.1007763493185,449.6467896734714,1108.7184686608584,596.4014755820297,829,448,51007.799999952316,1079,578,51533.299999952316,525.5,false,true,1,1096,587,762.3000000715256,236.80000007152557,completed,,,2026-09-26T08:05:17.050Z,2026-09-26T08:05:17.576Z,2026-09-26T08:05:17.813Z,,391,51009.7
1.2.0,6cafcd86-5c31-46a7-83e8-471788f2c459,P002,pilot,pointing-pilot-selected-208-post104-continuous-v4,6f01dd8e6afd67eb78b863696a810bcbdbe09d09487ab1b75dcf1e8e4cb7d335,,"[""C2"",""C3""]",training,C2,1,s2,2,6,19,19,19,18,18,6cafcd86-5c31-46a7-83e8-471788f2c459:s2:t6,6cafcd86-5c31-46a7-83e8-471788f2c459:s2:t6:a1,1,6cafcd86-5c31-46a7-83e8-471788f2c459:segment1,90,10,3.321928094887362,315.7894736842105,35.08771929824561,318.1088453260051,5833f780-308c-41c8-947c-f8b38a7cfc05,1,4,10,1108.7184686608584,596.4014755820297,802.1052631578948,520.8281079122746,1096,587,51770.10000002384,791,520,52227.39999997616,457.2999999523163,true,true,0,791,520,457.2999999523163,0,completed,,,2026-09-26T08:05:17.813Z,2026-09-26T08:05:18.270Z,2026-09-26T08:05:18.270Z,,326,51767.2
1.2.0,6cafcd86-5c31-46a7-83e8-471788f2c459,P002,pilot,pointing-pilot-selected-208-post104-continuous-v4,6f01dd8e6afd67eb78b863696a810bcbdbe09d09487ab1b75dcf1e8e4cb7d335,,"[""C2"",""C3""]",training,C2,1,s2,2,7,20,20,20,19,19,6cafcd86-5c31-46a7-83e8-471788f2c459:s2:t7,6cafcd86-5c31-46a7-83e8-471788f2c459:s2:t7:a1,1,6cafcd86-5c31-46a7-83e8-471788f2c459:segment1,90,10,3.321928094887362,315.7894736842105,35.08771929824561,318.1088453260051,5833f780-308c-41c8-947c-f8b38a7cfc05,1,10,3,802.1052631578948,520.8281079122746,1117.8947368421052,520.8281079122746,791,520,52227.39999997616,1113,515,52719.299999952316,491.89999997615814,true,true,0,1113,515,491.89999997615814,0,completed,,,2026-09-26T08:05:18.270Z,2026-09-26T08:05:18.762Z,2026-09-26T08:05:18.762Z,,262,52221.9
1.2.0,6cafcd86-5c31-46a7-83e8-471788f2c459,P002,pilot,pointing-pilot-selected-208-post104-continuous-v4,6f01dd8e6afd67eb78b863696a810bcbdbe09d09487ab1b75dcf1e8e4cb7d335,,"[""C2"",""C3""]",training,C2,1,s2,2,8,21,21,21,20,20,6cafcd86-5c31-46a7-83e8-471788f2c459:s2:t8,6cafcd86-5c31-46a7-83e8-471788f2c459:s2:t8:a1,1,6cafcd86-5c31-46a7-83e8-471788f2c459:segment1,90,10,3.321928094887362,315.7894736842105,35.08771929824561,318.1088453260051,5833f780-308c-41c8-947c-f8b38a7cfc05,1,3,9,1117.8947368421052,520.8281079122746,811.2815313391415,596.4014755820298,1113,515,52719.299999952316,812,596,53185.10000002384,465.8000000715256,true,true,0,812,596,465.8000000715256,0,completed,,,2026-09-26T08:05:18.762Z,2026-09-26T08:05:19.228Z,2026-09-26T08:05:19.228Z,,335,52718.8
1.2.0,6cafcd86-5c31-46a7-83e8-471788f2c459,P002,pilot,pointing-pilot-selected-208-post104-continuous-v4,6f01dd8e6afd67eb78b863696a810bcbdbe09d09487ab1b75dcf1e8e4cb7d335,,"[""C2"",""C3""]",training,C2,1,s2,2,9,22,22,22,21,21,6cafcd86-5c31-46a7-83e8-471788f2c459:s2:t9,6cafcd86-5c31-46a7-83e8-471788f2c459:s2:t9:a1,1,6cafcd86-5c31-46a7-83e8-471788f2c459:segment1,90,10,3.321928094887362,315.7894736842105,35.08771929824561,318.1088453260051,5833f780-308c-41c8-947c-f8b38a7cfc05,1,9,2,811.2815313391415,596.4014755820298,1090.8992236506815,449.64678967347123,812,596,53185.10000002384,1084,452,53646.299999952316,461.1999999284744,true,true,0,1084,452,461.1999999284744,0,completed,,,2026-09-26T08:05:19.228Z,2026-09-26T08:05:19.689Z,2026-09-26T08:05:19.689Z,,334,53185.6
1.2.0,6cafcd86-5c31-46a7-83e8-471788f2c459,P002,pilot,pointing-pilot-selected-208-post104-continuous-v4,6f01dd8e6afd67eb78b863696a810bcbdbe09d09487ab1b75dcf1e8e4cb7d335,,"[""C2"",""C3""]",training,C2,1,s2,2,10,23,23,23,22,22,6cafcd86-5c31-46a7-83e8-471788f2c459:s2:t10,6cafcd86-5c31-46a7-83e8-471788f2c459:s2:t10:a1,1,6cafcd86-5c31-46a7-83e8-471788f2c459:segment1,90,10,3.321928094887362,315.7894736842105,35.08771929824561,318.1088453260051,5833f780-308c-41c8-947c-f8b38a7cfc05,1,2,8,1090.8992236506815,449.64678967347123,854.5274084387548,659.0539449074066,1084,452,53646.299999952316,862,666,54098.199999928474,451.89999997615814,true,true,0,862,666,451.89999997615814,0,completed,,,2026-09-26T08:05:19.689Z,2026-09-26T08:05:20.141Z,2026-09-26T08:05:20.141Z,,329,53646.1
1.2.0,6cafcd86-5c31-46a7-83e8-471788f2c459,P002,pilot,pointing-pilot-selected-208-post104-continuous-v4,6f01dd8e6afd67eb78b863696a810bcbdbe09d09487ab1b75dcf1e8e4cb7d335,,"[""C2"",""C3""]",training,C2,1,s2,2,11,24,24,24,23,23,6cafcd86-5c31-46a7-83e8-471788f2c459:s2:t11,6cafcd86-5c31-46a7-83e8-471788f2c459:s2:t11:a1,1,6cafcd86-5c31-46a7-83e8-471788f2c459:segment1,90,10,3.321928094887362,315.7894736842105,35.08771929824561,318.1088453260051,5833f780-308c-41c8-947c-f8b38a7cfc05,1,8,1,854.5274084387548,659.0539449074066,1033.9162758275409,399.1643030462519,862,666,54098.199999928474,1037,393,54580.799999952316,482.60000002384186,true,true,0,1037,393,482.60000002384186,0,completed,,,2026-09-26T08:05:20.141Z,2026-09-26T08:05:20.623Z,2026-09-26T08:05:20.623Z,,344,54094.6
1.2.0,6cafcd86-5c31-46a7-83e8-471788f2c459,P002,pilot,pointing-pilot-selected-208-post104-continuous-v4,6f01dd8e6afd67eb78b863696a810bcbdbe09d09487ab1b75dcf1e8e4cb7d335,,"[""C2"",""C3""]",training,C2,1,s2,2,12,25,25,25,24,24,6cafcd86-5c31-46a7-83e8-471788f2c459:s2:t12,6cafcd86-5c31-46a7-83e8-471788f2c459:s2:t12:a1,1,6cafcd86-5c31-46a7-83e8-471788f2c459:segment1,90,10,3.321928094887362,315.7894736842105,35.08771929824561,318.1088453260051,5833f780-308c-41c8-947c-f8b38a7cfc05,1,1,7,1033.9162758275409,399.1643030462519,921.9357851825296,694.4325902100671,1037,393,54580.799999952316,913,677,55033.299999952316,452.5,false,true,1,919,690,1163.2000000476837,710.7000000476837,completed,,,2026-09-26T08:05:20.623Z,2026-09-26T08:05:21.076Z,2026-09-26T08:05:21.787Z,,851,54579.4
1.2.0,6cafcd86-5c31-46a7-83e8-471788f2c459,P002,pilot,pointing-pilot-selected-208-post104-continuous-v4,6f01dd8e6afd67eb78b863696a810bcbdbe09d09487ab1b75dcf1e8e4cb7d335,,"[""C2"",""C3""]",training,C2,1,s2,2,13,26,26,26,25,25,6cafcd86-5c31-46a7-83e8-471788f2c459:s2:t13,6cafcd86-5c31-46a7-83e8-471788f2c459:s2:t13:a1,1,6cafcd86-5c31-46a7-83e8-471788f2c459:segment1,90,10,3.321928094887362,315.7894736842105,35.08771929824561,318.1088453260051,5833f780-308c-41c8-947c-f8b38a7cfc05,1,7,0,921.9357851825296,694.4325902100671,960,380.9455773369974,919,690,55744,970,372,56242.10000002384,498.10000002384186,true,true,0,970,372,498.10000002384186,0,completed,,,2026-09-26T08:05:21.787Z,2026-09-26T08:05:22.285Z,2026-09-26T08:05:22.285Z,,355,55749.1
1.2.0,6cafcd86-5c31-46a7-83e8-471788f2c459,P002,pilot,pointing-pilot-selected-208-post104-continuous-v4,6f01dd8e6afd67eb78b863696a810bcbdbe09d09487ab1b75dcf1e8e4cb7d335,,"[""C2"",""C3""]",training,C2,1,s3,3,1,27,27,27,26,26,6cafcd86-5c31-46a7-83e8-471788f2c459:s3:t1,6cafcd86-5c31-46a7-83e8-471788f2c459:s3:t1:a1,1,6cafcd86-5c31-46a7-83e8-471788f2c459:segment1,90,10,3.321928094887362,315.7894736842105,35.08771929824561,318.1088453260051,5833f780-308c-41c8-947c-f8b38a7cfc05,1,0,6,960,380.9455773369974,998.0642148174704,694.4325902100671,970,372,56242.10000002384,990,691,56785.699999928474,543.5999999046326,true,true,0,990,691,543.5999999046326,0,completed,,,2026-09-26T08:05:22.285Z,2026-09-26T08:05:22.828Z,2026-09-26T08:05:22.828Z,,302,56240
1.2.0,6cafcd86-5c31-46a7-83e8-471788f2c459,P002,pilot,pointing-pilot-selected-208-post104-continuous-v4,6f01dd8e6afd67eb78b863696a810bcbdbe09d09487ab1b75dcf1e8e4cb7d335,,"[""C2"",""C3""]",training,C2,1,s3,3,2,28,28,28,27,27,6cafcd86-5c31-46a7-83e8-471788f2c459:s3:t2,6cafcd86-5c31-46a7-83e8-471788f2c459:s3:t2:a1,1,6cafcd86-5c31-46a7-83e8-471788f2c459:segment1,90,10,3.321928094887362,315.7894736842105,35.08771929824561,318.1088453260051,5833f780-308c-41c8-947c-f8b38a7cfc05,1,6,12,998.0642148174704,694.4325902100671,886.0837241724593,399.1643030462519,990,691,56785.699999928474,880,395,57336.5,550.8000000715256,true,true,0,880,395,550.8000000715256,0,completed,,,2026-09-26T08:05:22.828Z,2026-09-26T08:05:23.379Z,2026-09-26T08:05:23.379Z,,329,56785.5
1.2.0,6cafcd86-5c31-46a7-83e8-471788f2c459,P002,pilot,pointing-pilot-selected-208-post104-continuous-v4,6f01dd8e6afd67eb78b863696a810bcbdbe09d09487ab1b75dcf1e8e4cb7d335,,"[""C2"",""C3""]",training,C2,1,s3,3,3,29,29,29,28,28,6cafcd86-5c31-46a7-83e8-471788f2c459:s3:t3,6cafcd86-5c31-46a7-83e8-471788f2c459:s3:t3:a1,1,6cafcd86-5c31-46a7-83e8-471788f2c459:segment1,90,10,3.321928094887362,315.7894736842105,35.08771929824561,318.1088453260051,5833f780-308c-41c8-947c-f8b38a7cfc05,1,12,5,886.0837241724593,399.1643030462519,1065.4725915612453,659.0539449074066,880,395,57336.5,1077,655,57856.10000002384,519.6000000238419,true,true,0,1077,655,519.6000000238419,0,completed,,,2026-09-26T08:05:23.379Z,2026-09-26T08:05:23.899Z,2026-09-26T08:05:23.899Z,,303,57330.9
1.2.0,6cafcd86-5c31-46a7-83e8-471788f2c459,P002,pilot,pointing-pilot-selected-208-post104-continuous-v4,6f01dd8e6afd67eb78b863696a810bcbdbe09d09487ab1b75dcf1e8e4cb7d335,,"[""C2"",""C3""]",training,C2,1,s3,3,4,30,30,30,29,29,6cafcd86-5c31-46a7-83e8-471788f2c459:s3:t4,6cafcd86-5c31-46a7-83e8-471788f2c459:s3:t4:a1,1,6cafcd86-5c31-46a7-83e8-471788f2c459:segment1,90,10,3.321928094887362,315.7894736842105,35.08771929824561,318.1088453260051,5833f780-308c-41c8-947c-f8b38a7cfc05,1,5,11,1065.4725915612453,659.0539449074066,829.1007763493185,449.6467896734714,1077,655,57856.10000002384,835,438,58372.5,516.3999999761581,true,true,0,835,438,516.3999999761581,0,completed,,,2026-09-26T08:05:23.899Z,2026-09-26T08:05:24.415Z,2026-09-26T08:05:24.415Z,,322,57852.1
1.2.0,6cafcd86-5c31-46a7-83e8-471788f2c459,P002,pilot,pointing-pilot-selected-208-post104-continuous-v4,6f01dd8e6afd67eb78b863696a810bcbdbe09d09487ab1b75dcf1e8e4cb7d335,,"[""C2"",""C3""]",training,C2,1,s3,3,5,31,31,31,30,30,6cafcd86-5c31-46a7-83e8-471788f2c459:s3:t5,6cafcd86-5c31-46a7-83e8-471788f2c459:s3:t5:a1,1,6cafcd86-5c31-46a7-83e8-471788f2c459:segment1,90,10,3.321928094887362,315.7894736842105,35.08771929824561,318.1088453260051,5833f780-308c-41c8-947c-f8b38a7cfc05,1,11,4,829.1007763493185,449.6467896734714,1108.7184686608584,596.4014755820297,835,438,58372.5,1119,599,58779.89999997616,407.39999997615814,true,true,0,1119,599,407.39999997615814,0,completed,,,2026-09-26T08:05:24.415Z,2026-09-26T08:05:24.822Z,2026-09-26T08:05:24.822Z,,299,58373.3
1.2.0,6cafcd86-5c31-46a7-83e8-471788f2c459,P002,pilot,pointing-pilot-selected-208-post104-continuous-v4,6f01dd8e6afd67eb78b863696a810bcbdbe09d09487ab1b75dcf1e8e4cb7d335,,"[""C2"",""C3""]",training,C2,1,s3,3,6,32,32,32,31,31,6cafcd86-5c31-46a7-83e8-471788f2c459:s3:t6,6cafcd86-5c31-46a7-83e8-471788f2c459:s3:t6:a1,1,6cafcd86-5c31-46a7-83e8-471788f2c459:segment1,90,10,3.321928094887362,315.7894736842105,35.08771929824561,318.1088453260051,5833f780-308c-41c8-947c-f8b38a7cfc05,1,4,10,1108.7184686608584,596.4014755820297,802.1052631578948,520.8281079122746,1119,599,58779.89999997616,802,515,59190.699999928474,410.7999999523163,true,true,0,802,515,410.7999999523163,0,completed,,,2026-09-26T08:05:24.822Z,2026-09-26T08:05:25.233Z,2026-09-26T08:05:25.233Z,,240,58779.4
1.2.0,6cafcd86-5c31-46a7-83e8-471788f2c459,P002,pilot,pointing-pilot-selected-208-post104-continuous-v4,6f01dd8e6afd67eb78b863696a810bcbdbe09d09487ab1b75dcf1e8e4cb7d335,,"[""C2"",""C3""]",training,C2,1,s3,3,7,33,33,33,32,32,6cafcd86-5c31-46a7-83e8-471788f2c459:s3:t7,6cafcd86-5c31-46a7-83e8-471788f2c459:s3:t7:a1,1,6cafcd86-5c31-46a7-83e8-471788f2c459:segment1,90,10,3.321928094887362,315.7894736842105,35.08771929824561,318.1088453260051,5833f780-308c-41c8-947c-f8b38a7cfc05,1,10,3,802.1052631578948,520.8281079122746,1117.8947368421052,520.8281079122746,802,515,59190.699999928474,1102,515,59666.799999952316,476.10000002384186,true,true,0,1102,515,476.10000002384186,0,completed,,,2026-09-26T08:05:25.233Z,2026-09-26T08:05:25.709Z,2026-09-26T08:05:25.709Z,,302,59185.4
1.2.0,6cafcd86-5c31-46a7-83e8-471788f2c459,P002,pilot,pointing-pilot-selected-208-post104-continuous-v4,6f01dd8e6afd67eb78b863696a810bcbdbe09d09487ab1b75dcf1e8e4cb7d335,,"[""C2"",""C3""]",training,C2,1,s3,3,8,34,34,34,33,33,6cafcd86-5c31-46a7-83e8-471788f2c459:s3:t8,6cafcd86-5c31-46a7-83e8-471788f2c459:s3:t8:a1,1,6cafcd86-5c31-46a7-83e8-471788f2c459:segment1,90,10,3.321928094887362,315.7894736842105,35.08771929824561,318.1088453260051,5833f780-308c-41c8-947c-f8b38a7cfc05,1,3,9,1117.8947368421052,520.8281079122746,811.2815313391415,596.4014755820298,1102,515,59666.799999952316,828,595,60243.5,576.7000000476837,true,true,0,828,595,576.7000000476837,0,completed,,,2026-09-26T08:05:25.709Z,2026-09-26T08:05:26.287Z,2026-09-26T08:05:26.287Z,,388,59665.798
1.2.0,6cafcd86-5c31-46a7-83e8-471788f2c459,P002,pilot,pointing-pilot-selected-208-post104-continuous-v4,6f01dd8e6afd67eb78b863696a810bcbdbe09d09487ab1b75dcf1e8e4cb7d335,,"[""C2"",""C3""]",training,C2,1,s3,3,9,35,35,35,34,34,6cafcd86-5c31-46a7-83e8-471788f2c459:s3:t9,6cafcd86-5c31-46a7-83e8-471788f2c459:s3:t9:a1,1,6cafcd86-5c31-46a7-83e8-471788f2c459:segment1,90,10,3.321928094887362,315.7894736842105,35.08771929824561,318.1088453260051,5833f780-308c-41c8-947c-f8b38a7cfc05,1,9,2,811.2815313391415,596.4014755820298,1090.8992236506815,449.64678967347123,828,595,60243.5,1093,437,60796.60000002384,553.1000000238419,true,true,0,1093,437,553.1000000238419,0,completed,,,2026-09-26T08:05:26.287Z,2026-09-26T08:05:26.840Z,2026-09-26T08:05:26.840Z,,311,60240
1.2.0,6cafcd86-5c31-46a7-83e8-471788f2c459,P002,pilot,pointing-pilot-selected-208-post104-continuous-v4,6f01dd8e6afd67eb78b863696a810bcbdbe09d09487ab1b75dcf1e8e4cb7d335,,"[""C2"",""C3""]",training,C2,1,s3,3,10,36,36,36,35,35,6cafcd86-5c31-46a7-83e8-471788f2c459:s3:t10,6cafcd86-5c31-46a7-83e8-471788f2c459:s3:t10:a1,1,6cafcd86-5c31-46a7-83e8-471788f2c459:segment1,90,10,3.321928094887362,315.7894736842105,35.08771929824561,318.1088453260051,5833f780-308c-41c8-947c-f8b38a7cfc05,1,2,8,1090.8992236506815,449.64678967347123,854.5274084387548,659.0539449074066,1093,437,60796.60000002384,863,649,61322.699999928474,526.0999999046326,true,true,0,863,649,526.0999999046326,0,completed,,,2026-09-26T08:05:26.840Z,2026-09-26T08:05:27.366Z,2026-09-26T08:05:27.366Z,,367,60791.6
1.2.0,6cafcd86-5c31-46a7-83e8-471788f2c459,P002,pilot,pointing-pilot-selected-208-post104-continuous-v4,6f01dd8e6afd67eb78b863696a810bcbdbe09d09487ab1b75dcf1e8e4cb7d335,,"[""C2"",""C3""]",training,C2,1,s3,3,11,37,37,37,36,36,6cafcd86-5c31-46a7-83e8-471788f2c459:s3:t11,6cafcd86-5c31-46a7-83e8-471788f2c459:s3:t11:a1,1,6cafcd86-5c31-46a7-83e8-471788f2c459:segment1,90,10,3.321928094887362,315.7894736842105,35.08771929824561,318.1088453260051,5833f780-308c-41c8-947c-f8b38a7cfc05,1,8,1,854.5274084387548,659.0539449074066,1033.9162758275409,399.1643030462519,863,649,61322.699999928474,1027,409,61754.699999928474,432,true,true,0,1027,409,432,0,completed,,,2026-09-26T08:05:27.366Z,2026-09-26T08:05:27.798Z,2026-09-26T08:05:27.798Z,,328,61318.8
1.2.0,6cafcd86-5c31-46a7-83e8-471788f2c459,P002,pilot,pointing-pilot-selected-208-post104-continuous-v4,6f01dd8e6afd67eb78b863696a810bcbdbe09d09487ab1b75dcf1e8e4cb7d335,,"[""C2"",""C3""]",training,C2,1,s3,3,12,38,38,38,37,37,6cafcd86-5c31-46a7-83e8-471788f2c459:s3:t12,6cafcd86-5c31-46a7-83e8-471788f2c459:s3:t12:a1,1,6cafcd86-5c31-46a7-83e8-471788f2c459:segment1,90,10,3.321928094887362,315.7894736842105,35.08771929824561,318.1088453260051,5833f780-308c-41c8-947c-f8b38a7cfc05,1,1,7,1033.9162758275409,399.1643030462519,921.9357851825296,694.4325902100671,1027,409,61754.699999928474,918,708,62217.5,462.8000000715256,true,true,0,918,708,462.8000000715256,0,completed,,,2026-09-26T08:05:27.798Z,2026-09-26T08:05:28.261Z,2026-09-26T08:05:28.261Z,,317,61755.1
1.2.0,6cafcd86-5c31-46a7-83e8-471788f2c459,P002,pilot,pointing-pilot-selected-208-post104-continuous-v4,6f01dd8e6afd67eb78b863696a810bcbdbe09d09487ab1b75dcf1e8e4cb7d335,,"[""C2"",""C3""]",training,C2,1,s3,3,13,39,39,39,38,38,6cafcd86-5c31-46a7-83e8-471788f2c459:s3:t13,6cafcd86-5c31-46a7-83e8-471788f2c459:s3:t13:a1,1,6cafcd86-5c31-46a7-83e8-471788f2c459:segment1,90,10,3.321928094887362,315.7894736842105,35.08771929824561,318.1088453260051,5833f780-308c-41c8-947c-f8b38a7cfc05,1,7,0,921.9357851825296,694.4325902100671,960,380.9455773369974,918,708,62217.5,954,383,62836.799999952316,619.2999999523163,true,true,0,954,383,619.2999999523163,0,completed,,,2026-09-26T08:05:28.261Z,2026-09-26T08:05:28.880Z,2026-09-26T08:05:28.880Z,,305,62221.9
1.2.0,6cafcd86-5c31-46a7-83e8-471788f2c459,P002,pilot,pointing-pilot-selected-208-post104-continuous-v4,6f01dd8e6afd67eb78b863696a810bcbdbe09d09487ab1b75dcf1e8e4cb7d335,,"[""C2"",""C3""]",training,C2,1,s4,4,1,40,40,40,39,39,6cafcd86-5c31-46a7-83e8-471788f2c459:s4:t1,6cafcd86-5c31-46a7-83e8-471788f2c459:s4:t1:a1,1,6cafcd86-5c31-46a7-83e8-471788f2c459:segment1,90,10,3.321928094887362,315.7894736842105,35.08771929824561,318.1088453260051,5833f780-308c-41c8-947c-f8b38a7cfc05,1,0,6,960,380.9455773369974,998.0642148174704,694.4325902100671,954,383,62836.799999952316,1001,686,63379.10000002384,542.3000000715256,true,true,0,1001,686,542.3000000715256,0,completed,,,2026-09-26T08:05:28.880Z,2026-09-26T08:05:29.422Z,2026-09-26T08:05:29.422Z,,328,62833.9
1.2.0,6cafcd86-5c31-46a7-83e8-471788f2c459,P002,pilot,pointing-pilot-selected-208-post104-continuous-v4,6f01dd8e6afd67eb78b863696a810bcbdbe09d09487ab1b75dcf1e8e4cb7d335,,"[""C2"",""C3""]",training,C2,1,s4,4,2,41,41,41,40,40,6cafcd86-5c31-46a7-83e8-471788f2c459:s4:t2,6cafcd86-5c31-46a7-83e8-471788f2c459:s4:t2:a1,1,6cafcd86-5c31-46a7-83e8-471788f2c459:segment1,90,10,3.321928094887362,315.7894736842105,35.08771929824561,318.1088453260051,5833f780-308c-41c8-947c-f8b38a7cfc05,1,6,12,998.0642148174704,694.4325902100671,886.0837241724593,399.1643030462519,1001,686,63379.10000002384,880,375,63918.60000002384,539.5,false,true,1,892,399,941.5,402,completed,,,2026-09-26T08:05:29.422Z,2026-09-26T08:05:29.962Z,2026-09-26T08:05:30.364Z,,542,63376.332
1.2.0,6cafcd86-5c31-46a7-83e8-471788f2c459,P002,pilot,pointing-pilot-selected-208-post104-continuous-v4,6f01dd8e6afd67eb78b863696a810bcbdbe09d09487ab1b75dcf1e8e4cb7d335,,"[""C2"",""C3""]",training,C2,1,s4,4,3,42,42,42,41,41,6cafcd86-5c31-46a7-83e8-471788f2c459:s4:t3,6cafcd86-5c31-46a7-83e8-471788f2c459:s4:t3:a1,1,6cafcd86-5c31-46a7-83e8-471788f2c459:segment1,90,10,3.321928094887362,315.7894736842105,35.08771929824561,318.1088453260051,5833f780-308c-41c8-947c-f8b38a7cfc05,1,12,5,886.0837241724593,399.1643030462519,1065.4725915612453,659.0539449074066,892,399,64320.60000002384,1068,670,64852.699999928474,532.0999999046326,true,true,0,1068,670,532.0999999046326,0,completed,,,2026-09-26T08:05:30.364Z,2026-09-26T08:05:30.896Z,2026-09-26T08:05:30.896Z,,360,64318.8
1.2.0,6cafcd86-5c31-46a7-83e8-471788f2c459,P002,pilot,pointing-pilot-selected-208-post104-continuous-v4,6f01dd8e6afd67eb78b863696a810bcbdbe09d09487ab1b75dcf1e8e4cb7d335,,"[""C2"",""C3""]",training,C2,1,s4,4,4,43,43,43,42,42,6cafcd86-5c31-46a7-83e8-471788f2c459:s4:t4,6cafcd86-5c31-46a7-83e8-471788f2c459:s4:t4:a1,1,6cafcd86-5c31-46a7-83e8-471788f2c459:segment1,90,10,3.321928094887362,315.7894736842105,35.08771929824561,318.1088453260051,5833f780-308c-41c8-947c-f8b38a7cfc05,1,5,11,1065.4725915612453,659.0539449074066,829.1007763493185,449.6467896734714,1068,670,64852.699999928474,834,431,65387,534.3000000715256,false,true,1,831,445,1379,844.6999999284744,completed,,,2026-09-26T08:05:30.896Z,2026-09-26T08:05:31.430Z,2026-09-26T08:05:32.275Z,,1054,64852.2
1.2.0,6cafcd86-5c31-46a7-83e8-471788f2c459,P002,pilot,pointing-pilot-selected-208-post104-continuous-v4,6f01dd8e6afd67eb78b863696a810bcbdbe09d09487ab1b75dcf1e8e4cb7d335,,"[""C2"",""C3""]",training,C2,1,s4,4,5,44,44,44,43,43,6cafcd86-5c31-46a7-83e8-471788f2c459:s4:t5,6cafcd86-5c31-46a7-83e8-471788f2c459:s4:t5:a1,1,6cafcd86-5c31-46a7-83e8-471788f2c459:segment1,90,10,3.321928094887362,315.7894736842105,35.08771929824561,318.1088453260051,5833f780-308c-41c8-947c-f8b38a7cfc05,1,11,4,829.1007763493185,449.6467896734714,1108.7184686608584,596.4014755820297,831,445,66231.69999992847,1104,600,66794.29999995232,562.6000000238419,true,true,0,1104,600,562.6000000238419,0,completed,,,2026-09-26T08:05:32.275Z,2026-09-26T08:05:32.837Z,2026-09-26T08:05:32.837Z,,348,66227.9
1.2.0,6cafcd86-5c31-46a7-83e8-471788f2c459,P002,pilot,pointing-pilot-selected-208-post104-continuous-v4,6f01dd8e6afd67eb78b863696a810bcbdbe09d09487ab1b75dcf1e8e4cb7d335,,"[""C2"",""C3""]",training,C2,1,s4,4,6,45,45,45,44,44,6cafcd86-5c31-46a7-83e8-471788f2c459:s4:t6,6cafcd86-5c31-46a7-83e8-471788f2c459:s4:t6:a1,1,6cafcd86-5c31-46a7-83e8-471788f2c459:segment1,90,10,3.321928094887362,315.7894736842105,35.08771929824561,318.1088453260051,5833f780-308c-41c8-947c-f8b38a7cfc05,1,4,10,1108.7184686608584,596.4014755820297,802.1052631578948,520.8281079122746,1104,600,66794.29999995232,805,513,67342.5,548.2000000476837,true,true,0,805,513,548.2000000476837,0,completed,,,2026-09-26T08:05:32.837Z,2026-09-26T08:05:33.386Z,2026-09-26T08:05:33.386Z,,312,66791.5
1.2.0,6cafcd86-5c31-46a7-83e8-471788f2c459,P002,pilot,pointing-pilot-selected-208-post104-continuous-v4,6f01dd8e6afd67eb78b863696a810bcbdbe09d09487ab1b75dcf1e8e4cb7d335,,"[""C2"",""C3""]",training,C2,1,s4,4,7,46,46,46,45,45,6cafcd86-5c31-46a7-83e8-471788f2c459:s4:t7,6cafcd86-5c31-46a7-83e8-471788f2c459:s4:t7:a1,1,6cafcd86-5c31-46a7-83e8-471788f2c459:segment1,90,10,3.321928094887362,315.7894736842105,35.08771929824561,318.1088453260051,5833f780-308c-41c8-947c-f8b38a7cfc05,1,10,3,802.1052631578948,520.8281079122746,1117.8947368421052,520.8281079122746,805,513,67342.5,1120,506,67864.69999992847,522.1999999284744,true,true,0,1120,506,522.1999999284744,0,completed,,,2026-09-26T08:05:33.386Z,2026-09-26T08:05:33.908Z,2026-09-26T08:05:33.908Z,,276,67337
1.2.0,6cafcd86-5c31-46a7-83e8-471788f2c459,P002,pilot,pointing-pilot-selected-208-post104-continuous-v4,6f01dd8e6afd67eb78b863696a810bcbdbe09d09487ab1b75dcf1e8e4cb7d335,,"[""C2"",""C3""]",training,C2,1,s4,4,8,47,47,47,46,46,6cafcd86-5c31-46a7-83e8-471788f2c459:s4:t8,6cafcd86-5c31-46a7-83e8-471788f2c459:s4:t8:a1,1,6cafcd86-5c31-46a7-83e8-471788f2c459:segment1,90,10,3.321928094887362,315.7894736842105,35.08771929824561,318.1088453260051,5833f780-308c-41c8-947c-f8b38a7cfc05,1,3,9,1117.8947368421052,520.8281079122746,811.2815313391415,596.4014755820298,1120,506,67864.69999992847,801,616,68353.5,488.8000000715256,false,true,1,814,594,861.4000000953674,372.60000002384186,completed,,,2026-09-26T08:05:33.908Z,2026-09-26T08:05:34.397Z,2026-09-26T08:05:34.769Z,,398,67864.2
1.2.0,6cafcd86-5c31-46a7-83e8-471788f2c459,P002,pilot,pointing-pilot-selected-208-post104-continuous-v4,6f01dd8e6afd67eb78b863696a810bcbdbe09d09487ab1b75dcf1e8e4cb7d335,,"[""C2"",""C3""]",training,C2,1,s4,4,9,48,48,48,47,47,6cafcd86-5c31-46a7-83e8-471788f2c459:s4:t9,6cafcd86-5c31-46a7-83e8-471788f2c459:s4:t9:a1,1,6cafcd86-5c31-46a7-83e8-471788f2c459:segment1,90,10,3.321928094887362,315.7894736842105,35.08771929824561,318.1088453260051,5833f780-308c-41c8-947c-f8b38a7cfc05,1,9,2,811.2815313391415,596.4014755820298,1090.8992236506815,449.64678967347123,814,594,68726.10000002384,1087,439,69221.29999995232,495.1999999284744,true,true,0,1087,439,495.1999999284744,0,completed,,,2026-09-26T08:05:34.769Z,2026-09-26T08:05:35.264Z,2026-09-26T08:05:35.264Z,,345,68724.8
1.2.0,6cafcd86-5c31-46a7-83e8-471788f2c459,P002,pilot,pointing-pilot-selected-208-post104-continuous-v4,6f01dd8e6afd67eb78b863696a810bcbdbe09d09487ab1b75dcf1e8e4cb7d335,,"[""C2"",""C3""]",training,C2,1,s4,4,10,49,49,49,48,48,6cafcd86-5c31-46a7-83e8-471788f2c459:s4:t10,6cafcd86-5c31-46a7-83e8-471788f2c459:s4:t10:a1,1,6cafcd86-5c31-46a7-83e8-471788f2c459:segment1,90,10,3.321928094887362,315.7894736842105,35.08771929824561,318.1088453260051,5833f780-308c-41c8-947c-f8b38a7cfc05,1,2,8,1090.8992236506815,449.64678967347123,854.5274084387548,659.0539449074066,1087,439,69221.29999995232,874,647,69702.89999997616,481.60000002384186,false,true,1,856,658,706,224.39999997615814,completed,,,2026-09-26T08:05:35.264Z,2026-09-26T08:05:35.746Z,2026-09-26T08:05:35.970Z,,362,69215.7
1.2.0,6cafcd86-5c31-46a7-83e8-471788f2c459,P002,pilot,pointing-pilot-selected-208-post104-continuous-v4,6f01dd8e6afd67eb78b863696a810bcbdbe09d09487ab1b75dcf1e8e4cb7d335,,"[""C2"",""C3""]",training,C2,1,s4,4,11,50,50,50,49,49,6cafcd86-5c31-46a7-83e8-471788f2c459:s4:t11,6cafcd86-5c31-46a7-83e8-471788f2c459:s4:t11:a1,1,6cafcd86-5c31-46a7-83e8-471788f2c459:segment1,90,10,3.321928094887362,315.7894736842105,35.08771929824561,318.1088453260051,5833f780-308c-41c8-947c-f8b38a7cfc05,1,8,1,854.5274084387548,659.0539449074066,1033.9162758275409,399.1643030462519,856,658,69927.29999995232,1033,404,70370.29999995232,443,true,true,0,1033,404,443,0,completed,,,2026-09-26T08:05:35.970Z,2026-09-26T08:05:36.413Z,2026-09-26T08:05:36.413Z,,380,69930.9
1.2.0,6cafcd86-5c31-46a7-83e8-471788f2c459,P002,pilot,pointing-pilot-selected-208-post104-continuous-v4,6f01dd8e6afd67eb78b863696a810bcbdbe09d09487ab1b75dcf1e8e4cb7d335,,"[""C2"",""C3""]",training,C2,1,s4,4,12,51,51,51,50,50,6cafcd86-5c31-46a7-83e8-471788f2c459:s4:t12,6cafcd86-5c31-46a7-83e8-471788f2c459:s4:t12:a1,1,6cafcd86-5c31-46a7-83e8-471788f2c459:segment1,90,10,3.321928094887362,315.7894736842105,35.08771929824561,318.1088453260051,5833f780-308c-41c8-947c-f8b38a7cfc05,1,1,7,1033.9162758275409,399.1643030462519,921.9357851825296,694.4325902100671,1033,404,70370.29999995232,913,689,70848.29999995232,478,true,true,0,913,689,478,0,completed,,,2026-09-26T08:05:36.413Z,2026-09-26T08:05:36.891Z,2026-09-26T08:05:36.891Z,,348,70373.3
1.2.0,6cafcd86-5c31-46a7-83e8-471788f2c459,P002,pilot,pointing-pilot-selected-208-post104-continuous-v4,6f01dd8e6afd67eb78b863696a810bcbdbe09d09487ab1b75dcf1e8e4cb7d335,,"[""C2"",""C3""]",training,C2,1,s4,4,13,52,52,52,51,51,6cafcd86-5c31-46a7-83e8-471788f2c459:s4:t13,6cafcd86-5c31-46a7-83e8-471788f2c459:s4:t13:a1,1,6cafcd86-5c31-46a7-83e8-471788f2c459:segment1,90,10,3.321928094887362,315.7894736842105,35.08771929824561,318.1088453260051,5833f780-308c-41c8-947c-f8b38a7cfc05,1,7,0,921.9357851825296,694.4325902100671,960,380.9455773369974,913,689,70848.29999995232,956,377,71290.19999992847,441.89999997615814,true,true,0,956,377,441.89999997615814,0,completed,,,2026-09-26T08:05:36.891Z,2026-09-26T08:05:37.333Z,2026-09-26T08:05:37.333Z,,312,70852.1
1.2.0,6cafcd86-5c31-46a7-83e8-471788f2c459,P002,pilot,pointing-pilot-selected-208-post104-continuous-v4,6f01dd8e6afd67eb78b863696a810bcbdbe09d09487ab1b75dcf1e8e4cb7d335,,"[""C2"",""C3""]",training,C2,1,s5,5,1,53,53,53,52,52,6cafcd86-5c31-46a7-83e8-471788f2c459:s5:t1,6cafcd86-5c31-46a7-83e8-471788f2c459:s5:t1:a1,1,6cafcd86-5c31-46a7-83e8-471788f2c459:segment1,90,10,3.321928094887362,315.7894736842105,35.08771929824561,318.1088453260051,5833f780-308c-41c8-947c-f8b38a7cfc05,1,0,6,960,380.9455773369974,998.0642148174704,694.4325902100671,956,377,71290.19999992847,998,684,71756.39999997616,466.2000000476837,true,true,0,998,684,466.2000000476837,0,completed,,,2026-09-26T08:05:37.333Z,2026-09-26T08:05:37.800Z,2026-09-26T08:05:37.800Z,,302,71288.5
1.2.0,6cafcd86-5c31-46a7-83e8-471788f2c459,P002,pilot,pointing-pilot-selected-208-post104-continuous-v4,6f01dd8e6afd67eb78b863696a810bcbdbe09d09487ab1b75dcf1e8e4cb7d335,,"[""C2"",""C3""]",training,C2,1,s5,5,2,54,54,54,53,53,6cafcd86-5c31-46a7-83e8-471788f2c459:s5:t2,6cafcd86-5c31-46a7-83e8-471788f2c459:s5:t2:a1,1,6cafcd86-5c31-46a7-83e8-471788f2c459:segment1,90,10,3.321928094887362,315.7894736842105,35.08771929824561,318.1088453260051,5833f780-308c-41c8-947c-f8b38a7cfc05,1,6,12,998.0642148174704,694.4325902100671,886.0837241724593,399.1643030462519,998,684,71756.39999997616,878,405,72145.5,389.10000002384186,true,true,0,878,405,389.10000002384186,0,completed,,,2026-09-26T08:05:37.800Z,2026-09-26T08:05:38.189Z,2026-09-26T08:05:38.189Z,,284,71755.1
1.2.0,6cafcd86-5c31-46a7-83e8-471788f2c459,P002,pilot,pointing-pilot-selected-208-post104-continuous-v4,6f01dd8e6afd67eb78b863696a810bcbdbe09d09487ab1b75dcf1e8e4cb7d335,,"[""C2"",""C3""]",training,C2,1,s5,5,3,55,55,55,54,54,6cafcd86-5c31-46a7-83e8-471788f2c459:s5:t3,6cafcd86-5c31-46a7-83e8-471788f2c459:s5:t3:a1,1,6cafcd86-5c31-46a7-83e8-471788f2c459:segment1,90,10,3.321928094887362,315.7894736842105,35.08771929824561,318.1088453260051,5833f780-308c-41c8-947c-f8b38a7cfc05,1,12,5,886.0837241724593,399.1643030462519,1065.4725915612453,659.0539449074066,878,405,72145.5,1065,650,72603.39999997616,457.89999997615814,true,true,0,1065,650,457.89999997615814,0,completed,,,2026-09-26T08:05:38.189Z,2026-09-26T08:05:38.646Z,2026-09-26T08:05:38.646Z,,294,72145.996
1.2.0,6cafcd86-5c31-46a7-83e8-471788f2c459,P002,pilot,pointing-pilot-selected-208-post104-continuous-v4,6f01dd8e6afd67eb78b863696a810bcbdbe09d09487ab1b75dcf1e8e4cb7d335,,"[""C2"",""C3""]",training,C2,1,s5,5,4,56,56,56,55,55,6cafcd86-5c31-46a7-83e8-471788f2c459:s5:t4,6cafcd86-5c31-46a7-83e8-471788f2c459:s5:t4:a1,1,6cafcd86-5c31-46a7-83e8-471788f2c459:segment1,90,10,3.321928094887362,315.7894736842105,35.08771929824561,318.1088453260051,5833f780-308c-41c8-947c-f8b38a7cfc05,1,5,11,1065.4725915612453,659.0539449074066,829.1007763493185,449.6467896734714,1065,650,72603.39999997616,841,446,73100.69999992847,497.2999999523163,true,true,0,841,446,497.2999999523163,0,completed,,,2026-09-26T08:05:38.646Z,2026-09-26T08:05:39.144Z,2026-09-26T08:05:39.144Z,,335,72603.6
1.2.0,6cafcd86-5c31-46a7-83e8-471788f2c459,P002,pilot,pointing-pilot-selected-208-post104-continuous-v4,6f01dd8e6afd67eb78b863696a810bcbdbe09d09487ab1b75dcf1e8e4cb7d335,,"[""C2"",""C3""]",training,C2,1,s5,5,5,57,57,57,56,56,6cafcd86-5c31-46a7-83e8-471788f2c459:s5:t5,6cafcd86-5c31-46a7-83e8-471788f2c459:s5:t5:a1,1,6cafcd86-5c31-46a7-83e8-471788f2c459:segment1,90,10,3.321928094887362,315.7894736842105,35.08771929824561,318.1088453260051,5833f780-308c-41c8-947c-f8b38a7cfc05,1,11,4,829.1007763493185,449.6467896734714,1108.7184686608584,596.4014755820297,841,446,73100.69999992847,1117,582,73717.10000002384,616.4000000953674,true,true,0,1117,582,616.4000000953674,0,completed,,,2026-09-26T08:05:39.144Z,2026-09-26T08:05:39.760Z,2026-09-26T08:05:39.760Z,,299,73108.5
1.2.0,6cafcd86-5c31-46a7-83e8-471788f2c459,P002,pilot,pointing-pilot-selected-208-post104-continuous-v4,6f01dd8e6afd67eb78b863696a810bcbdbe09d09487ab1b75dcf1e8e4cb7d335,,"[""C2"",""C3""]",training,C2,1,s5,5,6,58,58,58,57,57,6cafcd86-5c31-46a7-83e8-471788f2c459:s5:t6,6cafcd86-5c31-46a7-83e8-471788f2c459:s5:t6:a1,1,6cafcd86-5c31-46a7-83e8-471788f2c459:segment1,90,10,3.321928094887362,315.7894736842105,35.08771929824561,318.1088453260051,5833f780-308c-41c8-947c-f8b38a7cfc05,1,4,10,1108.7184686608584,596.4014755820297,802.1052631578948,520.8281079122746,1117,582,73717.10000002384,772,516,74105.5,388.39999997615814,false,true,1,786,520,619.6999999284744,231.29999995231628,completed,,,2026-09-26T08:05:39.760Z,2026-09-26T08:05:40.149Z,2026-09-26T08:05:40.380Z,,317,73718.8
1.2.0,6cafcd86-5c31-46a7-83e8-471788f2c459,P002,pilot,pointing-pilot-selected-208-post104-continuous-v4,6f01dd8e6afd67eb78b863696a810bcbdbe09d09487ab1b75dcf1e8e4cb7d335,,"[""C2"",""C3""]",training,C2,1,s5,5,7,59,59,59,58,58,6cafcd86-5c31-46a7-83e8-471788f2c459:s5:t7,6cafcd86-5c31-46a7-83e8-471788f2c459:s5:t7:a1,1,6cafcd86-5c31-46a7-83e8-471788f2c459:segment1,90,10,3.321928094887362,315.7894736842105,35.08771929824561,318.1088453260051,5833f780-308c-41c8-947c-f8b38a7cfc05,1,10,3,802.1052631578948,520.8281079122746,1117.8947368421052,520.8281079122746,786,520,74336.79999995232,1118,521,74880,543.2000000476837,true,true,0,1118,521,543.2000000476837,0,completed,,,2026-09-26T08:05:40.380Z,2026-09-26T08:05:40.923Z,2026-09-26T08:05:40.923Z,,270,74337
1.2.0,6cafcd86-5c31-46a7-83e8-471788f2c459,P002,pilot,pointing-pilot-selected-208-post104-continuous-v4,6f01dd8e6afd67eb78b863696a810bcbdbe09d09487ab1b75dcf1e8e4cb7d335,,"[""C2"",""C3""]",training,C2,1,s5,5,8,60,60,60,59,59,6cafcd86-5c31-46a7-83e8-471788f2c459:s5:t8,6cafcd86-5c31-46a7-83e8-471788f2c459:s5:t8:a1,1,6cafcd86-5c31-46a7-83e8-471788f2c459:segment1,90,10,3.321928094887362,315.7894736842105,35.08771929824561,318.1088453260051,5833f780-308c-41c8-947c-f8b38a7cfc05,1,3,9,1117.8947368421052,520.8281079122746,811.2815313391415,596.4014755820298,1118,521,74880,828,596,75286.60000002384,406.60000002384186,true,true,0,828,596,406.60000002384186,0,completed,,,2026-09-26T08:05:40.923Z,2026-09-26T08:05:41.330Z,2026-09-26T08:05:41.330Z,,280,74876.3
1.2.0,6cafcd86-5c31-46a7-83e8-471788f2c459,P002,pilot,pointing-pilot-selected-208-post104-continuous-v4,6f01dd8e6afd67eb78b863696a810bcbdbe09d09487ab1b75dcf1e8e4cb7d335,,"[""C2"",""C3""]",training,C2,1,s5,5,9,61,61,61,60,60,6cafcd86-5c31-46a7-83e8-471788f2c459:s5:t9,6cafcd86-5c31-46a7-83e8-471788f2c459:s5:t9:a1,1,6cafcd86-5c31-46a7-83e8-471788f2c459:segment1,90,10,3.321928094887362,315.7894736842105,35.08771929824561,318.1088453260051,5833f780-308c-41c8-947c-f8b38a7cfc05,1,9,2,811.2815313391415,596.4014755820298,1090.8992236506815,449.64678967347123,828,596,75286.60000002384,1096,460,75947.29999995232,660.6999999284744,true,true,0,1096,460,660.6999999284744,0,completed,,,2026-09-26T08:05:41.330Z,2026-09-26T08:05:41.990Z,2026-09-26T08:05:41.990Z,,290,75282.4
1.2.0,6cafcd86-5c31-46a7-83e8-471788f2c459,P002,pilot,pointing-pilot-selected-208-post104-continuous-v4,6f01dd8e6afd67eb78b863696a810bcbdbe09d09487ab1b75dcf1e8e4cb7d335,,"[""C2"",""C3""]",training,C2,1,s5,5,10,62,62,62,61,61,6cafcd86-5c31-46a7-83e8-471788f2c459:s5:t10,6cafcd86-5c31-46a7-83e8-471788f2c459:s5:t10:a1,1,6cafcd86-5c31-46a7-83e8-471788f2c459:segment1,90,10,3.321928094887362,315.7894736842105,35.08771929824561,318.1088453260051,5833f780-308c-41c8-947c-f8b38a7cfc05,1,2,8,1090.8992236506815,449.64678967347123,854.5274084387548,659.0539449074066,1096,460,75947.29999995232,850,651,76542.39999997616,595.1000000238419,true,true,0,850,651,595.1000000238419,0,completed,,,2026-09-26T08:05:41.990Z,2026-09-26T08:05:42.586Z,2026-09-26T08:05:42.586Z,,394,75944.498
1.2.0,6cafcd86-5c31-46a7-83e8-471788f2c459,P002,pilot,pointing-pilot-selected-208-post104-continuous-v4,6f01dd8e6afd67eb78b863696a810bcbdbe09d09487ab1b75dcf1e8e4cb7d335,,"[""C2"",""C3""]",training,C2,1,s5,5,11,63,63,63,62,62,6cafcd86-5c31-46a7-83e8-471788f2c459:s5:t11,6cafcd86-5c31-46a7-83e8-471788f2c459:s5:t11:a1,1,6cafcd86-5c31-46a7-83e8-471788f2c459:segment1,90,10,3.321928094887362,315.7894736842105,35.08771929824561,318.1088453260051,5833f780-308c-41c8-947c-f8b38a7cfc05,1,8,1,854.5274084387548,659.0539449074066,1033.9162758275409,399.1643030462519,850,651,76542.39999997616,1042,403,77003.29999995232,460.89999997615814,true,true,0,1042,403,460.89999997615814,0,completed,,,2026-09-26T08:05:42.586Z,2026-09-26T08:05:43.046Z,2026-09-26T08:05:43.046Z,,280,76536.9
1.2.0,6cafcd86-5c31-46a7-83e8-471788f2c459,P002,pilot,pointing-pilot-selected-208-post104-continuous-v4,6f01dd8e6afd67eb78b863696a810bcbdbe09d09487ab1b75dcf1e8e4cb7d335,,"[""C2"",""C3""]",training,C2,1,s5,5,12,64,64,64,63,63,6cafcd86-5c31-46a7-83e8-471788f2c459:s5:t12,6cafcd86-5c31-46a7-83e8-471788f2c459:s5:t12:a1,1,6cafcd86-5c31-46a7-83e8-471788f2c459:segment1,90,10,3.321928094887362,315.7894736842105,35.08771929824561,318.1088453260051,5833f780-308c-41c8-947c-f8b38a7cfc05,1,1,7,1033.9162758275409,399.1643030462519,921.9357851825296,694.4325902100671,1042,403,77003.29999995232,932,693,77408.69999992847,405.39999997615814,true,true,0,932,693,405.39999997615814,0,completed,,,2026-09-26T08:05:43.046Z,2026-09-26T08:05:43.452Z,2026-09-26T08:05:43.452Z,,304,76997.6
1.2.0,6cafcd86-5c31-46a7-83e8-471788f2c459,P002,pilot,pointing-pilot-selected-208-post104-continuous-v4,6f01dd8e6afd67eb78b863696a810bcbdbe09d09487ab1b75dcf1e8e4cb7d335,,"[""C2"",""C3""]",training,C2,1,s5,5,13,65,65,65,64,64,6cafcd86-5c31-46a7-83e8-471788f2c459:s5:t13,6cafcd86-5c31-46a7-83e8-471788f2c459:s5:t13:a1,1,6cafcd86-5c31-46a7-83e8-471788f2c459:segment1,90,10,3.321928094887362,315.7894736842105,35.08771929824561,318.1088453260051,5833f780-308c-41c8-947c-f8b38a7cfc05,1,7,0,921.9357851825296,694.4325902100671,960,380.9455773369974,932,693,77408.69999992847,971,392,77902.79999995232,494.10000002384186,true,true,0,971,392,494.10000002384186,0,completed,,,2026-09-26T08:05:43.452Z,2026-09-26T08:05:43.946Z,2026-09-26T08:05:43.946Z,,285,77403.5
1.2.0,6cafcd86-5c31-46a7-83e8-471788f2c459,P002,pilot,pointing-pilot-selected-208-post104-continuous-v4,6f01dd8e6afd67eb78b863696a810bcbdbe09d09487ab1b75dcf1e8e4cb7d335,,"[""C2"",""C3""]",training,C2,1,s6,6,1,66,66,66,65,65,6cafcd86-5c31-46a7-83e8-471788f2c459:s6:t1,6cafcd86-5c31-46a7-83e8-471788f2c459:s6:t1:a1,1,6cafcd86-5c31-46a7-83e8-471788f2c459:segment1,90,10,3.321928094887362,315.7894736842105,35.08771929824561,318.1088453260051,5833f780-308c-41c8-947c-f8b38a7cfc05,1,0,6,960,380.9455773369974,998.0642148174704,694.4325902100671,971,392,77902.79999995232,1002,673,78425.89999997616,523.1000000238419,false,true,2,997,685,1226.8999999761581,703.7999999523163,completed,,,2026-09-26T08:05:43.946Z,2026-09-26T08:05:44.469Z,2026-09-26T08:05:45.173Z,,611,77906.6
1.2.0,6cafcd86-5c31-46a7-83e8-471788f2c459,P002,pilot,pointing-pilot-selected-208-post104-continuous-v4,6f01dd8e6afd67eb78b863696a810bcbdbe09d09487ab1b75dcf1e8e4cb7d335,,"[""C2"",""C3""]",training,C2,1,s6,6,2,67,67,67,66,66,6cafcd86-5c31-46a7-83e8-471788f2c459:s6:t2,6cafcd86-5c31-46a7-83e8-471788f2c459:s6:t2:a1,1,6cafcd86-5c31-46a7-83e8-471788f2c459:segment1,90,10,3.321928094887362,315.7894736842105,35.08771929824561,318.1088453260051,5833f780-308c-41c8-947c-f8b38a7cfc05,1,6,12,998.0642148174704,694.4325902100671,886.0837241724593,399.1643030462519,997,685,79129.69999992847,877,392,79694.29999995232,564.6000000238419,true,true,0,877,392,564.6000000238419,0,completed,,,2026-09-26T08:05:45.173Z,2026-09-26T08:05:45.737Z,2026-09-26T08:05:45.737Z,,361,79124.7
1.2.0,6cafcd86-5c31-46a7-83e8-471788f2c459,P002,pilot,pointing-pilot-selected-208-post104-continuous-v4,6f01dd8e6afd67eb78b863696a810bcbdbe09d09487ab1b75dcf1e8e4cb7d335,,"[""C2"",""C3""]",training,C2,1,s6,6,3,68,68,68,67,67,6cafcd86-5c31-46a7-83e8-471788f2c459:s6:t3,6cafcd86-5c31-46a7-83e8-471788f2c459:s6:t3:a1,1,6cafcd86-5c31-46a7-83e8-471788f2c459:segment1,90,10,3.321928094887362,315.7894736842105,35.08771929824561,318.1088453260051,5833f780-308c-41c8-947c-f8b38a7cfc05,1,12,5,886.0837241724593,399.1643030462519,1065.4725915612453,659.0539449074066,877,392,79694.29999995232,1078,650,80269.89999997616,575.6000000238419,true,true,0,1078,650,575.6000000238419,0,completed,,,2026-09-26T08:05:45.737Z,2026-09-26T08:05:46.313Z,2026-09-26T08:05:46.313Z,,325,79688.5
1.2.0,6cafcd86-5c31-46a7-83e8-471788f2c459,P002,pilot,pointing-pilot-selected-208-post104-continuous-v4,6f01dd8e6afd67eb78b863696a810bcbdbe09d09487ab1b75dcf1e8e4cb7d335,,"[""C2"",""C3""]",training,C2,1,s6,6,4,69,69,69,68,68,6cafcd86-5c31-46a7-83e8-471788f2c459:s6:t4,6cafcd86-5c31-46a7-83e8-471788f2c459:s6:t4:a1,1,6cafcd86-5c31-46a7-83e8-471788f2c459:segment1,90,10,3.321928094887362,315.7894736842105,35.08771929824561,318.1088453260051,5833f780-308c-41c8-947c-f8b38a7cfc05,1,5,11,1065.4725915612453,659.0539449074066,829.1007763493185,449.6467896734714,1078,650,80269.89999997616,831,452,80743.79999995232,473.89999997615814,true,true,0,831,452,473.89999997615814,0,completed,,,2026-09-26T08:05:46.313Z,2026-09-26T08:05:46.787Z,2026-09-26T08:05:46.787Z,,349,80264.2
1.2.0,6cafcd86-5c31-46a7-83e8-471788f2c459,P002,pilot,pointing-pilot-selected-208-post104-continuous-v4,6f01dd8e6afd67eb78b863696a810bcbdbe09d09487ab1b75dcf1e8e4cb7d335,,"[""C2"",""C3""]",training,C2,1,s6,6,5,70,70,70,69,69,6cafcd86-5c31-46a7-83e8-471788f2c459:s6:t5,6cafcd86-5c31-46a7-83e8-471788f2c459:s6:t5:a1,1,6cafcd86-5c31-46a7-83e8-471788f2c459:segment1,90,10,3.321928094887362,315.7894736842105,35.08771929824561,318.1088453260051,5833f780-308c-41c8-947c-f8b38a7cfc05,1,11,4,829.1007763493185,449.6467896734714,1108.7184686608584,596.4014755820297,831,452,80743.79999995232,1115,605,81253.69999992847,509.89999997615814,true,true,0,1115,605,509.89999997615814,0,completed,,,2026-09-26T08:05:46.787Z,2026-09-26T08:05:47.297Z,2026-09-26T08:05:47.297Z,,326,80749
1.2.0,6cafcd86-5c31-46a7-83e8-471788f2c459,P002,pilot,pointing-pilot-selected-208-post104-continuous-v4,6f01dd8e6afd67eb78b863696a810bcbdbe09d09487ab1b75dcf1e8e4cb7d335,,"[""C2"",""C3""]",training,C2,1,s6,6,6,71,71,71,70,70,6cafcd86-5c31-46a7-83e8-471788f2c459:s6:t6,6cafcd86-5c31-46a7-83e8-471788f2c459:s6:t6:a1,1,6cafcd86-5c31-46a7-83e8-471788f2c459:segment1,90,10,3.321928094887362,315.7894736842105,35.08771929824561,318.1088453260051,5833f780-308c-41c8-947c-f8b38a7cfc05,1,4,10,1108.7184686608584,596.4014755820297,802.1052631578948,520.8281079122746,1115,605,81253.69999992847,800,518,81652.39999997616,398.7000000476837,true,true,0,800,518,398.7000000476837,0,completed,,,2026-09-26T08:05:47.297Z,2026-09-26T08:05:47.695Z,2026-09-26T08:05:47.695Z,,291,81252.1
1.2.0,6cafcd86-5c31-46a7-83e8-471788f2c459,P002,pilot,pointing-pilot-selected-208-post104-continuous-v4,6f01dd8e6afd67eb78b863696a810bcbdbe09d09487ab1b75dcf1e8e4cb7d335,,"[""C2"",""C3""]",training,C2,1,s6,6,7,72,72,72,71,71,6cafcd86-5c31-46a7-83e8-471788f2c459:s6:t7,6cafcd86-5c31-46a7-83e8-471788f2c459:s6:t7:a1,1,6cafcd86-5c31-46a7-83e8-471788f2c459:segment1,90,10,3.321928094887362,315.7894736842105,35.08771929824561,318.1088453260051,5833f780-308c-41c8-947c-f8b38a7cfc05,1,10,3,802.1052631578948,520.8281079122746,1117.8947368421052,520.8281079122746,800,518,81652.39999997616,1119,517,82142.29999995232,489.89999997615814,true,true,0,1119,517,489.89999997615814,0,completed,,,2026-09-26T08:05:47.695Z,2026-09-26T08:05:48.185Z,2026-09-26T08:05:48.185Z,,257,81652
1.2.0,6cafcd86-5c31-46a7-83e8-471788f2c459,P002,pilot,pointing-pilot-selected-208-post104-continuous-v4,6f01dd8e6afd67eb78b863696a810bcbdbe09d09487ab1b75dcf1e8e4cb7d335,,"[""C2"",""C3""]",training,C2,1,s6,6,8,73,73,73,72,72,6cafcd86-5c31-46a7-83e8-471788f2c459:s6:t8,6cafcd86-5c31-46a7-83e8-471788f2c459:s6:t8:a1,1,6cafcd86-5c31-46a7-83e8-471788f2c459:segment1,90,10,3.321928094887362,315.7894736842105,35.08771929824561,318.1088453260051,5833f780-308c-41c8-947c-f8b38a7cfc05,1,3,9,1117.8947368421052,520.8281079122746,811.2815313391415,596.4014755820298,1119,517,82142.29999995232,796,594,82547.79999995232,405.5,true,true,0,796,594,405.5,0,completed,,,2026-09-26T08:05:48.185Z,2026-09-26T08:05:48.591Z,2026-09-26T08:05:48.591Z,,296,82136.9
1.2.0,6cafcd86-5c31-46a7-83e8-471788f2c459,P002,pilot,pointing-pilot-selected-208-post104-continuous-v4,6f01dd8e6afd67eb78b863696a810bcbdbe09d09487ab1b75dcf1e8e4cb7d335,,"[""C2"",""C3""]",training,C2,1,s6,6,9,74,74,74,73,73,6cafcd86-5c31-46a7-83e8-471788f2c459:s6:t9,6cafcd86-5c31-46a7-83e8-471788f2c459:s6:t9:a1,1,6cafcd86-5c31-46a7-83e8-471788f2c459:segment1,90,10,3.321928094887362,315.7894736842105,35.08771929824561,318.1088453260051,5833f780-308c-41c8-947c-f8b38a7cfc05,1,9,2,811.2815313391415,596.4014755820298,1090.8992236506815,449.64678967347123,796,594,82547.79999995232,1094,439,83078.60000002384,530.8000000715256,true,true,0,1094,439,530.8000000715256,0,completed,,,2026-09-26T08:05:48.591Z,2026-09-26T08:05:49.122Z,2026-09-26T08:05:49.122Z,,345,82546.032
1.2.0,6cafcd86-5c31-46a7-83e8-471788f2c459,P002,pilot,pointing-pilot-selected-208-post104-continuous-v4,6f01dd8e6afd67eb78b863696a810bcbdbe09d09487ab1b75dcf1e8e4cb7d335,,"[""C2"",""C3""]",training,C2,1,s6,6,10,75,75,75,74,74,6cafcd86-5c31-46a7-83e8-471788f2c459:s6:t10,6cafcd86-5c31-46a7-83e8-471788f2c459:s6:t10:a1,1,6cafcd86-5c31-46a7-83e8-471788f2c459:segment1,90,10,3.321928094887362,315.7894736842105,35.08771929824561,318.1088453260051,5833f780-308c-41c8-947c-f8b38a7cfc05,1,2,8,1090.8992236506815,449.64678967347123,854.5274084387548,659.0539449074066,1094,439,83078.60000002384,863,652,83506.39999997616,427.7999999523163,true,true,0,863,652,427.7999999523163,0,completed,,,2026-09-26T08:05:49.122Z,2026-09-26T08:05:49.549Z,2026-09-26T08:05:49.549Z,,350,83077.898
1.2.0,6cafcd86-5c31-46a7-83e8-471788f2c459,P002,pilot,pointing-pilot-selected-208-post104-continuous-v4,6f01dd8e6afd67eb78b863696a810bcbdbe09d09487ab1b75dcf1e8e4cb7d335,,"[""C2"",""C3""]",training,C2,1,s6,6,11,76,76,76,75,75,6cafcd86-5c31-46a7-83e8-471788f2c459:s6:t11,6cafcd86-5c31-46a7-83e8-471788f2c459:s6:t11:a1,1,6cafcd86-5c31-46a7-83e8-471788f2c459:segment1,90,10,3.321928094887362,315.7894736842105,35.08771929824561,318.1088453260051,5833f780-308c-41c8-947c-f8b38a7cfc05,1,8,1,854.5274084387548,659.0539449074066,1033.9162758275409,399.1643030462519,863,652,83506.39999997616,1039,405,83938.29999995232,431.89999997615814,true,true,0,1039,405,431.89999997615814,0,completed,,,2026-09-26T08:05:49.549Z,2026-09-26T08:05:49.981Z,2026-09-26T08:05:49.981Z,,314,83500.5
1.2.0,6cafcd86-5c31-46a7-83e8-471788f2c459,P002,pilot,pointing-pilot-selected-208-post104-continuous-v4,6f01dd8e6afd67eb78b863696a810bcbdbe09d09487ab1b75dcf1e8e4cb7d335,,"[""C2"",""C3""]",training,C2,1,s6,6,12,77,77,77,76,76,6cafcd86-5c31-46a7-83e8-471788f2c459:s6:t12,6cafcd86-5c31-46a7-83e8-471788f2c459:s6:t12:a1,1,6cafcd86-5c31-46a7-83e8-471788f2c459:segment1,90,10,3.321928094887362,315.7894736842105,35.08771929824561,318.1088453260051,5833f780-308c-41c8-947c-f8b38a7cfc05,1,1,7,1033.9162758275409,399.1643030462519,921.9357851825296,694.4325902100671,1039,405,83938.29999995232,916,692,84557.29999995232,619,true,true,0,916,692,619,0,completed,,,2026-09-26T08:05:49.981Z,2026-09-26T08:05:50.600Z,2026-09-26T08:05:50.600Z,,356,83937
1.2.0,6cafcd86-5c31-46a7-83e8-471788f2c459,P002,pilot,pointing-pilot-selected-208-post104-continuous-v4,6f01dd8e6afd67eb78b863696a810bcbdbe09d09487ab1b75dcf1e8e4cb7d335,,"[""C2"",""C3""]",training,C2,1,s6,6,13,78,78,78,77,77,6cafcd86-5c31-46a7-83e8-471788f2c459:s6:t13,6cafcd86-5c31-46a7-83e8-471788f2c459:s6:t13:a1,1,6cafcd86-5c31-46a7-83e8-471788f2c459:segment1,90,10,3.321928094887362,315.7894736842105,35.08771929824561,318.1088453260051,5833f780-308c-41c8-947c-f8b38a7cfc05,1,7,0,921.9357851825296,694.4325902100671,960,380.9455773369974,916,692,84557.29999995232,955,365,84991.69999992847,434.39999997615814,true,true,0,955,365,434.39999997615814,0,completed,,,2026-09-26T08:05:50.600Z,2026-09-26T08:05:51.035Z,2026-09-26T08:05:51.035Z,,304,84558.132
1.2.0,6cafcd86-5c31-46a7-83e8-471788f2c459,P002,pilot,pointing-pilot-selected-208-post104-continuous-v4,6f01dd8e6afd67eb78b863696a810bcbdbe09d09487ab1b75dcf1e8e4cb7d335,,"[""C2"",""C3""]",training,C2,1,s7,7,1,79,79,79,78,78,6cafcd86-5c31-46a7-83e8-471788f2c459:s7:t1,6cafcd86-5c31-46a7-83e8-471788f2c459:s7:t1:a1,1,6cafcd86-5c31-46a7-83e8-471788f2c459:segment1,90,10,3.321928094887362,315.7894736842105,35.08771929824561,318.1088453260051,5833f780-308c-41c8-947c-f8b38a7cfc05,1,0,6,960,380.9455773369974,998.0642148174704,694.4325902100671,955,365,84991.69999992847,1002,685,85437.19999992847,445.5,true,true,0,1002,685,445.5,0,completed,,,2026-09-26T08:05:51.035Z,2026-09-26T08:05:51.480Z,2026-09-26T08:05:51.480Z,,309,84991.4
1.2.0,6cafcd86-5c31-46a7-83e8-471788f2c459,P002,pilot,pointing-pilot-selected-208-post104-continuous-v4,6f01dd8e6afd67eb78b863696a810bcbdbe09d09487ab1b75dcf1e8e4cb7d335,,"[""C2"",""C3""]",training,C2,1,s7,7,2,80,80,80,79,79,6cafcd86-5c31-46a7-83e8-471788f2c459:s7:t2,6cafcd86-5c31-46a7-83e8-471788f2c459:s7:t2:a1,1,6cafcd86-5c31-46a7-83e8-471788f2c459:segment1,90,10,3.321928094887362,315.7894736842105,35.08771929824561,318.1088453260051,5833f780-308c-41c8-947c-f8b38a7cfc05,1,6,12,998.0642148174704,694.4325902100671,886.0837241724593,399.1643030462519,1002,685,85437.19999992847,874,405,85823.5,386.3000000715256,true,true,0,874,405,386.3000000715256,0,completed,,,2026-09-26T08:05:51.480Z,2026-09-26T08:05:51.867Z,2026-09-26T08:05:51.867Z,,307,85433.9
1.2.0,6cafcd86-5c31-46a7-83e8-471788f2c459,P002,pilot,pointing-pilot-selected-208-post104-continuous-v4,6f01dd8e6afd67eb78b863696a810bcbdbe09d09487ab1b75dcf1e8e4cb7d335,,"[""C2"",""C3""]",training,C2,1,s7,7,3,81,81,81,80,80,6cafcd86-5c31-46a7-83e8-471788f2c459:s7:t3,6cafcd86-5c31-46a7-83e8-471788f2c459:s7:t3:a1,1,6cafcd86-5c31-46a7-83e8-471788f2c459:segment1,90,10,3.321928094887362,315.7894736842105,35.08771929824561,318.1088453260051,5833f780-308c-41c8-947c-f8b38a7cfc05,1,12,5,886.0837241724593,399.1643030462519,1065.4725915612453,659.0539449074066,874,405,85823.5,1066,669,86235.39999997616,411.89999997615814,true,true,0,1066,669,411.89999997615814,0,completed,,,2026-09-26T08:05:51.867Z,2026-09-26T08:05:52.278Z,2026-09-26T08:05:52.278Z,,340,85821.8
1.2.0,6cafcd86-5c31-46a7-83e8-471788f2c459,P002,pilot,pointing-pilot-selected-208-post104-continuous-v4,6f01dd8e6afd67eb78b863696a810bcbdbe09d09487ab1b75dcf1e8e4cb7d335,,"[""C2"",""C3""]",training,C2,1,s7,7,4,82,82,82,81,81,6cafcd86-5c31-46a7-83e8-471788f2c459:s7:t4,6cafcd86-5c31-46a7-83e8-471788f2c459:s7:t4:a1,1,6cafcd86-5c31-46a7-83e8-471788f2c459:segment1,90,10,3.321928094887362,315.7894736842105,35.08771929824561,318.1088453260051,5833f780-308c-41c8-947c-f8b38a7cfc05,1,5,11,1065.4725915612453,659.0539449074066,829.1007763493185,449.6467896734714,1066,669,86235.39999997616,835,446,86807.60000002384,572.2000000476837,true,true,0,835,446,572.2000000476837,0,completed,,,2026-09-26T08:05:52.278Z,2026-09-26T08:05:52.851Z,2026-09-26T08:05:52.851Z,,339,86233.9
1.2.0,6cafcd86-5c31-46a7-83e8-471788f2c459,P002,pilot,pointing-pilot-selected-208-post104-continuous-v4,6f01dd8e6afd67eb78b863696a810bcbdbe09d09487ab1b75dcf1e8e4cb7d335,,"[""C2"",""C3""]",training,C2,1,s7,7,5,83,83,83,82,82,6cafcd86-5c31-46a7-83e8-471788f2c459:s7:t5,6cafcd86-5c31-46a7-83e8-471788f2c459:s7:t5:a1,1,6cafcd86-5c31-46a7-83e8-471788f2c459:segment1,90,10,3.321928094887362,315.7894736842105,35.08771929824561,318.1088453260051,5833f780-308c-41c8-947c-f8b38a7cfc05,1,11,4,829.1007763493185,449.6467896734714,1108.7184686608584,596.4014755820297,835,446,86807.60000002384,1117,596,87345.60000002384,538,true,true,0,1117,596,538,0,completed,,,2026-09-26T08:05:52.851Z,2026-09-26T08:05:53.389Z,2026-09-26T08:05:53.389Z,,362,86803.6
1.2.0,6cafcd86-5c31-46a7-83e8-471788f2c459,P002,pilot,pointing-pilot-selected-208-post104-continuous-v4,6f01dd8e6afd67eb78b863696a810bcbdbe09d09487ab1b75dcf1e8e4cb7d335,,"[""C2"",""C3""]",training,C2,1,s7,7,6,84,84,84,83,83,6cafcd86-5c31-46a7-83e8-471788f2c459:s7:t6,6cafcd86-5c31-46a7-83e8-471788f2c459:s7:t6:a1,1,6cafcd86-5c31-46a7-83e8-471788f2c459:segment1,90,10,3.321928094887362,315.7894736842105,35.08771929824561,318.1088453260051,5833f780-308c-41c8-947c-f8b38a7cfc05,1,4,10,1108.7184686608584,596.4014755820297,802.1052631578948,520.8281079122746,1117,596,87345.60000002384,813,525,87728.10000002384,382.5,true,true,0,813,525,382.5,0,completed,,,2026-09-26T08:05:53.389Z,2026-09-26T08:05:53.771Z,2026-09-26T08:05:53.771Z,,258,87342.9
1.2.0,6cafcd86-5c31-46a7-83e8-471788f2c459,P002,pilot,pointing-pilot-selected-208-post104-continuous-v4,6f01dd8e6afd67eb78b863696a810bcbdbe09d09487ab1b75dcf1e8e4cb7d335,,"[""C2"",""C3""]",training,C2,1,s7,7,7,85,85,85,84,84,6cafcd86-5c31-46a7-83e8-471788f2c459:s7:t7,6cafcd86-5c31-46a7-83e8-471788f2c459:s7:t7:a1,1,6cafcd86-5c31-46a7-83e8-471788f2c459:segment1,90,10,3.321928094887362,315.7894736842105,35.08771929824561,318.1088453260051,5833f780-308c-41c8-947c-f8b38a7cfc05,1,10,3,802.1052631578948,520.8281079122746,1117.8947368421052,520.8281079122746,813,525,87728.10000002384,1111,511,88138.69999992847,410.59999990463257,true,true,0,1111,511,410.59999990463257,0,completed,,,2026-09-26T08:05:53.771Z,2026-09-26T08:05:54.182Z,2026-09-26T08:05:54.182Z,,232,87724.8
1.2.0,6cafcd86-5c31-46a7-83e8-471788f2c459,P002,pilot,pointing-pilot-selected-208-post104-continuous-v4,6f01dd8e6afd67eb78b863696a810bcbdbe09d09487ab1b75dcf1e8e4cb7d335,,"[""C2"",""C3""]",training,C2,1,s7,7,8,86,86,86,85,85,6cafcd86-5c31-46a7-83e8-471788f2c459:s7:t8,6cafcd86-5c31-46a7-83e8-471788f2c459:s7:t8:a1,1,6cafcd86-5c31-46a7-83e8-471788f2c459:segment1,90,10,3.321928094887362,315.7894736842105,35.08771929824561,318.1088453260051,5833f780-308c-41c8-947c-f8b38a7cfc05,1,3,9,1117.8947368421052,520.8281079122746,811.2815313391415,596.4014755820298,1111,511,88138.69999992847,809,591,88544.5,405.8000000715256,true,true,0,809,591,405.8000000715256,0,completed,,,2026-09-26T08:05:54.182Z,2026-09-26T08:05:54.588Z,2026-09-26T08:05:54.588Z,,322,88139.896
1.2.0,6cafcd86-5c31-46a7-83e8-471788f2c459,P002,pilot,pointing-pilot-selected-208-post104-continuous-v4,6f01dd8e6afd67eb78b863696a810bcbdbe09d09487ab1b75dcf1e8e4cb7d335,,"[""C2"",""C3""]",training,C2,1,s7,7,9,87,87,87,86,86,6cafcd86-5c31-46a7-83e8-471788f2c459:s7:t9,6cafcd86-5c31-46a7-83e8-471788f2c459:s7:t9:a1,1,6cafcd86-5c31-46a7-83e8-471788f2c459:segment1,90,10,3.321928094887362,315.7894736842105,35.08771929824561,318.1088453260051,5833f780-308c-41c8-947c-f8b38a7cfc05,1,9,2,811.2815313391415,596.4014755820298,1090.8992236506815,449.64678967347123,809,591,88544.5,1088,447,88942.39999997616,397.89999997615814,true,true,0,1088,447,397.89999997615814,0,completed,,,2026-09-26T08:05:54.588Z,2026-09-26T08:05:54.986Z,2026-09-26T08:05:54.986Z,,278,88549
1.2.0,6cafcd86-5c31-46a7-83e8-471788f2c459,P002,pilot,pointing-pilot-selected-208-post104-continuous-v4,6f01dd8e6afd67eb78b863696a810bcbdbe09d09487ab1b75dcf1e8e4cb7d335,,"[""C2"",""C3""]",training,C2,1,s7,7,10,88,88,88,87,87,6cafcd86-5c31-46a7-83e8-471788f2c459:s7:t10,6cafcd86-5c31-46a7-83e8-471788f2c459:s7:t10:a1,1,6cafcd86-5c31-46a7-83e8-471788f2c459:segment1,90,10,3.321928094887362,315.7894736842105,35.08771929824561,318.1088453260051,5833f780-308c-41c8-947c-f8b38a7cfc05,1,2,8,1090.8992236506815,449.64678967347123,854.5274084387548,659.0539449074066,1088,447,88942.39999997616,868,662,89400.39999997616,458,true,true,0,868,662,458,0,completed,,,2026-09-26T08:05:54.986Z,2026-09-26T08:05:55.444Z,2026-09-26T08:05:55.444Z,,361,88936.9
1.2.0,6cafcd86-5c31-46a7-83e8-471788f2c459,P002,pilot,pointing-pilot-selected-208-post104-continuous-v4,6f01dd8e6afd67eb78b863696a810bcbdbe09d09487ab1b75dcf1e8e4cb7d335,,"[""C2"",""C3""]",training,C2,1,s7,7,11,89,89,89,88,88,6cafcd86-5c31-46a7-83e8-471788f2c459:s7:t11,6cafcd86-5c31-46a7-83e8-471788f2c459:s7:t11:a1,1,6cafcd86-5c31-46a7-83e8-471788f2c459:segment1,90,10,3.321928094887362,315.7894736842105,35.08771929824561,318.1088453260051,5833f780-308c-41c8-947c-f8b38a7cfc05,1,8,1,854.5274084387548,659.0539449074066,1033.9162758275409,399.1643030462519,868,662,89400.39999997616,1051,404,89863.89999997616,463.5,false,true,1,1036,401,856.1000000238419,392.60000002384186,completed,,,2026-09-26T08:05:55.444Z,2026-09-26T08:05:55.907Z,2026-09-26T08:05:56.300Z,,593,89398.998
1.2.0,6cafcd86-5c31-46a7-83e8-471788f2c459,P002,pilot,pointing-pilot-selected-208-post104-continuous-v4,6f01dd8e6afd67eb78b863696a810bcbdbe09d09487ab1b75dcf1e8e4cb7d335,,"[""C2"",""C3""]",training,C2,1,s7,7,12,90,90,90,89,89,6cafcd86-5c31-46a7-83e8-471788f2c459:s7:t12,6cafcd86-5c31-46a7-83e8-471788f2c459:s7:t12:a1,1,6cafcd86-5c31-46a7-83e8-471788f2c459:segment1,90,10,3.321928094887362,315.7894736842105,35.08771929824561,318.1088453260051,5833f780-308c-41c8-947c-f8b38a7cfc05,1,1,7,1033.9162758275409,399.1643030462519,921.9357851825296,694.4325902100671,1036,401,90256.5,902,721,90661.5,405,false,true,1,919,691,576.8999999761581,171.89999997615814,completed,,,2026-09-26T08:05:56.300Z,2026-09-26T08:05:56.705Z,2026-09-26T08:05:56.876Z,,402,90252
1.2.0,6cafcd86-5c31-46a7-83e8-471788f2c459,P002,pilot,pointing-pilot-selected-208-post104-continuous-v4,6f01dd8e6afd67eb78b863696a810bcbdbe09d09487ab1b75dcf1e8e4cb7d335,,"[""C2"",""C3""]",training,C2,1,s7,7,13,91,91,91,90,90,6cafcd86-5c31-46a7-83e8-471788f2c459:s7:t13,6cafcd86-5c31-46a7-83e8-471788f2c459:s7:t13:a1,1,6cafcd86-5c31-46a7-83e8-471788f2c459:segment1,90,10,3.321928094887362,315.7894736842105,35.08771929824561,318.1088453260051,5833f780-308c-41c8-947c-f8b38a7cfc05,1,7,0,921.9357851825296,694.4325902100671,960,380.9455773369974,919,691,90833.39999997616,964,386,91264.69999992847,431.2999999523163,true,true,0,964,386,431.2999999523163,0,completed,,,2026-09-26T08:05:56.876Z,2026-09-26T08:05:57.308Z,2026-09-26T08:05:57.308Z,,292,90827.7
1.2.0,6cafcd86-5c31-46a7-83e8-471788f2c459,P002,pilot,pointing-pilot-selected-208-post104-continuous-v4,6f01dd8e6afd67eb78b863696a810bcbdbe09d09487ab1b75dcf1e8e4cb7d335,,"[""C2"",""C3""]",training,C2,1,s8,8,1,92,92,92,91,91,6cafcd86-5c31-46a7-83e8-471788f2c459:s8:t1,6cafcd86-5c31-46a7-83e8-471788f2c459:s8:t1:a1,1,6cafcd86-5c31-46a7-83e8-471788f2c459:segment1,90,10,3.321928094887362,315.7894736842105,35.08771929824561,318.1088453260051,5833f780-308c-41c8-947c-f8b38a7cfc05,1,0,6,960,380.9455773369974,998.0642148174704,694.4325902100671,964,386,91264.69999992847,1004,686,91703.19999992847,438.5,true,true,0,1004,686,438.5,0,completed,,,2026-09-26T08:05:57.308Z,2026-09-26T08:05:57.746Z,2026-09-26T08:05:57.746Z,,330,91270.2
1.2.0,6cafcd86-5c31-46a7-83e8-471788f2c459,P002,pilot,pointing-pilot-selected-208-post104-continuous-v4,6f01dd8e6afd67eb78b863696a810bcbdbe09d09487ab1b75dcf1e8e4cb7d335,,"[""C2"",""C3""]",training,C2,1,s8,8,2,93,93,93,92,92,6cafcd86-5c31-46a7-83e8-471788f2c459:s8:t2,6cafcd86-5c31-46a7-83e8-471788f2c459:s8:t2:a1,1,6cafcd86-5c31-46a7-83e8-471788f2c459:segment1,90,10,3.321928094887362,315.7894736842105,35.08771929824561,318.1088453260051,5833f780-308c-41c8-947c-f8b38a7cfc05,1,6,12,998.0642148174704,694.4325902100671,886.0837241724593,399.1643030462519,1004,686,91703.19999992847,872,400,92063.89999997616,360.7000000476837,true,true,0,872,400,360.7000000476837,0,completed,,,2026-09-26T08:05:57.746Z,2026-09-26T08:05:58.107Z,2026-09-26T08:05:58.107Z,,284,91700.5
1.2.0,6cafcd86-5c31-46a7-83e8-471788f2c459,P002,pilot,pointing-pilot-selected-208-post104-continuous-v4,6f01dd8e6afd67eb78b863696a810bcbdbe09d09487ab1b75dcf1e8e4cb7d335,,"[""C2"",""C3""]",training,C2,1,s8,8,3,94,94,94,93,93,6cafcd86-5c31-46a7-83e8-471788f2c459:s8:t3,6cafcd86-5c31-46a7-83e8-471788f2c459:s8:t3:a1,1,6cafcd86-5c31-46a7-83e8-471788f2c459:segment1,90,10,3.321928094887362,315.7894736842105,35.08771929824561,318.1088453260051,5833f780-308c-41c8-947c-f8b38a7cfc05,1,12,5,886.0837241724593,399.1643030462519,1065.4725915612453,659.0539449074066,872,400,92063.89999997616,1060,659,92531.69999992847,467.7999999523163,true,true,0,1060,659,467.7999999523163,0,completed,,,2026-09-26T08:05:58.107Z,2026-09-26T08:05:58.575Z,2026-09-26T08:05:58.575Z,,357,92064.1
1.2.0,6cafcd86-5c31-46a7-83e8-471788f2c459,P002,pilot,pointing-pilot-selected-208-post104-continuous-v4,6f01dd8e6afd67eb78b863696a810bcbdbe09d09487ab1b75dcf1e8e4cb7d335,,"[""C2"",""C3""]",training,C2,1,s8,8,4,95,95,95,94,94,6cafcd86-5c31-46a7-83e8-471788f2c459:s8:t4,6cafcd86-5c31-46a7-83e8-471788f2c459:s8:t4:a1,1,6cafcd86-5c31-46a7-83e8-471788f2c459:segment1,90,10,3.321928094887362,315.7894736842105,35.08771929824561,318.1088453260051,5833f780-308c-41c8-947c-f8b38a7cfc05,1,5,11,1065.4725915612453,659.0539449074066,829.1007763493185,449.6467896734714,1060,659,92531.69999992847,806,435,92923.69999992847,392,false,true,1,831,451,619.1000000238419,227.10000002384186,completed,,,2026-09-26T08:05:58.575Z,2026-09-26T08:05:58.967Z,2026-09-26T08:05:59.194Z,,394,92530.8
1.2.0,6cafcd86-5c31-46a7-83e8-471788f2c459,P002,pilot,pointing-pilot-selected-208-post104-continuous-v4,6f01dd8e6afd67eb78b863696a810bcbdbe09d09487ab1b75dcf1e8e4cb7d335,,"[""C2"",""C3""]",training,C2,1,s8,8,5,96,96,96,95,95,6cafcd86-5c31-46a7-83e8-471788f2c459:s8:t5,6cafcd86-5c31-46a7-83e8-471788f2c459:s8:t5:a1,1,6cafcd86-5c31-46a7-83e8-471788f2c459:segment1,90,10,3.321928094887362,315.7894736842105,35.08771929824561,318.1088453260051,5833f780-308c-41c8-947c-f8b38a7cfc05,1,11,4,829.1007763493185,449.6467896734714,1108.7184686608584,596.4014755820297,831,451,93150.79999995232,1120,599,93674.5,523.7000000476837,true,true,0,1120,599,523.7000000476837,0,completed,,,2026-09-26T08:05:59.194Z,2026-09-26T08:05:59.718Z,2026-09-26T08:05:59.718Z,,323,93149
1.2.0,6cafcd86-5c31-46a7-83e8-471788f2c459,P002,pilot,pointing-pilot-selected-208-post104-continuous-v4,6f01dd8e6afd67eb78b863696a810bcbdbe09d09487ab1b75dcf1e8e4cb7d335,,"[""C2"",""C3""]",training,C2,1,s8,8,6,97,97,97,96,96,6cafcd86-5c31-46a7-83e8-471788f2c459:s8:t6,6cafcd86-5c31-46a7-83e8-471788f2c459:s8:t6:a1,1,6cafcd86-5c31-46a7-83e8-471788f2c459:segment1,90,10,3.321928094887362,315.7894736842105,35.08771929824561,318.1088453260051,5833f780-308c-41c8-947c-f8b38a7cfc05,1,4,10,1108.7184686608584,596.4014755820297,802.1052631578948,520.8281079122746,1120,599,93674.5,799,518,94033.29999995232,358.7999999523163,true,true,0,799,518,358.7999999523163,0,completed,,,2026-09-26T08:05:59.718Z,2026-09-26T08:06:00.076Z,2026-09-26T08:06:00.076Z,,301,93670.2
1.2.0,6cafcd86-5c31-46a7-83e8-471788f2c459,P002,pilot,pointing-pilot-selected-208-post104-continuous-v4,6f01dd8e6afd67eb78b863696a810bcbdbe09d09487ab1b75dcf1e8e4cb7d335,,"[""C2"",""C3""]",training,C2,1,s8,8,7,98,98,98,97,97,6cafcd86-5c31-46a7-83e8-471788f2c459:s8:t7,6cafcd86-5c31-46a7-83e8-471788f2c459:s8:t7:a1,1,6cafcd86-5c31-46a7-83e8-471788f2c459:segment1,90,10,3.321928094887362,315.7894736842105,35.08771929824561,318.1088453260051,5833f780-308c-41c8-947c-f8b38a7cfc05,1,10,3,802.1052631578948,520.8281079122746,1117.8947368421052,520.8281079122746,799,518,94033.29999995232,1099,512,94357.29999995232,324,false,true,1,1105,519,702.3999999761581,378.39999997615814,completed,,,2026-09-26T08:06:00.076Z,2026-09-26T08:06:00.400Z,2026-09-26T08:06:00.779Z,,228,94027.8
1.2.0,6cafcd86-5c31-46a7-83e8-471788f2c459,P002,pilot,pointing-pilot-selected-208-post104-continuous-v4,6f01dd8e6afd67eb78b863696a810bcbdbe09d09487ab1b75dcf1e8e4cb7d335,,"[""C2"",""C3""]",training,C2,1,s8,8,8,99,99,99,98,98,6cafcd86-5c31-46a7-83e8-471788f2c459:s8:t8,6cafcd86-5c31-46a7-83e8-471788f2c459:s8:t8:a1,1,6cafcd86-5c31-46a7-83e8-471788f2c459:segment1,90,10,3.321928094887362,315.7894736842105,35.08771929824561,318.1088453260051,5833f780-308c-41c8-947c-f8b38a7cfc05,1,3,9,1117.8947368421052,520.8281079122746,811.2815313391415,596.4014755820298,1105,519,94735.69999992847,805,608,95124.69999992847,389,true,true,0,805,608,389,0,completed,,,2026-09-26T08:06:00.779Z,2026-09-26T08:06:01.168Z,2026-09-26T08:06:01.168Z,,295,94735.33
1.2.0,6cafcd86-5c31-46a7-83e8-471788f2c459,P002,pilot,pointing-pilot-selected-208-post104-continuous-v4,6f01dd8e6afd67eb78b863696a810bcbdbe09d09487ab1b75dcf1e8e4cb7d335,,"[""C2"",""C3""]",training,C2,1,s8,8,9,100,100,100,99,99,6cafcd86-5c31-46a7-83e8-471788f2c459:s8:t9,6cafcd86-5c31-46a7-83e8-471788f2c459:s8:t9:a1,1,6cafcd86-5c31-46a7-83e8-471788f2c459:segment1,90,10,3.321928094887362,315.7894736842105,35.08771929824561,318.1088453260051,5833f780-308c-41c8-947c-f8b38a7cfc05,1,9,2,811.2815313391415,596.4014755820298,1090.8992236506815,449.64678967347123,805,608,95124.69999992847,1082,443,95611.89999997616,487.2000000476837,true,true,0,1082,443,487.2000000476837,0,completed,,,2026-09-26T08:06:01.168Z,2026-09-26T08:06:01.655Z,2026-09-26T08:06:01.655Z,,346,95124.7
1.2.0,6cafcd86-5c31-46a7-83e8-471788f2c459,P002,pilot,pointing-pilot-selected-208-post104-continuous-v4,6f01dd8e6afd67eb78b863696a810bcbdbe09d09487ab1b75dcf1e8e4cb7d335,,"[""C2"",""C3""]",training,C2,1,s8,8,10,101,101,101,100,100,6cafcd86-5c31-46a7-83e8-471788f2c459:s8:t10,6cafcd86-5c31-46a7-83e8-471788f2c459:s8:t10:a1,1,6cafcd86-5c31-46a7-83e8-471788f2c459:segment1,90,10,3.321928094887362,315.7894736842105,35.08771929824561,318.1088453260051,5833f780-308c-41c8-947c-f8b38a7cfc05,1,2,8,1090.8992236506815,449.64678967347123,854.5274084387548,659.0539449074066,1082,443,95611.89999997616,849,661,96010.10000002384,398.2000000476837,true,true,0,849,661,398.2000000476837,0,completed,,,2026-09-26T08:06:01.655Z,2026-09-26T08:06:02.053Z,2026-09-26T08:06:02.053Z,,342,95609.6
1.2.0,6cafcd86-5c31-46a7-83e8-471788f2c459,P002,pilot,pointing-pilot-selected-208-post104-continuous-v4,6f01dd8e6afd67eb78b863696a810bcbdbe09d09487ab1b75dcf1e8e4cb7d335,,"[""C2"",""C3""]",training,C2,1,s8,8,11,102,102,102,101,101,6cafcd86-5c31-46a7-83e8-471788f2c459:s8:t11,6cafcd86-5c31-46a7-83e8-471788f2c459:s8:t11:a1,1,6cafcd86-5c31-46a7-83e8-471788f2c459:segment1,90,10,3.321928094887362,315.7894736842105,35.08771929824561,318.1088453260051,5833f780-308c-41c8-947c-f8b38a7cfc05,1,8,1,854.5274084387548,659.0539449074066,1033.9162758275409,399.1643030462519,849,661,96010.10000002384,1042,397,96420.89999997616,410.7999999523163,true,true,0,1042,397,410.7999999523163,0,completed,,,2026-09-26T08:06:02.053Z,2026-09-26T08:06:02.464Z,2026-09-26T08:06:02.464Z,,341,96009.6
1.2.0,6cafcd86-5c31-46a7-83e8-471788f2c459,P002,pilot,pointing-pilot-selected-208-post104-continuous-v4,6f01dd8e6afd67eb78b863696a810bcbdbe09d09487ab1b75dcf1e8e4cb7d335,,"[""C2"",""C3""]",training,C2,1,s8,8,12,103,103,103,102,102,6cafcd86-5c31-46a7-83e8-471788f2c459:s8:t12,6cafcd86-5c31-46a7-83e8-471788f2c459:s8:t12:a1,1,6cafcd86-5c31-46a7-83e8-471788f2c459:segment1,90,10,3.321928094887362,315.7894736842105,35.08771929824561,318.1088453260051,5833f780-308c-41c8-947c-f8b38a7cfc05,1,1,7,1033.9162758275409,399.1643030462519,921.9357851825296,694.4325902100671,1042,397,96420.89999997616,912,677,96828,407.10000002384186,false,true,1,913,691,850.5,443.39999997615814,completed,,,2026-09-26T08:06:02.464Z,2026-09-26T08:06:02.871Z,2026-09-26T08:06:03.314Z,,693,96421.7
1.2.0,6cafcd86-5c31-46a7-83e8-471788f2c459,P002,pilot,pointing-pilot-selected-208-post104-continuous-v4,6f01dd8e6afd67eb78b863696a810bcbdbe09d09487ab1b75dcf1e8e4cb7d335,,"[""C2"",""C3""]",training,C2,1,s8,8,13,104,104,104,103,103,6cafcd86-5c31-46a7-83e8-471788f2c459:s8:t13,6cafcd86-5c31-46a7-83e8-471788f2c459:s8:t13:a1,1,6cafcd86-5c31-46a7-83e8-471788f2c459:segment1,90,10,3.321928094887362,315.7894736842105,35.08771929824561,318.1088453260051,5833f780-308c-41c8-947c-f8b38a7cfc05,1,7,0,921.9357851825296,694.4325902100671,960,380.9455773369974,913,691,97271.39999997616,953,386,97689.29999995232,417.89999997615814,true,true,0,953,386,417.89999997615814,0,completed,,,2026-09-26T08:06:03.314Z,2026-09-26T08:06:03.732Z,2026-09-26T08:06:03.732Z,,333,97270.2
1.2.0,6cafcd86-5c31-46a7-83e8-471788f2c459,P002,pilot,pointing-pilot-selected-208-post104-continuous-v4,6f01dd8e6afd67eb78b863696a810bcbdbe09d09487ab1b75dcf1e8e4cb7d335,,"[""C2"",""C3""]",training,C2,1,s9,9,1,105,105,105,104,104,6cafcd86-5c31-46a7-83e8-471788f2c459:s9:t1,6cafcd86-5c31-46a7-83e8-471788f2c459:s9:t1:a1,1,6cafcd86-5c31-46a7-83e8-471788f2c459:segment1,90,10,3.321928094887362,315.7894736842105,35.08771929824561,318.1088453260051,5833f780-308c-41c8-947c-f8b38a7cfc05,1,0,6,960,380.9455773369974,998.0642148174704,694.4325902100671,953,386,97689.29999995232,1014,689,98103.10000002384,413.8000000715256,true,true,0,1014,689,413.8000000715256,0,completed,,,2026-09-26T08:06:03.732Z,2026-09-26T08:06:04.146Z,2026-09-26T08:06:04.146Z,,313,97688.4
1.2.0,6cafcd86-5c31-46a7-83e8-471788f2c459,P002,pilot,pointing-pilot-selected-208-post104-continuous-v4,6f01dd8e6afd67eb78b863696a810bcbdbe09d09487ab1b75dcf1e8e4cb7d335,,"[""C2"",""C3""]",training,C2,1,s9,9,2,106,106,106,105,105,6cafcd86-5c31-46a7-83e8-471788f2c459:s9:t2,6cafcd86-5c31-46a7-83e8-471788f2c459:s9:t2:a1,1,6cafcd86-5c31-46a7-83e8-471788f2c459:segment1,90,10,3.321928094887362,315.7894736842105,35.08771929824561,318.1088453260051,5833f780-308c-41c8-947c-f8b38a7cfc05,1,6,12,998.0642148174704,694.4325902100671,886.0837241724593,399.1643030462519,1014,689,98103.10000002384,879,414,98660,556.8999999761581,true,true,0,879,414,556.8999999761581,0,completed,,,2026-09-26T08:06:04.146Z,2026-09-26T08:06:04.703Z,2026-09-26T08:06:04.703Z,,359,98100.6
1.2.0,6cafcd86-5c31-46a7-83e8-471788f2c459,P002,pilot,pointing-pilot-selected-208-post104-continuous-v4,6f01dd8e6afd67eb78b863696a810bcbdbe09d09487ab1b75dcf1e8e4cb7d335,,"[""C2"",""C3""]",training,C2,1,s9,9,3,107,107,107,106,106,6cafcd86-5c31-46a7-83e8-471788f2c459:s9:t3,6cafcd86-5c31-46a7-83e8-471788f2c459:s9:t3:a1,1,6cafcd86-5c31-46a7-83e8-471788f2c459:segment1,90,10,3.321928094887362,315.7894736842105,35.08771929824561,318.1088453260051,5833f780-308c-41c8-947c-f8b38a7cfc05,1,12,5,886.0837241724593,399.1643030462519,1065.4725915612453,659.0539449074066,879,414,98660,1083,658,99160.60000002384,500.60000002384186,false,true,2,1068,660,1517.5,1016.8999999761581,completed,,,2026-09-26T08:06:04.703Z,2026-09-26T08:06:05.204Z,2026-09-26T08:06:06.221Z,,1072,98661.032
1.2.0,6cafcd86-5c31-46a7-83e8-471788f2c459,P002,pilot,pointing-pilot-selected-208-post104-continuous-v4,6f01dd8e6afd67eb78b863696a810bcbdbe09d09487ab1b75dcf1e8e4cb7d335,,"[""C2"",""C3""]",training,C2,1,s9,9,4,108,108,108,107,107,6cafcd86-5c31-46a7-83e8-471788f2c459:s9:t4,6cafcd86-5c31-46a7-83e8-471788f2c459:s9:t4:a1,1,6cafcd86-5c31-46a7-83e8-471788f2c459:segment1,90,10,3.321928094887362,315.7894736842105,35.08771929824561,318.1088453260051,5833f780-308c-41c8-947c-f8b38a7cfc05,1,5,11,1065.4725915612453,659.0539449074066,829.1007763493185,449.6467896734714,1068,660,100177.5,829,445,100620.29999995232,442.7999999523163,true,true,0,829,445,442.7999999523163,0,completed,,,2026-09-26T08:06:06.221Z,2026-09-26T08:06:06.663Z,2026-09-26T08:06:06.663Z,,371,100179.2
1.2.0,6cafcd86-5c31-46a7-83e8-471788f2c459,P002,pilot,pointing-pilot-selected-208-post104-continuous-v4,6f01dd8e6afd67eb78b863696a810bcbdbe09d09487ab1b75dcf1e8e4cb7d335,,"[""C2"",""C3""]",training,C2,1,s9,9,5,109,109,109,108,108,6cafcd86-5c31-46a7-83e8-471788f2c459:s9:t5,6cafcd86-5c31-46a7-83e8-471788f2c459:s9:t5:a1,1,6cafcd86-5c31-46a7-83e8-471788f2c459:segment1,90,10,3.321928094887362,315.7894736842105,35.08771929824561,318.1088453260051,5833f780-308c-41c8-947c-f8b38a7cfc05,1,11,4,829.1007763493185,449.6467896734714,1108.7184686608584,596.4014755820297,829,445,100620.29999995232,1105,604,100999.39999997616,379.10000002384186,true,true,0,1105,604,379.10000002384186,0,completed,,,2026-09-26T08:06:06.663Z,2026-09-26T08:06:07.043Z,2026-09-26T08:06:07.043Z,,316,100618.632
1.2.0,6cafcd86-5c31-46a7-83e8-471788f2c459,P002,pilot,pointing-pilot-selected-208-post104-continuous-v4,6f01dd8e6afd67eb78b863696a810bcbdbe09d09487ab1b75dcf1e8e4cb7d335,,"[""C2"",""C3""]",training,C2,1,s9,9,6,110,110,110,109,109,6cafcd86-5c31-46a7-83e8-471788f2c459:s9:t6,6cafcd86-5c31-46a7-83e8-471788f2c459:s9:t6:a1,1,6cafcd86-5c31-46a7-83e8-471788f2c459:segment1,90,10,3.321928094887362,315.7894736842105,35.08771929824561,318.1088453260051,5833f780-308c-41c8-947c-f8b38a7cfc05,1,4,10,1108.7184686608584,596.4014755820297,802.1052631578948,520.8281079122746,1105,604,100999.39999997616,774,523,101531.10000002384,531.7000000476837,false,true,1,790,516,1038.7999999523163,507.09999990463257,completed,,,2026-09-26T08:06:07.043Z,2026-09-26T08:06:07.574Z,2026-09-26T08:06:08.081Z,,705,100997.4
1.2.0,6cafcd86-5c31-46a7-83e8-471788f2c459,P002,pilot,pointing-pilot-selected-208-post104-continuous-v4,6f01dd8e6afd67eb78b863696a810bcbdbe09d09487ab1b75dcf1e8e4cb7d335,,"[""C2"",""C3""]",training,C2,1,s9,9,7,111,111,111,110,110,6cafcd86-5c31-46a7-83e8-471788f2c459:s9:t7,6cafcd86-5c31-46a7-83e8-471788f2c459:s9:t7:a1,1,6cafcd86-5c31-46a7-83e8-471788f2c459:segment1,90,10,3.321928094887362,315.7894736842105,35.08771929824561,318.1088453260051,5833f780-308c-41c8-947c-f8b38a7cfc05,1,10,3,802.1052631578948,520.8281079122746,1117.8947368421052,520.8281079122746,790,516,102038.19999992847,1120,515,102437.19999992847,399,true,true,0,1120,515,399,0,completed,,,2026-09-26T08:06:08.081Z,2026-09-26T08:06:08.480Z,2026-09-26T08:06:08.480Z,,277,102033.8
1.2.0,6cafcd86-5c31-46a7-83e8-471788f2c459,P002,pilot,pointing-pilot-selected-208-post104-continuous-v4,6f01dd8e6afd67eb78b863696a810bcbdbe09d09487ab1b75dcf1e8e4cb7d335,,"[""C2"",""C3""]",training,C2,1,s9,9,8,112,112,112,111,111,6cafcd86-5c31-46a7-83e8-471788f2c459:s9:t8,6cafcd86-5c31-46a7-83e8-471788f2c459:s9:t8:a1,1,6cafcd86-5c31-46a7-83e8-471788f2c459:segment1,90,10,3.321928094887362,315.7894736842105,35.08771929824561,318.1088453260051,5833f780-308c-41c8-947c-f8b38a7cfc05,1,3,9,1117.8947368421052,520.8281079122746,811.2815313391415,596.4014755820298,1120,515,102437.19999992847,792,590,102880.39999997616,443.2000000476837,false,true,1,805,598,1204.4000000953674,761.2000000476837,completed,,,2026-09-26T08:06:08.480Z,2026-09-26T08:06:08.924Z,2026-09-26T08:06:09.685Z,,962,102435.398
1.2.0,6cafcd86-5c31-46a7-83e8-471788f2c459,P002,pilot,pointing-pilot-selected-208-post104-continuous-v4,6f01dd8e6afd67eb78b863696a810bcbdbe09d09487ab1b75dcf1e8e4cb7d335,,"[""C2"",""C3""]",training,C2,1,s9,9,9,113,113,113,112,112,6cafcd86-5c31-46a7-83e8-471788f2c459:s9:t9,6cafcd86-5c31-46a7-83e8-471788f2c459:s9:t9:a1,1,6cafcd86-5c31-46a7-83e8-471788f2c459:segment1,90,10,3.321928094887362,315.7894736842105,35.08771929824561,318.1088453260051,5833f780-308c-41c8-947c-f8b38a7cfc05,1,9,2,811.2815313391415,596.4014755820298,1090.8992236506815,449.64678967347123,805,598,103641.60000002384,1063,455,104047.89999997616,406.2999999523163,false,true,1,1094,443,595.8999999761581,189.60000002384186,completed,,,2026-09-26T08:06:09.685Z,2026-09-26T08:06:10.091Z,2026-09-26T08:06:10.281Z,,375,103639.8
1.2.0,6cafcd86-5c31-46a7-83e8-471788f2c459,P002,pilot,pointing-pilot-selected-208-post104-continuous-v4,6f01dd8e6afd67eb78b863696a810bcbdbe09d09487ab1b75dcf1e8e4cb7d335,,"[""C2"",""C3""]",training,C2,1,s9,9,10,114,114,114,113,113,6cafcd86-5c31-46a7-83e8-471788f2c459:s9:t10,6cafcd86-5c31-46a7-83e8-471788f2c459:s9:t10:a1,1,6cafcd86-5c31-46a7-83e8-471788f2c459:segment1,90,10,3.321928094887362,315.7894736842105,35.08771929824561,318.1088453260051,5833f780-308c-41c8-947c-f8b38a7cfc05,1,2,8,1090.8992236506815,449.64678967347123,854.5274084387548,659.0539449074066,1094,443,104237.5,865,659,104645,407.5,true,true,0,865,659,407.5,0,completed,,,2026-09-26T08:06:10.281Z,2026-09-26T08:06:10.688Z,2026-09-26T08:06:10.688Z,,344,104236.832
1.2.0,6cafcd86-5c31-46a7-83e8-471788f2c459,P002,pilot,pointing-pilot-selected-208-post104-continuous-v4,6f01dd8e6afd67eb78b863696a810bcbdbe09d09487ab1b75dcf1e8e4cb7d335,,"[""C2"",""C3""]",training,C2,1,s9,9,11,115,115,115,114,114,6cafcd86-5c31-46a7-83e8-471788f2c459:s9:t11,6cafcd86-5c31-46a7-83e8-471788f2c459:s9:t11:a1,1,6cafcd86-5c31-46a7-83e8-471788f2c459:segment1,90,10,3.321928094887362,315.7894736842105,35.08771929824561,318.1088453260051,5833f780-308c-41c8-947c-f8b38a7cfc05,1,8,1,854.5274084387548,659.0539449074066,1033.9162758275409,399.1643030462519,865,659,104645,1033,394,105431.79999995232,786.7999999523163,true,true,0,1033,394,786.7999999523163,0,completed,,,2026-09-26T08:06:10.688Z,2026-09-26T08:06:11.475Z,2026-09-26T08:06:11.475Z,,484,104642.932
1.2.0,6cafcd86-5c31-46a7-83e8-471788f2c459,P002,pilot,pointing-pilot-selected-208-post104-continuous-v4,6f01dd8e6afd67eb78b863696a810bcbdbe09d09487ab1b75dcf1e8e4cb7d335,,"[""C2"",""C3""]",training,C2,1,s9,9,12,116,116,116,115,115,6cafcd86-5c31-46a7-83e8-471788f2c459:s9:t12,6cafcd86-5c31-46a7-83e8-471788f2c459:s9:t12:a1,1,6cafcd86-5c31-46a7-83e8-471788f2c459:segment1,90,10,3.321928094887362,315.7894736842105,35.08771929824561,318.1088453260051,5833f780-308c-41c8-947c-f8b38a7cfc05,1,1,7,1033.9162758275409,399.1643030462519,921.9357851825296,694.4325902100671,1033,394,105431.79999995232,916,673,105841.79999995232,410,false,true,1,920,687,809.2000000476837,399.2000000476837,completed,,,2026-09-26T08:06:11.475Z,2026-09-26T08:06:11.885Z,2026-09-26T08:06:12.284Z,,471,105429.198
1.2.0,6cafcd86-5c31-46a7-83e8-471788f2c459,P002,pilot,pointing-pilot-selected-208-post104-continuous-v4,6f01dd8e6afd67eb78b863696a810bcbdbe09d09487ab1b75dcf1e8e4cb7d335,,"[""C2"",""C3""]",training,C2,1,s9,9,13,117,117,117,116,116,6cafcd86-5c31-46a7-83e8-471788f2c459:s9:t13,6cafcd86-5c31-46a7-83e8-471788f2c459:s9:t13:a1,1,6cafcd86-5c31-46a7-83e8-471788f2c459:segment1,90,10,3.321928094887362,315.7894736842105,35.08771929824561,318.1088453260051,5833f780-308c-41c8-947c-f8b38a7cfc05,1,7,0,921.9357851825296,694.4325902100671,960,380.9455773369974,920,687,106241,964,377,106691,450,true,true,0,964,377,450,0,completed,,,2026-09-26T08:06:12.284Z,2026-09-26T08:06:12.734Z,2026-09-26T08:06:12.734Z,,334,106239.8
1.2.0,6cafcd86-5c31-46a7-83e8-471788f2c459,P002,pilot,pointing-pilot-selected-208-post104-continuous-v4,6f01dd8e6afd67eb78b863696a810bcbdbe09d09487ab1b75dcf1e8e4cb7d335,,"[""C2"",""C3""]",training,C2,1,s10,10,1,118,118,118,117,117,6cafcd86-5c31-46a7-83e8-471788f2c459:s10:t1,6cafcd86-5c31-46a7-83e8-471788f2c459:s10:t1:a1,1,6cafcd86-5c31-46a7-83e8-471788f2c459:segment1,90,10,3.321928094887362,315.7894736842105,35.08771929824561,318.1088453260051,5833f780-308c-41c8-947c-f8b38a7cfc05,1,0,6,960,380.9455773369974,998.0642148174704,694.4325902100671,964,377,106691,993,689,107091,400,true,true,0,993,689,400,0,completed,,,2026-09-26T08:06:12.734Z,2026-09-26T08:06:13.134Z,2026-09-26T08:06:13.134Z,,300,106688.3
1.2.0,6cafcd86-5c31-46a7-83e8-471788f2c459,P002,pilot,pointing-pilot-selected-208-post104-continuous-v4,6f01dd8e6afd67eb78b863696a810bcbdbe09d09487ab1b75dcf1e8e4cb7d335,,"[""C2"",""C3""]",training,C2,1,s10,10,2,119,119,119,118,118,6cafcd86-5c31-46a7-83e8-471788f2c459:s10:t2,6cafcd86-5c31-46a7-83e8-471788f2c459:s10:t2:a1,1,6cafcd86-5c31-46a7-83e8-471788f2c459:segment1,90,10,3.321928094887362,315.7894736842105,35.08771929824561,318.1088453260051,5833f780-308c-41c8-947c-f8b38a7cfc05,1,6,12,998.0642148174704,694.4325902100671,886.0837241724593,399.1643030462519,993,689,107091,880,410,107569.29999995232,478.2999999523163,true,true,0,880,410,478.2999999523163,0,completed,,,2026-09-26T08:06:13.134Z,2026-09-26T08:06:13.612Z,2026-09-26T08:06:13.612Z,,312,107088.3
1.2.0,6cafcd86-5c31-46a7-83e8-471788f2c459,P002,pilot,pointing-pilot-selected-208-post104-continuous-v4,6f01dd8e6afd67eb78b863696a810bcbdbe09d09487ab1b75dcf1e8e4cb7d335,,"[""C2"",""C3""]",training,C2,1,s10,10,3,120,120,120,119,119,6cafcd86-5c31-46a7-83e8-471788f2c459:s10:t3,6cafcd86-5c31-46a7-83e8-471788f2c459:s10:t3:a1,1,6cafcd86-5c31-46a7-83e8-471788f2c459:segment1,90,10,3.321928094887362,315.7894736842105,35.08771929824561,318.1088453260051,5833f780-308c-41c8-947c-f8b38a7cfc05,1,12,5,886.0837241724593,399.1643030462519,1065.4725915612453,659.0539449074066,880,410,107569.29999995232,1065,666,107997.29999995232,428,true,true,0,1065,666,428,0,completed,,,2026-09-26T08:06:13.612Z,2026-09-26T08:06:14.040Z,2026-09-26T08:06:14.040Z,,329,107568.598
1.2.0,6cafcd86-5c31-46a7-83e8-471788f2c459,P002,pilot,pointing-pilot-selected-208-post104-continuous-v4,6f01dd8e6afd67eb78b863696a810bcbdbe09d09487ab1b75dcf1e8e4cb7d335,,"[""C2"",""C3""]",training,C2,1,s10,10,4,121,121,121,120,120,6cafcd86-5c31-46a7-83e8-471788f2c459:s10:t4,6cafcd86-5c31-46a7-83e8-471788f2c459:s10:t4:a1,1,6cafcd86-5c31-46a7-83e8-471788f2c459:segment1,90,10,3.321928094887362,315.7894736842105,35.08771929824561,318.1088453260051,5833f780-308c-41c8-947c-f8b38a7cfc05,1,5,11,1065.4725915612453,659.0539449074066,829.1007763493185,449.6467896734714,1065,666,107997.29999995232,831,443,108435,437.7000000476837,true,true,0,831,443,437.7000000476837,0,completed,,,2026-09-26T08:06:14.040Z,2026-09-26T08:06:14.478Z,2026-09-26T08:06:14.478Z,,358,107991.3
1.2.0,6cafcd86-5c31-46a7-83e8-471788f2c459,P002,pilot,pointing-pilot-selected-208-post104-continuous-v4,6f01dd8e6afd67eb78b863696a810bcbdbe09d09487ab1b75dcf1e8e4cb7d335,,"[""C2"",""C3""]",training,C2,1,s10,10,5,122,122,122,121,121,6cafcd86-5c31-46a7-83e8-471788f2c459:s10:t5,6cafcd86-5c31-46a7-83e8-471788f2c459:s10:t5:a1,1,6cafcd86-5c31-46a7-83e8-471788f2c459:segment1,90,10,3.321928094887362,315.7894736842105,35.08771929824561,318.1088453260051,5833f780-308c-41c8-947c-f8b38a7cfc05,1,11,4,829.1007763493185,449.6467896734714,1108.7184686608584,596.4014755820297,831,443,108435,1118,590,108812.39999997616,377.39999997615814,true,true,0,1118,590,377.39999997615814,0,completed,,,2026-09-26T08:06:14.478Z,2026-09-26T08:06:14.855Z,2026-09-26T08:06:14.855Z,,270,108433.8
1.2.0,6cafcd86-5c31-46a7-83e8-471788f2c459,P002,pilot,pointing-pilot-selected-208-post104-continuous-v4,6f01dd8e6afd67eb78b863696a810bcbdbe09d09487ab1b75dcf1e8e4cb7d335,,"[""C2"",""C3""]",training,C2,1,s10,10,6,123,123,123,122,122,6cafcd86-5c31-46a7-83e8-471788f2c459:s10:t6,6cafcd86-5c31-46a7-83e8-471788f2c459:s10:t6:a1,1,6cafcd86-5c31-46a7-83e8-471788f2c459:segment1,90,10,3.321928094887362,315.7894736842105,35.08771929824561,318.1088453260051,5833f780-308c-41c8-947c-f8b38a7cfc05,1,4,10,1108.7184686608584,596.4014755820297,802.1052631578948,520.8281079122746,1118,590,108812.39999997616,811,512,109204.89999997616,392.5,true,true,0,811,512,392.5,0,completed,,,2026-09-26T08:06:14.855Z,2026-09-26T08:06:15.248Z,2026-09-26T08:06:15.248Z,,241,108809.6
1.2.0,6cafcd86-5c31-46a7-83e8-471788f2c459,P002,pilot,pointing-pilot-selected-208-post104-continuous-v4,6f01dd8e6afd67eb78b863696a810bcbdbe09d09487ab1b75dcf1e8e4cb7d335,,"[""C2"",""C3""]",training,C2,1,s10,10,7,124,124,124,123,123,6cafcd86-5c31-46a7-83e8-471788f2c459:s10:t7,6cafcd86-5c31-46a7-83e8-471788f2c459:s10:t7:a1,1,6cafcd86-5c31-46a7-83e8-471788f2c459:segment1,90,10,3.321928094887362,315.7894736842105,35.08771929824561,318.1088453260051,5833f780-308c-41c8-947c-f8b38a7cfc05,1,10,3,802.1052631578948,520.8281079122746,1117.8947368421052,520.8281079122746,811,512,109204.89999997616,1138,519,109719.10000002384,514.2000000476837,false,true,1,1129,523,779.2000000476837,265,completed,,,2026-09-26T08:06:15.248Z,2026-09-26T08:06:15.762Z,2026-09-26T08:06:16.027Z,,312,109203.5
1.2.0,6cafcd86-5c31-46a7-83e8-471788f2c459,P002,pilot,pointing-pilot-selected-208-post104-continuous-v4,6f01dd8e6afd67eb78b863696a810bcbdbe09d09487ab1b75dcf1e8e4cb7d335,,"[""C2"",""C3""]",training,C2,1,s10,10,8,125,125,125,124,124,6cafcd86-5c31-46a7-83e8-471788f2c459:s10:t8,6cafcd86-5c31-46a7-83e8-471788f2c459:s10:t8:a1,1,6cafcd86-5c31-46a7-83e8-471788f2c459:segment1,90,10,3.321928094887362,315.7894736842105,35.08771929824561,318.1088453260051,5833f780-308c-41c8-947c-f8b38a7cfc05,1,3,9,1117.8947368421052,520.8281079122746,811.2815313391415,596.4014755820298,1129,523,109984.10000002384,777,595,110386.10000002384,402,false,true,1,806,590,630.6999999284744,228.69999992847443,completed,,,2026-09-26T08:06:16.027Z,2026-09-26T08:06:16.429Z,2026-09-26T08:06:16.658Z,,362,109985.3
1.2.0,6cafcd86-5c31-46a7-83e8-471788f2c459,P002,pilot,pointing-pilot-selected-208-post104-continuous-v4,6f01dd8e6afd67eb78b863696a810bcbdbe09d09487ab1b75dcf1e8e4cb7d335,,"[""C2"",""C3""]",training,C2,1,s10,10,9,126,126,126,125,125,6cafcd86-5c31-46a7-83e8-471788f2c459:s10:t9,6cafcd86-5c31-46a7-83e8-471788f2c459:s10:t9:a1,1,6cafcd86-5c31-46a7-83e8-471788f2c459:segment1,90,10,3.321928094887362,315.7894736842105,35.08771929824561,318.1088453260051,5833f780-308c-41c8-947c-f8b38a7cfc05,1,9,2,811.2815313391415,596.4014755820298,1090.8992236506815,449.64678967347123,806,590,110614.79999995232,1084,455,111031.5,416.7000000476837,true,true,0,1084,455,416.7000000476837,0,completed,,,2026-09-26T08:06:16.658Z,2026-09-26T08:06:17.075Z,2026-09-26T08:06:17.075Z,,288,110612.596
1.2.0,6cafcd86-5c31-46a7-83e8-471788f2c459,P002,pilot,pointing-pilot-selected-208-post104-continuous-v4,6f01dd8e6afd67eb78b863696a810bcbdbe09d09487ab1b75dcf1e8e4cb7d335,,"[""C2"",""C3""]",training,C2,1,s10,10,10,127,127,127,126,126,6cafcd86-5c31-46a7-83e8-471788f2c459:s10:t10,6cafcd86-5c31-46a7-83e8-471788f2c459:s10:t10:a1,1,6cafcd86-5c31-46a7-83e8-471788f2c459:segment1,90,10,3.321928094887362,315.7894736842105,35.08771929824561,318.1088453260051,5833f780-308c-41c8-947c-f8b38a7cfc05,1,2,8,1090.8992236506815,449.64678967347123,854.5274084387548,659.0539449074066,1084,455,111031.5,843,658,111486.69999992847,455.1999999284744,true,true,0,843,658,455.1999999284744,0,completed,,,2026-09-26T08:06:17.075Z,2026-09-26T08:06:17.530Z,2026-09-26T08:06:17.530Z,,339,111027.7
1.2.0,6cafcd86-5c31-46a7-83e8-471788f2c459,P002,pilot,pointing-pilot-selected-208-post104-continuous-v4,6f01dd8e6afd67eb78b863696a810bcbdbe09d09487ab1b75dcf1e8e4cb7d335,,"[""C2"",""C3""]",training,C2,1,s10,10,11,128,128,128,127,127,6cafcd86-5c31-46a7-83e8-471788f2c459:s10:t11,6cafcd86-5c31-46a7-83e8-471788f2c459:s10:t11:a1,1,6cafcd86-5c31-46a7-83e8-471788f2c459:segment1,90,10,3.321928094887362,315.7894736842105,35.08771929824561,318.1088453260051,5833f780-308c-41c8-947c-f8b38a7cfc05,1,8,1,854.5274084387548,659.0539449074066,1033.9162758275409,399.1643030462519,843,658,111486.69999992847,1020,413,111942,455.3000000715256,false,true,1,1029,407,849.2000000476837,393.89999997615814,completed,,,2026-09-26T08:06:17.530Z,2026-09-26T08:06:17.985Z,2026-09-26T08:06:18.379Z,,448,111488.3
1.2.0,6cafcd86-5c31-46a7-83e8-471788f2c459,P002,pilot,pointing-pilot-selected-208-post104-continuous-v4,6f01dd8e6afd67eb78b863696a810bcbdbe09d09487ab1b75dcf1e8e4cb7d335,,"[""C2"",""C3""]",training,C2,1,s10,10,12,129,129,129,128,128,6cafcd86-5c31-46a7-83e8-471788f2c459:s10:t12,6cafcd86-5c31-46a7-83e8-471788f2c459:s10:t12:a1,1,6cafcd86-5c31-46a7-83e8-471788f2c459:segment1,90,10,3.321928094887362,315.7894736842105,35.08771929824561,318.1088453260051,5833f780-308c-41c8-947c-f8b38a7cfc05,1,1,7,1033.9162758275409,399.1643030462519,921.9357851825296,694.4325902100671,1029,407,112335.89999997616,919,700,112740.79999995232,404.89999997615814,true,true,0,919,700,404.89999997615814,0,completed,,,2026-09-26T08:06:18.379Z,2026-09-26T08:06:18.784Z,2026-09-26T08:06:18.784Z,,313,112330.7
1.2.0,6cafcd86-5c31-46a7-83e8-471788f2c459,P002,pilot,pointing-pilot-selected-208-post104-continuous-v4,6f01dd8e6afd67eb78b863696a810bcbdbe09d09487ab1b75dcf1e8e4cb7d335,,"[""C2"",""C3""]",training,C2,1,s10,10,13,130,130,130,129,129,6cafcd86-5c31-46a7-83e8-471788f2c459:s10:t13,6cafcd86-5c31-46a7-83e8-471788f2c459:s10:t13:a1,1,6cafcd86-5c31-46a7-83e8-471788f2c459:segment1,90,10,3.321928094887362,315.7894736842105,35.08771929824561,318.1088453260051,5833f780-308c-41c8-947c-f8b38a7cfc05,1,7,0,921.9357851825296,694.4325902100671,960,380.9455773369974,919,700,112740.79999995232,974,364,113257.69999992847,516.8999999761581,false,true,2,963,370,1560.1000000238419,1043.2000000476837,completed,,,2026-09-26T08:06:18.784Z,2026-09-26T08:06:19.301Z,2026-09-26T08:06:20.344Z,,856,112741.43
1.2.0,6cafcd86-5c31-46a7-83e8-471788f2c459,P002,pilot,pointing-pilot-selected-208-post104-continuous-v4,6f01dd8e6afd67eb78b863696a810bcbdbe09d09487ab1b75dcf1e8e4cb7d335,,"[""C2"",""C3""]",training,C2,1,s11,11,1,131,131,131,130,130,6cafcd86-5c31-46a7-83e8-471788f2c459:s11:t1,6cafcd86-5c31-46a7-83e8-471788f2c459:s11:t1:a1,1,6cafcd86-5c31-46a7-83e8-471788f2c459:segment1,90,10,3.321928094887362,315.7894736842105,35.08771929824561,318.1088453260051,5833f780-308c-41c8-947c-f8b38a7cfc05,1,0,6,960,380.9455773369974,998.0642148174704,694.4325902100671,963,370,114300.89999997616,993,678,114781.29999995232,480.39999997615814,true,true,0,993,678,480.39999997615814,0,completed,,,2026-09-26T08:06:20.344Z,2026-09-26T08:06:20.824Z,2026-09-26T08:06:20.824Z,,329,114306.5
1.2.0,6cafcd86-5c31-46a7-83e8-471788f2c459,P002,pilot,pointing-pilot-selected-208-post104-continuous-v4,6f01dd8e6afd67eb78b863696a810bcbdbe09d09487ab1b75dcf1e8e4cb7d335,,"[""C2"",""C3""]",training,C2,1,s11,11,2,132,132,132,131,131,6cafcd86-5c31-46a7-83e8-471788f2c459:s11:t2,6cafcd86-5c31-46a7-83e8-471788f2c459:s11:t2:a1,1,6cafcd86-5c31-46a7-83e8-471788f2c459:segment1,90,10,3.321928094887362,315.7894736842105,35.08771929824561,318.1088453260051,5833f780-308c-41c8-947c-f8b38a7cfc05,1,6,12,998.0642148174704,694.4325902100671,886.0837241724593,399.1643030462519,993,678,114781.29999995232,893,398,115356.60000002384,575.3000000715256,true,true,0,893,398,575.3000000715256,0,completed,,,2026-09-26T08:06:20.824Z,2026-09-26T08:06:21.400Z,2026-09-26T08:06:21.400Z,,343,114785.2
1.2.0,6cafcd86-5c31-46a7-83e8-471788f2c459,P002,pilot,pointing-pilot-selected-208-post104-continuous-v4,6f01dd8e6afd67eb78b863696a810bcbdbe09d09487ab1b75dcf1e8e4cb7d335,,"[""C2"",""C3""]",training,C2,1,s11,11,3,133,133,133,132,132,6cafcd86-5c31-46a7-83e8-471788f2c459:s11:t3,6cafcd86-5c31-46a7-83e8-471788f2c459:s11:t3:a1,1,6cafcd86-5c31-46a7-83e8-471788f2c459:segment1,90,10,3.321928094887362,315.7894736842105,35.08771929824561,318.1088453260051,5833f780-308c-41c8-947c-f8b38a7cfc05,1,12,5,886.0837241724593,399.1643030462519,1065.4725915612453,659.0539449074066,893,398,115356.60000002384,1066,653,115902,545.3999999761581,true,true,0,1066,653,545.3999999761581,0,completed,,,2026-09-26T08:06:21.400Z,2026-09-26T08:06:21.945Z,2026-09-26T08:06:21.945Z,,371,115354.9
1.2.0,6cafcd86-5c31-46a7-83e8-471788f2c459,P002,pilot,pointing-pilot-selected-208-post104-continuous-v4,6f01dd8e6afd67eb78b863696a810bcbdbe09d09487ab1b75dcf1e8e4cb7d335,,"[""C2"",""C3""]",training,C2,1,s11,11,4,134,134,134,133,133,6cafcd86-5c31-46a7-83e8-471788f2c459:s11:t4,6cafcd86-5c31-46a7-83e8-471788f2c459:s11:t4:a1,1,6cafcd86-5c31-46a7-83e8-471788f2c459:segment1,90,10,3.321928094887362,315.7894736842105,35.08771929824561,318.1088453260051,5833f780-308c-41c8-947c-f8b38a7cfc05,1,5,11,1065.4725915612453,659.0539449074066,829.1007763493185,449.6467896734714,1066,653,115902,839,453,116379.19999992847,477.1999999284744,true,true,0,839,453,477.1999999284744,0,completed,,,2026-09-26T08:06:21.945Z,2026-09-26T08:06:22.422Z,2026-09-26T08:06:22.422Z,,339,115900.4
1.2.0,6cafcd86-5c31-46a7-83e8-471788f2c459,P002,pilot,pointing-pilot-selected-208-post104-continuous-v4,6f01dd8e6afd67eb78b863696a810bcbdbe09d09487ab1b75dcf1e8e4cb7d335,,"[""C2"",""C3""]",training,C2,1,s11,11,5,135,135,135,134,134,6cafcd86-5c31-46a7-83e8-471788f2c459:s11:t5,6cafcd86-5c31-46a7-83e8-471788f2c459:s11:t5:a1,1,6cafcd86-5c31-46a7-83e8-471788f2c459:segment1,90,10,3.321928094887362,315.7894736842105,35.08771929824561,318.1088453260051,5833f780-308c-41c8-947c-f8b38a7cfc05,1,11,4,829.1007763493185,449.6467896734714,1108.7184686608584,596.4014755820297,839,453,116379.19999992847,1098,598,116943.79999995232,564.6000000238419,true,true,0,1098,598,564.6000000238419,0,completed,,,2026-09-26T08:06:22.422Z,2026-09-26T08:06:22.987Z,2026-09-26T08:06:22.987Z,,324,116379.2
1.2.0,6cafcd86-5c31-46a7-83e8-471788f2c459,P002,pilot,pointing-pilot-selected-208-post104-continuous-v4,6f01dd8e6afd67eb78b863696a810bcbdbe09d09487ab1b75dcf1e8e4cb7d335,,"[""C2"",""C3""]",training,C2,1,s11,11,6,136,136,136,135,135,6cafcd86-5c31-46a7-83e8-471788f2c459:s11:t6,6cafcd86-5c31-46a7-83e8-471788f2c459:s11:t6:a1,1,6cafcd86-5c31-46a7-83e8-471788f2c459:segment1,90,10,3.321928094887362,315.7894736842105,35.08771929824561,318.1088453260051,5833f780-308c-41c8-947c-f8b38a7cfc05,1,4,10,1108.7184686608584,596.4014755820297,802.1052631578948,520.8281079122746,1098,598,116943.79999995232,784,519,117321.10000002384,377.3000000715256,false,true,1,792,512,1199.3999999761581,822.0999999046326,completed,,,2026-09-26T08:06:22.987Z,2026-09-26T08:06:23.364Z,2026-09-26T08:06:24.186Z,,794,116942.8
1.2.0,6cafcd86-5c31-46a7-83e8-471788f2c459,P002,pilot,pointing-pilot-selected-208-post104-continuous-v4,6f01dd8e6afd67eb78b863696a810bcbdbe09d09487ab1b75dcf1e8e4cb7d335,,"[""C2"",""C3""]",training,C2,1,s11,11,7,137,137,137,136,136,6cafcd86-5c31-46a7-83e8-471788f2c459:s11:t7,6cafcd86-5c31-46a7-83e8-471788f2c459:s11:t7:a1,1,6cafcd86-5c31-46a7-83e8-471788f2c459:segment1,90,10,3.321928094887362,315.7894736842105,35.08771929824561,318.1088453260051,5833f780-308c-41c8-947c-f8b38a7cfc05,1,10,3,802.1052631578948,520.8281079122746,1117.8947368421052,520.8281079122746,792,512,118143.19999992847,1123,521,118578.60000002384,435.40000009536743,true,true,0,1123,521,435.40000009536743,0,completed,,,2026-09-26T08:06:24.186Z,2026-09-26T08:06:24.622Z,2026-09-26T08:06:24.622Z,,278,118148.9
1.2.0,6cafcd86-5c31-46a7-83e8-471788f2c459,P002,pilot,pointing-pilot-selected-208-post104-continuous-v4,6f01dd8e6afd67eb78b863696a810bcbdbe09d09487ab1b75dcf1e8e4cb7d335,,"[""C2"",""C3""]",training,C2,1,s11,11,8,138,138,138,137,137,6cafcd86-5c31-46a7-83e8-471788f2c459:s11:t8,6cafcd86-5c31-46a7-83e8-471788f2c459:s11:t8:a1,1,6cafcd86-5c31-46a7-83e8-471788f2c459:segment1,90,10,3.321928094887362,315.7894736842105,35.08771929824561,318.1088453260051,5833f780-308c-41c8-947c-f8b38a7cfc05,1,3,9,1117.8947368421052,520.8281079122746,811.2815313391415,596.4014755820298,1123,521,118578.60000002384,808,596,119065.29999995232,486.6999999284744,true,true,0,808,596,486.6999999284744,0,completed,,,2026-09-26T08:06:24.622Z,2026-09-26T08:06:25.108Z,2026-09-26T08:06:25.108Z,,344,118573.2
1.2.0,6cafcd86-5c31-46a7-83e8-471788f2c459,P002,pilot,pointing-pilot-selected-208-post104-continuous-v4,6f01dd8e6afd67eb78b863696a810bcbdbe09d09487ab1b75dcf1e8e4cb7d335,,"[""C2"",""C3""]",training,C2,1,s11,11,9,139,139,139,138,138,6cafcd86-5c31-46a7-83e8-471788f2c459:s11:t9,6cafcd86-5c31-46a7-83e8-471788f2c459:s11:t9:a1,1,6cafcd86-5c31-46a7-83e8-471788f2c459:segment1,90,10,3.321928094887362,315.7894736842105,35.08771929824561,318.1088453260051,5833f780-308c-41c8-947c-f8b38a7cfc05,1,9,2,811.2815313391415,596.4014755820298,1090.8992236506815,449.64678967347123,808,596,119065.29999995232,1075,439,119487.79999995232,422.5,false,true,2,1105,451,1138.3999999761581,715.8999999761581,completed,,,2026-09-26T08:06:25.108Z,2026-09-26T08:06:25.531Z,2026-09-26T08:06:26.247Z,,613,119064.1
1.2.0,6cafcd86-5c31-46a7-83e8-471788f2c459,P002,pilot,pointing-pilot-selected-208-post104-continuous-v4,6f01dd8e6afd67eb78b863696a810bcbdbe09d09487ab1b75dcf1e8e4cb7d335,,"[""C2"",""C3""]",training,C2,1,s11,11,10,140,140,140,139,139,6cafcd86-5c31-46a7-83e8-471788f2c459:s11:t10,6cafcd86-5c31-46a7-83e8-471788f2c459:s11:t10:a1,1,6cafcd86-5c31-46a7-83e8-471788f2c459:segment1,90,10,3.321928094887362,315.7894736842105,35.08771929824561,318.1088453260051,5833f780-308c-41c8-947c-f8b38a7cfc05,1,2,8,1090.8992236506815,449.64678967347123,854.5274084387548,659.0539449074066,1105,451,120203.69999992847,846,665,120613.10000002384,409.40000009536743,true,true,0,846,665,409.40000009536743,0,completed,,,2026-09-26T08:06:26.247Z,2026-09-26T08:06:26.657Z,2026-09-26T08:06:26.657Z,,332,120203.5
1.2.0,6cafcd86-5c31-46a7-83e8-471788f2c459,P002,pilot,pointing-pilot-selected-208-post104-continuous-v4,6f01dd8e6afd67eb78b863696a810bcbdbe09d09487ab1b75dcf1e8e4cb7d335,,"[""C2"",""C3""]",training,C2,1,s11,11,11,141,141,141,140,140,6cafcd86-5c31-46a7-83e8-471788f2c459:s11:t11,6cafcd86-5c31-46a7-83e8-471788f2c459:s11:t11:a1,1,6cafcd86-5c31-46a7-83e8-471788f2c459:segment1,90,10,3.321928094887362,315.7894736842105,35.08771929824561,318.1088453260051,5833f780-308c-41c8-947c-f8b38a7cfc05,1,8,1,854.5274084387548,659.0539449074066,1033.9162758275409,399.1643030462519,846,665,120613.10000002384,1030,404,121106.10000002384,493,true,true,0,1030,404,493,0,completed,,,2026-09-26T08:06:26.657Z,2026-09-26T08:06:27.150Z,2026-09-26T08:06:27.150Z,,363,120609.428
1.2.0,6cafcd86-5c31-46a7-83e8-471788f2c459,P002,pilot,pointing-pilot-selected-208-post104-continuous-v4,6f01dd8e6afd67eb78b863696a810bcbdbe09d09487ab1b75dcf1e8e4cb7d335,,"[""C2"",""C3""]",training,C2,1,s11,11,12,142,142,142,141,141,6cafcd86-5c31-46a7-83e8-471788f2c459:s11:t12,6cafcd86-5c31-46a7-83e8-471788f2c459:s11:t12:a1,1,6cafcd86-5c31-46a7-83e8-471788f2c459:segment1,90,10,3.321928094887362,315.7894736842105,35.08771929824561,318.1088453260051,5833f780-308c-41c8-947c-f8b38a7cfc05,1,1,7,1033.9162758275409,399.1643030462519,921.9357851825296,694.4325902100671,1030,404,121106.10000002384,929,674,121570.60000002384,464.5,false,true,1,915,681,840.6999999284744,376.1999999284744,completed,,,2026-09-26T08:06:27.150Z,2026-09-26T08:06:27.614Z,2026-09-26T08:06:27.990Z,,426,121100.4
1.2.0,6cafcd86-5c31-46a7-83e8-471788f2c459,P002,pilot,pointing-pilot-selected-208-post104-continuous-v4,6f01dd8e6afd67eb78b863696a810bcbdbe09d09487ab1b75dcf1e8e4cb7d335,,"[""C2"",""C3""]",training,C2,1,s11,11,13,143,143,143,142,142,6cafcd86-5c31-46a7-83e8-471788f2c459:s11:t13,6cafcd86-5c31-46a7-83e8-471788f2c459:s11:t13:a1,1,6cafcd86-5c31-46a7-83e8-471788f2c459:segment1,90,10,3.321928094887362,315.7894736842105,35.08771929824561,318.1088453260051,5833f780-308c-41c8-947c-f8b38a7cfc05,1,7,0,921.9357851825296,694.4325902100671,960,380.9455773369974,915,681,121946.79999995232,957,383,122388.89999997616,442.10000002384186,true,true,0,957,383,442.10000002384186,0,completed,,,2026-09-26T08:06:27.990Z,2026-09-26T08:06:28.433Z,2026-09-26T08:06:28.433Z,,322,121945.832
1.2.0,6cafcd86-5c31-46a7-83e8-471788f2c459,P002,pilot,pointing-pilot-selected-208-post104-continuous-v4,6f01dd8e6afd67eb78b863696a810bcbdbe09d09487ab1b75dcf1e8e4cb7d335,,"[""C2"",""C3""]",training,C2,1,s12,12,1,144,144,144,143,143,6cafcd86-5c31-46a7-83e8-471788f2c459:s12:t1,6cafcd86-5c31-46a7-83e8-471788f2c459:s12:t1:a1,1,6cafcd86-5c31-46a7-83e8-471788f2c459:segment1,90,10,3.321928094887362,315.7894736842105,35.08771929824561,318.1088453260051,5833f780-308c-41c8-947c-f8b38a7cfc05,1,0,6,960,380.9455773369974,998.0642148174704,694.4325902100671,957,383,122388.89999997616,996,700,122975.69999992847,586.7999999523163,true,true,0,996,700,586.7999999523163,0,completed,,,2026-09-26T08:06:28.433Z,2026-09-26T08:06:29.019Z,2026-09-26T08:06:29.019Z,,374,122385.3
1.2.0,6cafcd86-5c31-46a7-83e8-471788f2c459,P002,pilot,pointing-pilot-selected-208-post104-continuous-v4,6f01dd8e6afd67eb78b863696a810bcbdbe09d09487ab1b75dcf1e8e4cb7d335,,"[""C2"",""C3""]",training,C2,1,s12,12,2,145,145,145,144,144,6cafcd86-5c31-46a7-83e8-471788f2c459:s12:t2,6cafcd86-5c31-46a7-83e8-471788f2c459:s12:t2:a1,1,6cafcd86-5c31-46a7-83e8-471788f2c459:segment1,90,10,3.321928094887362,315.7894736842105,35.08771929824561,318.1088453260051,5833f780-308c-41c8-947c-f8b38a7cfc05,1,6,12,998.0642148174704,694.4325902100671,886.0837241724593,399.1643030462519,996,700,122975.69999992847,890,410,123441.39999997616,465.7000000476837,true,true,0,890,410,465.7000000476837,0,completed,,,2026-09-26T08:06:29.019Z,2026-09-26T08:06:29.485Z,2026-09-26T08:06:29.485Z,,326,122973.1
1.2.0,6cafcd86-5c31-46a7-83e8-471788f2c459,P002,pilot,pointing-pilot-selected-208-post104-continuous-v4,6f01dd8e6afd67eb78b863696a810bcbdbe09d09487ab1b75dcf1e8e4cb7d335,,"[""C2"",""C3""]",training,C2,1,s12,12,3,146,146,146,145,145,6cafcd86-5c31-46a7-83e8-471788f2c459:s12:t3,6cafcd86-5c31-46a7-83e8-471788f2c459:s12:t3:a1,1,6cafcd86-5c31-46a7-83e8-471788f2c459:segment1,90,10,3.321928094887362,315.7894736842105,35.08771929824561,318.1088453260051,5833f780-308c-41c8-947c-f8b38a7cfc05,1,12,5,886.0837241724593,399.1643030462519,1065.4725915612453,659.0539449074066,890,410,123441.39999997616,1065,645,123892.69999992847,451.2999999523163,true,true,0,1065,645,451.2999999523163,0,completed,,,2026-09-26T08:06:29.485Z,2026-09-26T08:06:29.936Z,2026-09-26T08:06:29.936Z,,321,123439.8
1.2.0,6cafcd86-5c31-46a7-83e8-471788f2c459,P002,pilot,pointing-pilot-selected-208-post104-continuous-v4,6f01dd8e6afd67eb78b863696a810bcbdbe09d09487ab1b75dcf1e8e4cb7d335,,"[""C2"",""C3""]",training,C2,1,s12,12,4,147,147,147,146,146,6cafcd86-5c31-46a7-83e8-471788f2c459:s12:t4,6cafcd86-5c31-46a7-83e8-471788f2c459:s12:t4:a1,1,6cafcd86-5c31-46a7-83e8-471788f2c459:segment1,90,10,3.321928094887362,315.7894736842105,35.08771929824561,318.1088453260051,5833f780-308c-41c8-947c-f8b38a7cfc05,1,5,11,1065.4725915612453,659.0539449074066,829.1007763493185,449.6467896734714,1065,645,123892.69999992847,815,453,124334.29999995232,441.60000002384186,true,true,0,815,453,441.60000002384186,0,completed,,,2026-09-26T08:06:29.936Z,2026-09-26T08:06:30.378Z,2026-09-26T08:06:30.378Z,,318,123888.3
1.2.0,6cafcd86-5c31-46a7-83e8-471788f2c459,P002,pilot,pointing-pilot-selected-208-post104-continuous-v4,6f01dd8e6afd67eb78b863696a810bcbdbe09d09487ab1b75dcf1e8e4cb7d335,,"[""C2"",""C3""]",training,C2,1,s12,12,5,148,148,148,147,147,6cafcd86-5c31-46a7-83e8-471788f2c459:s12:t5,6cafcd86-5c31-46a7-83e8-471788f2c459:s12:t5:a1,1,6cafcd86-5c31-46a7-83e8-471788f2c459:segment1,90,10,3.321928094887362,315.7894736842105,35.08771929824561,318.1088453260051,5833f780-308c-41c8-947c-f8b38a7cfc05,1,11,4,829.1007763493185,449.6467896734714,1108.7184686608584,596.4014755820297,815,453,124334.29999995232,1122,596,124939.10000002384,604.8000000715256,true,true,0,1122,596,604.8000000715256,0,completed,,,2026-09-26T08:06:30.378Z,2026-09-26T08:06:30.983Z,2026-09-26T08:06:30.983Z,,323,124330.7
1.2.0,6cafcd86-5c31-46a7-83e8-471788f2c459,P002,pilot,pointing-pilot-selected-208-post104-continuous-v4,6f01dd8e6afd67eb78b863696a810bcbdbe09d09487ab1b75dcf1e8e4cb7d335,,"[""C2"",""C3""]",training,C2,1,s12,12,6,149,149,149,148,148,6cafcd86-5c31-46a7-83e8-471788f2c459:s12:t6,6cafcd86-5c31-46a7-83e8-471788f2c459:s12:t6:a1,1,6cafcd86-5c31-46a7-83e8-471788f2c459:segment1,90,10,3.321928094887362,315.7894736842105,35.08771929824561,318.1088453260051,5833f780-308c-41c8-947c-f8b38a7cfc05,1,4,10,1108.7184686608584,596.4014755820297,802.1052631578948,520.8281079122746,1122,596,124939.10000002384,793,518,125327.79999995232,388.6999999284744,true,true,0,793,518,388.6999999284744,0,completed,,,2026-09-26T08:06:30.983Z,2026-09-26T08:06:31.371Z,2026-09-26T08:06:31.371Z,,285,124936.8
1.2.0,6cafcd86-5c31-46a7-83e8-471788f2c459,P002,pilot,pointing-pilot-selected-208-post104-continuous-v4,6f01dd8e6afd67eb78b863696a810bcbdbe09d09487ab1b75dcf1e8e4cb7d335,,"[""C2"",""C3""]",training,C2,1,s12,12,7,150,150,150,149,149,6cafcd86-5c31-46a7-83e8-471788f2c459:s12:t7,6cafcd86-5c31-46a7-83e8-471788f2c459:s12:t7:a1,1,6cafcd86-5c31-46a7-83e8-471788f2c459:segment1,90,10,3.321928094887362,315.7894736842105,35.08771929824561,318.1088453260051,5833f780-308c-41c8-947c-f8b38a7cfc05,1,10,3,802.1052631578948,520.8281079122746,1117.8947368421052,520.8281079122746,793,518,125327.79999995232,1124,505,125778.5,450.7000000476837,true,true,0,1124,505,450.7000000476837,0,completed,,,2026-09-26T08:06:31.371Z,2026-09-26T08:06:31.822Z,2026-09-26T08:06:31.822Z,,217,125327.696
1.2.0,6cafcd86-5c31-46a7-83e8-471788f2c459,P002,pilot,pointing-pilot-selected-208-post104-continuous-v4,6f01dd8e6afd67eb78b863696a810bcbdbe09d09487ab1b75dcf1e8e4cb7d335,,"[""C2"",""C3""]",training,C2,1,s12,12,8,151,151,151,150,150,6cafcd86-5c31-46a7-83e8-471788f2c459:s12:t8,6cafcd86-5c31-46a7-83e8-471788f2c459:s12:t8:a1,1,6cafcd86-5c31-46a7-83e8-471788f2c459:segment1,90,10,3.321928094887362,315.7894736842105,35.08771929824561,318.1088453260051,5833f780-308c-41c8-947c-f8b38a7cfc05,1,3,9,1117.8947368421052,520.8281079122746,811.2815313391415,596.4014755820298,1124,505,125778.5,810,591,126206,427.5,true,true,0,810,591,427.5,0,completed,,,2026-09-26T08:06:31.822Z,2026-09-26T08:06:32.250Z,2026-09-26T08:06:32.250Z,,315,125779.192
1.2.0,6cafcd86-5c31-46a7-83e8-471788f2c459,P002,pilot,pointing-pilot-selected-208-post104-continuous-v4,6f01dd8e6afd67eb78b863696a810bcbdbe09d09487ab1b75dcf1e8e4cb7d335,,"[""C2"",""C3""]",training,C2,1,s12,12,9,152,152,152,151,151,6cafcd86-5c31-46a7-83e8-471788f2c459:s12:t9,6cafcd86-5c31-46a7-83e8-471788f2c459:s12:t9:a1,1,6cafcd86-5c31-46a7-83e8-471788f2c459:segment1,90,10,3.321928094887362,315.7894736842105,35.08771929824561,318.1088453260051,5833f780-308c-41c8-947c-f8b38a7cfc05,1,9,2,811.2815313391415,596.4014755820298,1090.8992236506815,449.64678967347123,810,591,126206,1093,453,126627.29999995232,421.2999999523163,true,true,0,1093,453,421.2999999523163,0,completed,,,2026-09-26T08:06:32.250Z,2026-09-26T08:06:32.671Z,2026-09-26T08:06:32.671Z,,300,126203.4
1.2.0,6cafcd86-5c31-46a7-83e8-471788f2c459,P002,pilot,pointing-pilot-selected-208-post104-continuous-v4,6f01dd8e6afd67eb78b863696a810bcbdbe09d09487ab1b75dcf1e8e4cb7d335,,"[""C2"",""C3""]",training,C2,1,s12,12,10,153,153,153,152,152,6cafcd86-5c31-46a7-83e8-471788f2c459:s12:t10,6cafcd86-5c31-46a7-83e8-471788f2c459:s12:t10:a1,1,6cafcd86-5c31-46a7-83e8-471788f2c459:segment1,90,10,3.321928094887362,315.7894736842105,35.08771929824561,318.1088453260051,5833f780-308c-41c8-947c-f8b38a7cfc05,1,2,8,1090.8992236506815,449.64678967347123,854.5274084387548,659.0539449074066,1093,453,126627.29999995232,858,662,127087,459.7000000476837,true,true,0,858,662,459.7000000476837,0,completed,,,2026-09-26T08:06:32.671Z,2026-09-26T08:06:33.131Z,2026-09-26T08:06:33.131Z,,378,126624.632
1.2.0,6cafcd86-5c31-46a7-83e8-471788f2c459,P002,pilot,pointing-pilot-selected-208-post104-continuous-v4,6f01dd8e6afd67eb78b863696a810bcbdbe09d09487ab1b75dcf1e8e4cb7d335,,"[""C2"",""C3""]",training,C2,1,s12,12,11,154,154,154,153,153,6cafcd86-5c31-46a7-83e8-471788f2c459:s12:t11,6cafcd86-5c31-46a7-83e8-471788f2c459:s12:t11:a1,1,6cafcd86-5c31-46a7-83e8-471788f2c459:segment1,90,10,3.321928094887362,315.7894736842105,35.08771929824561,318.1088453260051,5833f780-308c-41c8-947c-f8b38a7cfc05,1,8,1,854.5274084387548,659.0539449074066,1033.9162758275409,399.1643030462519,858,662,127087,1027,396,127619.89999997616,532.8999999761581,true,true,0,1027,396,532.8999999761581,0,completed,,,2026-09-26T08:06:33.131Z,2026-09-26T08:06:33.664Z,2026-09-26T08:06:33.664Z,,365,127082.2
1.2.0,6cafcd86-5c31-46a7-83e8-471788f2c459,P002,pilot,pointing-pilot-selected-208-post104-continuous-v4,6f01dd8e6afd67eb78b863696a810bcbdbe09d09487ab1b75dcf1e8e4cb7d335,,"[""C2"",""C3""]",training,C2,1,s12,12,12,155,155,155,154,154,6cafcd86-5c31-46a7-83e8-471788f2c459:s12:t12,6cafcd86-5c31-46a7-83e8-471788f2c459:s12:t12:a1,1,6cafcd86-5c31-46a7-83e8-471788f2c459:segment1,90,10,3.321928094887362,315.7894736842105,35.08771929824561,318.1088453260051,5833f780-308c-41c8-947c-f8b38a7cfc05,1,1,7,1033.9162758275409,399.1643030462519,921.9357851825296,694.4325902100671,1027,396,127619.89999997616,916,686,128077.39999997616,457.5,true,true,0,916,686,457.5,0,completed,,,2026-09-26T08:06:33.664Z,2026-09-26T08:06:34.121Z,2026-09-26T08:06:34.121Z,,331,127621.6
1.2.0,6cafcd86-5c31-46a7-83e8-471788f2c459,P002,pilot,pointing-pilot-selected-208-post104-continuous-v4,6f01dd8e6afd67eb78b863696a810bcbdbe09d09487ab1b75dcf1e8e4cb7d335,,"[""C2"",""C3""]",training,C2,1,s12,12,13,156,156,156,155,155,6cafcd86-5c31-46a7-83e8-471788f2c459:s12:t13,6cafcd86-5c31-46a7-83e8-471788f2c459:s12:t13:a1,1,6cafcd86-5c31-46a7-83e8-471788f2c459:segment1,90,10,3.321928094887362,315.7894736842105,35.08771929824561,318.1088453260051,5833f780-308c-41c8-947c-f8b38a7cfc05,1,7,0,921.9357851825296,694.4325902100671,960,380.9455773369974,916,686,128077.39999997616,961,377,128660,582.6000000238419,true,true,0,961,377,582.6000000238419,0,completed,,,2026-09-26T08:06:34.121Z,2026-09-26T08:06:34.704Z,2026-09-26T08:06:34.704Z,,346,128076.1
1.2.0,6cafcd86-5c31-46a7-83e8-471788f2c459,P002,pilot,pointing-pilot-selected-208-post104-continuous-v4,6f01dd8e6afd67eb78b863696a810bcbdbe09d09487ab1b75dcf1e8e4cb7d335,,"[""C2"",""C3""]",training,C2,1,s13,13,1,157,157,157,156,156,6cafcd86-5c31-46a7-83e8-471788f2c459:s13:t1,6cafcd86-5c31-46a7-83e8-471788f2c459:s13:t1:a1,1,6cafcd86-5c31-46a7-83e8-471788f2c459:segment1,90,10,3.321928094887362,315.7894736842105,35.08771929824561,318.1088453260051,5833f780-308c-41c8-947c-f8b38a7cfc05,1,0,6,960,380.9455773369974,998.0642148174704,694.4325902100671,961,377,128660,991,687,129070.79999995232,410.7999999523163,true,true,0,991,687,410.7999999523163,0,completed,,,2026-09-26T08:06:34.704Z,2026-09-26T08:06:35.114Z,2026-09-26T08:06:35.114Z,,307,128658
1.2.0,6cafcd86-5c31-46a7-83e8-471788f2c459,P002,pilot,pointing-pilot-selected-208-post104-continuous-v4,6f01dd8e6afd67eb78b863696a810bcbdbe09d09487ab1b75dcf1e8e4cb7d335,,"[""C2"",""C3""]",training,C2,1,s13,13,2,158,158,158,157,157,6cafcd86-5c31-46a7-83e8-471788f2c459:s13:t2,6cafcd86-5c31-46a7-83e8-471788f2c459:s13:t2:a1,1,6cafcd86-5c31-46a7-83e8-471788f2c459:segment1,90,10,3.321928094887362,315.7894736842105,35.08771929824561,318.1088453260051,5833f780-308c-41c8-947c-f8b38a7cfc05,1,6,12,998.0642148174704,694.4325902100671,886.0837241724593,399.1643030462519,991,687,129070.79999995232,881,410,129561.60000002384,490.8000000715256,true,true,0,881,410,490.8000000715256,0,completed,,,2026-09-26T08:06:35.114Z,2026-09-26T08:06:35.605Z,2026-09-26T08:06:35.605Z,,319,129070.1
1.2.0,6cafcd86-5c31-46a7-83e8-471788f2c459,P002,pilot,pointing-pilot-selected-208-post104-continuous-v4,6f01dd8e6afd67eb78b863696a810bcbdbe09d09487ab1b75dcf1e8e4cb7d335,,"[""C2"",""C3""]",training,C2,1,s13,13,3,159,159,159,158,158,6cafcd86-5c31-46a7-83e8-471788f2c459:s13:t3,6cafcd86-5c31-46a7-83e8-471788f2c459:s13:t3:a1,1,6cafcd86-5c31-46a7-83e8-471788f2c459:segment1,90,10,3.321928094887362,315.7894736842105,35.08771929824561,318.1088453260051,5833f780-308c-41c8-947c-f8b38a7cfc05,1,12,5,886.0837241724593,399.1643030462519,1065.4725915612453,659.0539449074066,881,410,129561.60000002384,1058,645,130038.89999997616,477.2999999523163,true,true,0,1058,645,477.2999999523163,0,completed,,,2026-09-26T08:06:35.605Z,2026-09-26T08:06:36.083Z,2026-09-26T08:06:36.083Z,,312,129561
1.2.0,6cafcd86-5c31-46a7-83e8-471788f2c459,P002,pilot,pointing-pilot-selected-208-post104-continuous-v4,6f01dd8e6afd67eb78b863696a810bcbdbe09d09487ab1b75dcf1e8e4cb7d335,,"[""C2"",""C3""]",training,C2,1,s13,13,4,160,160,160,159,159,6cafcd86-5c31-46a7-83e8-471788f2c459:s13:t4,6cafcd86-5c31-46a7-83e8-471788f2c459:s13:t4:a1,1,6cafcd86-5c31-46a7-83e8-471788f2c459:segment1,90,10,3.321928094887362,315.7894736842105,35.08771929824561,318.1088453260051,5833f780-308c-41c8-947c-f8b38a7cfc05,1,5,11,1065.4725915612453,659.0539449074066,829.1007763493185,449.6467896734714,1058,645,130038.89999997616,820,442,130449.5,410.60000002384186,true,true,0,820,442,410.60000002384186,0,completed,,,2026-09-26T08:06:36.083Z,2026-09-26T08:06:36.493Z,2026-09-26T08:06:36.493Z,,351,130033.7
1.2.0,6cafcd86-5c31-46a7-83e8-471788f2c459,P002,pilot,pointing-pilot-selected-208-post104-continuous-v4,6f01dd8e6afd67eb78b863696a810bcbdbe09d09487ab1b75dcf1e8e4cb7d335,,"[""C2"",""C3""]",training,C2,1,s13,13,5,161,161,161,160,160,6cafcd86-5c31-46a7-83e8-471788f2c459:s13:t5,6cafcd86-5c31-46a7-83e8-471788f2c459:s13:t5:a1,1,6cafcd86-5c31-46a7-83e8-471788f2c459:segment1,90,10,3.321928094887362,315.7894736842105,35.08771929824561,318.1088453260051,5833f780-308c-41c8-947c-f8b38a7cfc05,1,11,4,829.1007763493185,449.6467896734714,1108.7184686608584,596.4014755820297,820,442,130449.5,1119,596,130961.19999992847,511.6999999284744,true,true,0,1119,596,511.6999999284744,0,completed,,,2026-09-26T08:06:36.493Z,2026-09-26T08:06:37.005Z,2026-09-26T08:06:37.005Z,,325,130445.8
1.2.0,6cafcd86-5c31-46a7-83e8-471788f2c459,P002,pilot,pointing-pilot-selected-208-post104-continuous-v4,6f01dd8e6afd67eb78b863696a810bcbdbe09d09487ab1b75dcf1e8e4cb7d335,,"[""C2"",""C3""]",training,C2,1,s13,13,6,162,162,162,161,161,6cafcd86-5c31-46a7-83e8-471788f2c459:s13:t6,6cafcd86-5c31-46a7-83e8-471788f2c459:s13:t6:a1,1,6cafcd86-5c31-46a7-83e8-471788f2c459:segment1,90,10,3.321928094887362,315.7894736842105,35.08771929824561,318.1088453260051,5833f780-308c-41c8-947c-f8b38a7cfc05,1,4,10,1108.7184686608584,596.4014755820297,802.1052631578948,520.8281079122746,1119,596,130961.19999992847,775,524,131327,365.8000000715256,false,true,1,787,524,600,234.19999992847443,completed,,,2026-09-26T08:06:37.005Z,2026-09-26T08:06:37.371Z,2026-09-26T08:06:37.605Z,,272,130961
1.2.0,6cafcd86-5c31-46a7-83e8-471788f2c459,P002,pilot,pointing-pilot-selected-208-post104-continuous-v4,6f01dd8e6afd67eb78b863696a810bcbdbe09d09487ab1b75dcf1e8e4cb7d335,,"[""C2"",""C3""]",training,C2,1,s13,13,7,163,163,163,162,162,6cafcd86-5c31-46a7-83e8-471788f2c459:s13:t7,6cafcd86-5c31-46a7-83e8-471788f2c459:s13:t7:a1,1,6cafcd86-5c31-46a7-83e8-471788f2c459:segment1,90,10,3.321928094887362,315.7894736842105,35.08771929824561,318.1088453260051,5833f780-308c-41c8-947c-f8b38a7cfc05,1,10,3,802.1052631578948,520.8281079122746,1117.8947368421052,520.8281079122746,787,524,131561.19999992847,1107,517,132072.29999995232,511.10000002384186,true,true,0,1107,517,511.10000002384186,0,completed,,,2026-09-26T08:06:37.605Z,2026-09-26T08:06:38.116Z,2026-09-26T08:06:38.116Z,,295,131561
1.2.0,6cafcd86-5c31-46a7-83e8-471788f2c459,P002,pilot,pointing-pilot-selected-208-post104-continuous-v4,6f01dd8e6afd67eb78b863696a810bcbdbe09d09487ab1b75dcf1e8e4cb7d335,,"[""C2"",""C3""]",training,C2,1,s13,13,8,164,164,164,163,163,6cafcd86-5c31-46a7-83e8-471788f2c459:s13:t8,6cafcd86-5c31-46a7-83e8-471788f2c459:s13:t8:a1,1,6cafcd86-5c31-46a7-83e8-471788f2c459:segment1,90,10,3.321928094887362,315.7894736842105,35.08771929824561,318.1088453260051,5833f780-308c-41c8-947c-f8b38a7cfc05,1,3,9,1117.8947368421052,520.8281079122746,811.2815313391415,596.4014755820298,1107,517,132072.29999995232,804,589,132517.39999997616,445.10000002384186,true,true,0,804,589,445.10000002384186,0,completed,,,2026-09-26T08:06:38.116Z,2026-09-26T08:06:38.561Z,2026-09-26T08:06:38.561Z,,307,132073.032
1.2.0,6cafcd86-5c31-46a7-83e8-471788f2c459,P002,pilot,pointing-pilot-selected-208-post104-continuous-v4,6f01dd8e6afd67eb78b863696a810bcbdbe09d09487ab1b75dcf1e8e4cb7d335,,"[""C2"",""C3""]",training,C2,1,s13,13,9,165,165,165,164,164,6cafcd86-5c31-46a7-83e8-471788f2c459:s13:t9,6cafcd86-5c31-46a7-83e8-471788f2c459:s13:t9:a1,1,6cafcd86-5c31-46a7-83e8-471788f2c459:segment1,90,10,3.321928094887362,315.7894736842105,35.08771929824561,318.1088453260051,5833f780-308c-41c8-947c-f8b38a7cfc05,1,9,2,811.2815313391415,596.4014755820298,1090.8992236506815,449.64678967347123,804,589,132517.39999997616,1095,441,132938.5,421.10000002384186,true,true,0,1095,441,421.10000002384186,0,completed,,,2026-09-26T08:06:38.561Z,2026-09-26T08:06:38.982Z,2026-09-26T08:06:38.982Z,,293,132518.5
1.2.0,6cafcd86-5c31-46a7-83e8-471788f2c459,P002,pilot,pointing-pilot-selected-208-post104-continuous-v4,6f01dd8e6afd67eb78b863696a810bcbdbe09d09487ab1b75dcf1e8e4cb7d335,,"[""C2"",""C3""]",training,C2,1,s13,13,10,166,166,166,165,165,6cafcd86-5c31-46a7-83e8-471788f2c459:s13:t10,6cafcd86-5c31-46a7-83e8-471788f2c459:s13:t10:a1,1,6cafcd86-5c31-46a7-83e8-471788f2c459:segment1,90,10,3.321928094887362,315.7894736842105,35.08771929824561,318.1088453260051,5833f780-308c-41c8-947c-f8b38a7cfc05,1,2,8,1090.8992236506815,449.64678967347123,854.5274084387548,659.0539449074066,1095,441,132938.5,859,657,133385.19999992847,446.6999999284744,true,true,0,859,657,446.6999999284744,0,completed,,,2026-09-26T08:06:38.982Z,2026-09-26T08:06:39.429Z,2026-09-26T08:06:39.429Z,,387,132936.7
1.2.0,6cafcd86-5c31-46a7-83e8-471788f2c459,P002,pilot,pointing-pilot-selected-208-post104-continuous-v4,6f01dd8e6afd67eb78b863696a810bcbdbe09d09487ab1b75dcf1e8e4cb7d335,,"[""C2"",""C3""]",training,C2,1,s13,13,11,167,167,167,166,166,6cafcd86-5c31-46a7-83e8-471788f2c459:s13:t11,6cafcd86-5c31-46a7-83e8-471788f2c459:s13:t11:a1,1,6cafcd86-5c31-46a7-83e8-471788f2c459:segment1,90,10,3.321928094887362,315.7894736842105,35.08771929824561,318.1088453260051,5833f780-308c-41c8-947c-f8b38a7cfc05,1,8,1,854.5274084387548,659.0539449074066,1033.9162758275409,399.1643030462519,859,657,133385.19999992847,1022,404,133872.19999992847,487,true,true,0,1022,404,487,0,completed,,,2026-09-26T08:06:39.429Z,2026-09-26T08:06:39.916Z,2026-09-26T08:06:39.916Z,,352,133385.2
1.2.0,6cafcd86-5c31-46a7-83e8-471788f2c459,P002,pilot,pointing-pilot-selected-208-post104-continuous-v4,6f01dd8e6afd67eb78b863696a810bcbdbe09d09487ab1b75dcf1e8e4cb7d335,,"[""C2"",""C3""]",training,C2,1,s13,13,12,168,168,168,167,167,6cafcd86-5c31-46a7-83e8-471788f2c459:s13:t12,6cafcd86-5c31-46a7-83e8-471788f2c459:s13:t12:a1,1,6cafcd86-5c31-46a7-83e8-471788f2c459:segment1,90,10,3.321928094887362,315.7894736842105,35.08771929824561,318.1088453260051,5833f780-308c-41c8-947c-f8b38a7cfc05,1,1,7,1033.9162758275409,399.1643030462519,921.9357851825296,694.4325902100671,1022,404,133872.19999992847,927,686,134321.69999992847,449.5,true,true,0,927,686,449.5,0,completed,,,2026-09-26T08:06:39.916Z,2026-09-26T08:06:40.365Z,2026-09-26T08:06:40.365Z,,316,133870.1
1.2.0,6cafcd86-5c31-46a7-83e8-471788f2c459,P002,pilot,pointing-pilot-selected-208-post104-continuous-v4,6f01dd8e6afd67eb78b863696a810bcbdbe09d09487ab1b75dcf1e8e4cb7d335,,"[""C2"",""C3""]",training,C2,1,s13,13,13,169,169,169,168,168,6cafcd86-5c31-46a7-83e8-471788f2c459:s13:t13,6cafcd86-5c31-46a7-83e8-471788f2c459:s13:t13:a1,1,6cafcd86-5c31-46a7-83e8-471788f2c459:segment1,90,10,3.321928094887362,315.7894736842105,35.08771929824561,318.1088453260051,5833f780-308c-41c8-947c-f8b38a7cfc05,1,7,0,921.9357851825296,694.4325902100671,960,380.9455773369974,927,686,134321.69999992847,973,378,134928.10000002384,606.4000000953674,true,true,0,973,378,606.4000000953674,0,completed,,,2026-09-26T08:06:40.365Z,2026-09-26T08:06:40.972Z,2026-09-26T08:06:40.972Z,,330,134318.6
1.2.0,6cafcd86-5c31-46a7-83e8-471788f2c459,P002,pilot,pointing-pilot-selected-208-post104-continuous-v4,6f01dd8e6afd67eb78b863696a810bcbdbe09d09487ab1b75dcf1e8e4cb7d335,,"[""C2"",""C3""]",training,C2,1,s14,14,1,170,170,170,169,169,6cafcd86-5c31-46a7-83e8-471788f2c459:s14:t1,6cafcd86-5c31-46a7-83e8-471788f2c459:s14:t1:a1,1,6cafcd86-5c31-46a7-83e8-471788f2c459:segment1,90,10,3.321928094887362,315.7894736842105,35.08771929824561,318.1088453260051,5833f780-308c-41c8-947c-f8b38a7cfc05,1,0,6,960,380.9455773369974,998.0642148174704,694.4325902100671,973,378,134928.10000002384,994,707,135349.89999997616,421.7999999523163,true,true,0,994,707,421.7999999523163,0,completed,,,2026-09-26T08:06:40.972Z,2026-09-26T08:06:41.394Z,2026-09-26T08:06:41.394Z,,338,134924.6
1.2.0,6cafcd86-5c31-46a7-83e8-471788f2c459,P002,pilot,pointing-pilot-selected-208-post104-continuous-v4,6f01dd8e6afd67eb78b863696a810bcbdbe09d09487ab1b75dcf1e8e4cb7d335,,"[""C2"",""C3""]",training,C2,1,s14,14,2,171,171,171,170,170,6cafcd86-5c31-46a7-83e8-471788f2c459:s14:t2,6cafcd86-5c31-46a7-83e8-471788f2c459:s14:t2:a1,1,6cafcd86-5c31-46a7-83e8-471788f2c459:segment1,90,10,3.321928094887362,315.7894736842105,35.08771929824561,318.1088453260051,5833f780-308c-41c8-947c-f8b38a7cfc05,1,6,12,998.0642148174704,694.4325902100671,886.0837241724593,399.1643030462519,994,707,135349.89999997616,877,404,135820.89999997616,471,true,true,0,877,404,471,0,completed,,,2026-09-26T08:06:41.394Z,2026-09-26T08:06:41.865Z,2026-09-26T08:06:41.865Z,,373,135348.8
1.2.0,6cafcd86-5c31-46a7-83e8-471788f2c459,P002,pilot,pointing-pilot-selected-208-post104-continuous-v4,6f01dd8e6afd67eb78b863696a810bcbdbe09d09487ab1b75dcf1e8e4cb7d335,,"[""C2"",""C3""]",training,C2,1,s14,14,3,172,172,172,171,171,6cafcd86-5c31-46a7-83e8-471788f2c459:s14:t3,6cafcd86-5c31-46a7-83e8-471788f2c459:s14:t3:a1,1,6cafcd86-5c31-46a7-83e8-471788f2c459:segment1,90,10,3.321928094887362,315.7894736842105,35.08771929824561,318.1088453260051,5833f780-308c-41c8-947c-f8b38a7cfc05,1,12,5,886.0837241724593,399.1643030462519,1065.4725915612453,659.0539449074066,877,404,135820.89999997616,1060,644,136213.5,392.60000002384186,true,true,0,1060,644,392.60000002384186,0,completed,,,2026-09-26T08:06:41.865Z,2026-09-26T08:06:42.257Z,2026-09-26T08:06:42.257Z,,313,135818.532
1.2.0,6cafcd86-5c31-46a7-83e8-471788f2c459,P002,pilot,pointing-pilot-selected-208-post104-continuous-v4,6f01dd8e6afd67eb78b863696a810bcbdbe09d09487ab1b75dcf1e8e4cb7d335,,"[""C2"",""C3""]",training,C2,1,s14,14,4,173,173,173,172,172,6cafcd86-5c31-46a7-83e8-471788f2c459:s14:t4,6cafcd86-5c31-46a7-83e8-471788f2c459:s14:t4:a1,1,6cafcd86-5c31-46a7-83e8-471788f2c459:segment1,90,10,3.321928094887362,315.7894736842105,35.08771929824561,318.1088453260051,5833f780-308c-41c8-947c-f8b38a7cfc05,1,5,11,1065.4725915612453,659.0539449074066,829.1007763493185,449.6467896734714,1060,644,136213.5,824,438,136757.29999995232,543.7999999523163,true,true,0,824,438,543.7999999523163,0,completed,,,2026-09-26T08:06:42.257Z,2026-09-26T08:06:42.801Z,2026-09-26T08:06:42.801Z,,303,136215.5
1.2.0,6cafcd86-5c31-46a7-83e8-471788f2c459,P002,pilot,pointing-pilot-selected-208-post104-continuous-v4,6f01dd8e6afd67eb78b863696a810bcbdbe09d09487ab1b75dcf1e8e4cb7d335,,"[""C2"",""C3""]",training,C2,1,s14,14,5,174,174,174,173,173,6cafcd86-5c31-46a7-83e8-471788f2c459:s14:t5,6cafcd86-5c31-46a7-83e8-471788f2c459:s14:t5:a1,1,6cafcd86-5c31-46a7-83e8-471788f2c459:segment1,90,10,3.321928094887362,315.7894736842105,35.08771929824561,318.1088453260051,5833f780-308c-41c8-947c-f8b38a7cfc05,1,11,4,829.1007763493185,449.6467896734714,1108.7184686608584,596.4014755820297,824,438,136757.29999995232,1093,591,137203.79999995232,446.5,true,true,0,1093,591,446.5,0,completed,,,2026-09-26T08:06:42.801Z,2026-09-26T08:06:43.247Z,2026-09-26T08:06:43.247Z,,316,136754.9
1.2.0,6cafcd86-5c31-46a7-83e8-471788f2c459,P002,pilot,pointing-pilot-selected-208-post104-continuous-v4,6f01dd8e6afd67eb78b863696a810bcbdbe09d09487ab1b75dcf1e8e4cb7d335,,"[""C2"",""C3""]",training,C2,1,s14,14,6,175,175,175,174,174,6cafcd86-5c31-46a7-83e8-471788f2c459:s14:t6,6cafcd86-5c31-46a7-83e8-471788f2c459:s14:t6:a1,1,6cafcd86-5c31-46a7-83e8-471788f2c459:segment1,90,10,3.321928094887362,315.7894736842105,35.08771929824561,318.1088453260051,5833f780-308c-41c8-947c-f8b38a7cfc05,1,4,10,1108.7184686608584,596.4014755820297,802.1052631578948,520.8281079122746,1093,591,137203.79999995232,789,527,137647.79999995232,444,true,true,0,789,527,444,0,completed,,,2026-09-26T08:06:43.247Z,2026-09-26T08:06:43.691Z,2026-09-26T08:06:43.691Z,,251,137203.4
1.2.0,6cafcd86-5c31-46a7-83e8-471788f2c459,P002,pilot,pointing-pilot-selected-208-post104-continuous-v4,6f01dd8e6afd67eb78b863696a810bcbdbe09d09487ab1b75dcf1e8e4cb7d335,,"[""C2"",""C3""]",training,C2,1,s14,14,7,176,176,176,175,175,6cafcd86-5c31-46a7-83e8-471788f2c459:s14:t7,6cafcd86-5c31-46a7-83e8-471788f2c459:s14:t7:a1,1,6cafcd86-5c31-46a7-83e8-471788f2c459:segment1,90,10,3.321928094887362,315.7894736842105,35.08771929824561,318.1088453260051,5833f780-308c-41c8-947c-f8b38a7cfc05,1,10,3,802.1052631578948,520.8281079122746,1117.8947368421052,520.8281079122746,789,527,137647.79999995232,1119,508,138122.19999992847,474.39999997615814,true,true,0,1119,508,474.39999997615814,0,completed,,,2026-09-26T08:06:43.691Z,2026-09-26T08:06:44.166Z,2026-09-26T08:06:44.166Z,,248,137645.8
1.2.0,6cafcd86-5c31-46a7-83e8-471788f2c459,P002,pilot,pointing-pilot-selected-208-post104-continuous-v4,6f01dd8e6afd67eb78b863696a810bcbdbe09d09487ab1b75dcf1e8e4cb7d335,,"[""C2"",""C3""]",training,C2,1,s14,14,8,177,177,177,176,176,6cafcd86-5c31-46a7-83e8-471788f2c459:s14:t8,6cafcd86-5c31-46a7-83e8-471788f2c459:s14:t8:a1,1,6cafcd86-5c31-46a7-83e8-471788f2c459:segment1,90,10,3.321928094887362,315.7894736842105,35.08771929824561,318.1088453260051,5833f780-308c-41c8-947c-f8b38a7cfc05,1,3,9,1117.8947368421052,520.8281079122746,811.2815313391415,596.4014755820298,1119,508,138122.19999992847,810,603,138553.39999997616,431.2000000476837,true,true,0,810,603,431.2000000476837,0,completed,,,2026-09-26T08:06:44.166Z,2026-09-26T08:06:44.597Z,2026-09-26T08:06:44.597Z,,318,138124.6
1.2.0,6cafcd86-5c31-46a7-83e8-471788f2c459,P002,pilot,pointing-pilot-selected-208-post104-continuous-v4,6f01dd8e6afd67eb78b863696a810bcbdbe09d09487ab1b75dcf1e8e4cb7d335,,"[""C2"",""C3""]",training,C2,1,s14,14,9,178,178,178,177,177,6cafcd86-5c31-46a7-83e8-471788f2c459:s14:t9,6cafcd86-5c31-46a7-83e8-471788f2c459:s14:t9:a1,1,6cafcd86-5c31-46a7-83e8-471788f2c459:segment1,90,10,3.321928094887362,315.7894736842105,35.08771929824561,318.1088453260051,5833f780-308c-41c8-947c-f8b38a7cfc05,1,9,2,811.2815313391415,596.4014755820298,1090.8992236506815,449.64678967347123,810,603,138553.39999997616,1090,452,139142.29999995232,588.8999999761581,true,true,0,1090,452,588.8999999761581,0,completed,,,2026-09-26T08:06:44.597Z,2026-09-26T08:06:45.186Z,2026-09-26T08:06:45.186Z,,370,138554.9
1.2.0,6cafcd86-5c31-46a7-83e8-471788f2c459,P002,pilot,pointing-pilot-selected-208-post104-continuous-v4,6f01dd8e6afd67eb78b863696a810bcbdbe09d09487ab1b75dcf1e8e4cb7d335,,"[""C2"",""C3""]",training,C2,1,s14,14,10,179,179,179,178,178,6cafcd86-5c31-46a7-83e8-471788f2c459:s14:t10,6cafcd86-5c31-46a7-83e8-471788f2c459:s14:t10:a1,1,6cafcd86-5c31-46a7-83e8-471788f2c459:segment1,90,10,3.321928094887362,315.7894736842105,35.08771929824561,318.1088453260051,5833f780-308c-41c8-947c-f8b38a7cfc05,1,2,8,1090.8992236506815,449.64678967347123,854.5274084387548,659.0539449074066,1090,452,139142.29999995232,831,663,139607.29999995232,465,false,true,2,863,665,1754.2000000476837,1289.2000000476837,completed,,,2026-09-26T08:06:45.186Z,2026-09-26T08:06:45.651Z,2026-09-26T08:06:46.940Z,,1145,139136.7
1.2.0,6cafcd86-5c31-46a7-83e8-471788f2c459,P002,pilot,pointing-pilot-selected-208-post104-continuous-v4,6f01dd8e6afd67eb78b863696a810bcbdbe09d09487ab1b75dcf1e8e4cb7d335,,"[""C2"",""C3""]",training,C2,1,s14,14,11,180,180,180,179,179,6cafcd86-5c31-46a7-83e8-471788f2c459:s14:t11,6cafcd86-5c31-46a7-83e8-471788f2c459:s14:t11:a1,1,6cafcd86-5c31-46a7-83e8-471788f2c459:segment1,90,10,3.321928094887362,315.7894736842105,35.08771929824561,318.1088453260051,5833f780-308c-41c8-947c-f8b38a7cfc05,1,8,1,854.5274084387548,659.0539449074066,1033.9162758275409,399.1643030462519,863,665,140896.5,1030,401,141453,556.5,true,true,0,1030,401,556.5,0,completed,,,2026-09-26T08:06:46.940Z,2026-09-26T08:06:47.497Z,2026-09-26T08:06:47.497Z,,388,140894.3
1.2.0,6cafcd86-5c31-46a7-83e8-471788f2c459,P002,pilot,pointing-pilot-selected-208-post104-continuous-v4,6f01dd8e6afd67eb78b863696a810bcbdbe09d09487ab1b75dcf1e8e4cb7d335,,"[""C2"",""C3""]",training,C2,1,s14,14,12,181,181,181,180,180,6cafcd86-5c31-46a7-83e8-471788f2c459:s14:t12,6cafcd86-5c31-46a7-83e8-471788f2c459:s14:t12:a1,1,6cafcd86-5c31-46a7-83e8-471788f2c459:segment1,90,10,3.321928094887362,315.7894736842105,35.08771929824561,318.1088453260051,5833f780-308c-41c8-947c-f8b38a7cfc05,1,1,7,1033.9162758275409,399.1643030462519,921.9357851825296,694.4325902100671,1030,401,141453,922,695,141921.19999992847,468.1999999284744,true,true,0,922,695,468.1999999284744,0,completed,,,2026-09-26T08:06:47.497Z,2026-09-26T08:06:47.965Z,2026-09-26T08:06:47.965Z,,317,141457.9
1.2.0,6cafcd86-5c31-46a7-83e8-471788f2c459,P002,pilot,pointing-pilot-selected-208-post104-continuous-v4,6f01dd8e6afd67eb78b863696a810bcbdbe09d09487ab1b75dcf1e8e4cb7d335,,"[""C2"",""C3""]",training,C2,1,s14,14,13,182,182,182,181,181,6cafcd86-5c31-46a7-83e8-471788f2c459:s14:t13,6cafcd86-5c31-46a7-83e8-471788f2c459:s14:t13:a1,1,6cafcd86-5c31-46a7-83e8-471788f2c459:segment1,90,10,3.321928094887362,315.7894736842105,35.08771929824561,318.1088453260051,5833f780-308c-41c8-947c-f8b38a7cfc05,1,7,0,921.9357851825296,694.4325902100671,960,380.9455773369974,922,695,141921.19999992847,951,393,142489.10000002384,567.9000000953674,true,true,0,951,393,567.9000000953674,0,completed,,,2026-09-26T08:06:47.965Z,2026-09-26T08:06:48.533Z,2026-09-26T08:06:48.533Z,,369,141918.5
1.2.0,6cafcd86-5c31-46a7-83e8-471788f2c459,P002,pilot,pointing-pilot-selected-208-post104-continuous-v4,6f01dd8e6afd67eb78b863696a810bcbdbe09d09487ab1b75dcf1e8e4cb7d335,,"[""C2"",""C3""]",training,C2,1,s15,15,1,183,183,183,182,182,6cafcd86-5c31-46a7-83e8-471788f2c459:s15:t1,6cafcd86-5c31-46a7-83e8-471788f2c459:s15:t1:a1,1,6cafcd86-5c31-46a7-83e8-471788f2c459:segment1,90,10,3.321928094887362,315.7894736842105,35.08771929824561,318.1088453260051,5833f780-308c-41c8-947c-f8b38a7cfc05,1,0,6,960,380.9455773369974,998.0642148174704,694.4325902100671,951,393,142489.10000002384,987,681,142942.39999997616,453.2999999523163,true,true,0,987,681,453.2999999523163,0,completed,,,2026-09-26T08:06:48.533Z,2026-09-26T08:06:48.986Z,2026-09-26T08:06:48.986Z,,292,142488.2
1.2.0,6cafcd86-5c31-46a7-83e8-471788f2c459,P002,pilot,pointing-pilot-selected-208-post104-continuous-v4,6f01dd8e6afd67eb78b863696a810bcbdbe09d09487ab1b75dcf1e8e4cb7d335,,"[""C2"",""C3""]",training,C2,1,s15,15,2,184,184,184,183,183,6cafcd86-5c31-46a7-83e8-471788f2c459:s15:t2,6cafcd86-5c31-46a7-83e8-471788f2c459:s15:t2:a1,1,6cafcd86-5c31-46a7-83e8-471788f2c459:segment1,90,10,3.321928094887362,315.7894736842105,35.08771929824561,318.1088453260051,5833f780-308c-41c8-947c-f8b38a7cfc05,1,6,12,998.0642148174704,694.4325902100671,886.0837241724593,399.1643030462519,987,681,142942.39999997616,881,407,143377.69999992847,435.2999999523163,true,true,0,881,407,435.2999999523163,0,completed,,,2026-09-26T08:06:48.986Z,2026-09-26T08:06:49.421Z,2026-09-26T08:06:49.421Z,,303,142936.6
1.2.0,6cafcd86-5c31-46a7-83e8-471788f2c459,P002,pilot,pointing-pilot-selected-208-post104-continuous-v4,6f01dd8e6afd67eb78b863696a810bcbdbe09d09487ab1b75dcf1e8e4cb7d335,,"[""C2"",""C3""]",training,C2,1,s15,15,3,185,185,185,184,184,6cafcd86-5c31-46a7-83e8-471788f2c459:s15:t3,6cafcd86-5c31-46a7-83e8-471788f2c459:s15:t3:a1,1,6cafcd86-5c31-46a7-83e8-471788f2c459:segment1,90,10,3.321928094887362,315.7894736842105,35.08771929824561,318.1088453260051,5833f780-308c-41c8-947c-f8b38a7cfc05,1,12,5,886.0837241724593,399.1643030462519,1065.4725915612453,659.0539449074066,881,407,143377.69999992847,1088,662,143753.79999995232,376.10000002384186,false,true,1,1080,653,581.1000000238419,205,completed,,,2026-09-26T08:06:49.421Z,2026-09-26T08:06:49.797Z,2026-09-26T08:06:50.003Z,,354,143373.1
1.2.0,6cafcd86-5c31-46a7-83e8-471788f2c459,P002,pilot,pointing-pilot-selected-208-post104-continuous-v4,6f01dd8e6afd67eb78b863696a810bcbdbe09d09487ab1b75dcf1e8e4cb7d335,,"[""C2"",""C3""]",training,C2,1,s15,15,4,186,186,186,185,185,6cafcd86-5c31-46a7-83e8-471788f2c459:s15:t4,6cafcd86-5c31-46a7-83e8-471788f2c459:s15:t4:a1,1,6cafcd86-5c31-46a7-83e8-471788f2c459:segment1,90,10,3.321928094887362,315.7894736842105,35.08771929824561,318.1088453260051,5833f780-308c-41c8-947c-f8b38a7cfc05,1,5,11,1065.4725915612453,659.0539449074066,829.1007763493185,449.6467896734714,1080,653,143958.79999995232,826,448,144405.19999992847,446.39999997615814,true,true,0,826,448,446.39999997615814,0,completed,,,2026-09-26T08:06:50.003Z,2026-09-26T08:06:50.449Z,2026-09-26T08:06:50.449Z,,365,143960.9
1.2.0,6cafcd86-5c31-46a7-83e8-471788f2c459,P002,pilot,pointing-pilot-selected-208-post104-continuous-v4,6f01dd8e6afd67eb78b863696a810bcbdbe09d09487ab1b75dcf1e8e4cb7d335,,"[""C2"",""C3""]",training,C2,1,s15,15,5,187,187,187,186,186,6cafcd86-5c31-46a7-83e8-471788f2c459:s15:t5,6cafcd86-5c31-46a7-83e8-471788f2c459:s15:t5:a1,1,6cafcd86-5c31-46a7-83e8-471788f2c459:segment1,90,10,3.321928094887362,315.7894736842105,35.08771929824561,318.1088453260051,5833f780-308c-41c8-947c-f8b38a7cfc05,1,11,4,829.1007763493185,449.6467896734714,1108.7184686608584,596.4014755820297,826,448,144405.19999992847,1099,601,144794.89999997616,389.7000000476837,true,true,0,1099,601,389.7000000476837,0,completed,,,2026-09-26T08:06:50.449Z,2026-09-26T08:06:50.839Z,2026-09-26T08:06:50.839Z,,294,144409.5
1.2.0,6cafcd86-5c31-46a7-83e8-471788f2c459,P002,pilot,pointing-pilot-selected-208-post104-continuous-v4,6f01dd8e6afd67eb78b863696a810bcbdbe09d09487ab1b75dcf1e8e4cb7d335,,"[""C2"",""C3""]",training,C2,1,s15,15,6,188,188,188,187,187,6cafcd86-5c31-46a7-83e8-471788f2c459:s15:t6,6cafcd86-5c31-46a7-83e8-471788f2c459:s15:t6:a1,1,6cafcd86-5c31-46a7-83e8-471788f2c459:segment1,90,10,3.321928094887362,315.7894736842105,35.08771929824561,318.1088453260051,5833f780-308c-41c8-947c-f8b38a7cfc05,1,4,10,1108.7184686608584,596.4014755820297,802.1052631578948,520.8281079122746,1099,601,144794.89999997616,808,509,145175.69999992847,380.7999999523163,true,true,0,808,509,380.7999999523163,0,completed,,,2026-09-26T08:06:50.839Z,2026-09-26T08:06:51.219Z,2026-09-26T08:06:51.219Z,,283,144791.2
1.2.0,6cafcd86-5c31-46a7-83e8-471788f2c459,P002,pilot,pointing-pilot-selected-208-post104-continuous-v4,6f01dd8e6afd67eb78b863696a810bcbdbe09d09487ab1b75dcf1e8e4cb7d335,,"[""C2"",""C3""]",training,C2,1,s15,15,7,189,189,189,188,188,6cafcd86-5c31-46a7-83e8-471788f2c459:s15:t7,6cafcd86-5c31-46a7-83e8-471788f2c459:s15:t7:a1,1,6cafcd86-5c31-46a7-83e8-471788f2c459:segment1,90,10,3.321928094887362,315.7894736842105,35.08771929824561,318.1088453260051,5833f780-308c-41c8-947c-f8b38a7cfc05,1,10,3,802.1052631578948,520.8281079122746,1117.8947368421052,520.8281079122746,808,509,145175.69999992847,1145,514,145528.29999995232,352.60000002384186,false,true,1,1116,518,533,180.39999997615814,completed,,,2026-09-26T08:06:51.219Z,2026-09-26T08:06:51.572Z,2026-09-26T08:06:51.752Z,,266,145176.132
1.2.0,6cafcd86-5c31-46a7-83e8-471788f2c459,P002,pilot,pointing-pilot-selected-208-post104-continuous-v4,6f01dd8e6afd67eb78b863696a810bcbdbe09d09487ab1b75dcf1e8e4cb7d335,,"[""C2"",""C3""]",training,C2,1,s15,15,8,190,190,190,189,189,6cafcd86-5c31-46a7-83e8-471788f2c459:s15:t8,6cafcd86-5c31-46a7-83e8-471788f2c459:s15:t8:a1,1,6cafcd86-5c31-46a7-83e8-471788f2c459:segment1,90,10,3.321928094887362,315.7894736842105,35.08771929824561,318.1088453260051,5833f780-308c-41c8-947c-f8b38a7cfc05,1,3,9,1117.8947368421052,520.8281079122746,811.2815313391415,596.4014755820298,1116,518,145708.69999992847,820,595,146100.5,391.8000000715256,true,true,0,820,595,391.8000000715256,0,completed,,,2026-09-26T08:06:51.752Z,2026-09-26T08:06:52.144Z,2026-09-26T08:06:52.144Z,,267,145706.364
1.2.0,6cafcd86-5c31-46a7-83e8-471788f2c459,P002,pilot,pointing-pilot-selected-208-post104-continuous-v4,6f01dd8e6afd67eb78b863696a810bcbdbe09d09487ab1b75dcf1e8e4cb7d335,,"[""C2"",""C3""]",training,C2,1,s15,15,9,191,191,191,190,190,6cafcd86-5c31-46a7-83e8-471788f2c459:s15:t9,6cafcd86-5c31-46a7-83e8-471788f2c459:s15:t9:a1,1,6cafcd86-5c31-46a7-83e8-471788f2c459:segment1,90,10,3.321928094887362,315.7894736842105,35.08771929824561,318.1088453260051,5833f780-308c-41c8-947c-f8b38a7cfc05,1,9,2,811.2815313391415,596.4014755820298,1090.8992236506815,449.64678967347123,820,595,146100.5,1081,464,146464.69999992847,364.1999999284744,true,true,0,1081,464,364.1999999284744,0,completed,,,2026-09-26T08:06:52.144Z,2026-09-26T08:06:52.508Z,2026-09-26T08:06:52.508Z,,239,146101.798
1.2.0,6cafcd86-5c31-46a7-83e8-471788f2c459,P002,pilot,pointing-pilot-selected-208-post104-continuous-v4,6f01dd8e6afd67eb78b863696a810bcbdbe09d09487ab1b75dcf1e8e4cb7d335,,"[""C2"",""C3""]",training,C2,1,s15,15,10,192,192,192,191,191,6cafcd86-5c31-46a7-83e8-471788f2c459:s15:t10,6cafcd86-5c31-46a7-83e8-471788f2c459:s15:t10:a1,1,6cafcd86-5c31-46a7-83e8-471788f2c459:segment1,90,10,3.321928094887362,315.7894736842105,35.08771929824561,318.1088453260051,5833f780-308c-41c8-947c-f8b38a7cfc05,1,2,8,1090.8992236506815,449.64678967347123,854.5274084387548,659.0539449074066,1081,464,146464.69999992847,836,665,146853.5,388.8000000715256,false,true,2,852,650,1385.3000000715256,996.5,completed,,,2026-09-26T08:06:52.508Z,2026-09-26T08:06:52.897Z,2026-09-26T08:06:53.894Z,,1041,146464
1.2.0,6cafcd86-5c31-46a7-83e8-471788f2c459,P002,pilot,pointing-pilot-selected-208-post104-continuous-v4,6f01dd8e6afd67eb78b863696a810bcbdbe09d09487ab1b75dcf1e8e4cb7d335,,"[""C2"",""C3""]",training,C2,1,s15,15,11,193,193,193,192,192,6cafcd86-5c31-46a7-83e8-471788f2c459:s15:t11,6cafcd86-5c31-46a7-83e8-471788f2c459:s15:t11:a1,1,6cafcd86-5c31-46a7-83e8-471788f2c459:segment1,90,10,3.321928094887362,315.7894736842105,35.08771929824561,318.1088453260051,5833f780-308c-41c8-947c-f8b38a7cfc05,1,8,1,854.5274084387548,659.0539449074066,1033.9162758275409,399.1643030462519,852,650,147850,1035,402,148266.89999997616,416.89999997615814,true,true,0,1035,402,416.89999997615814,0,completed,,,2026-09-26T08:06:53.894Z,2026-09-26T08:06:54.311Z,2026-09-26T08:06:54.311Z,,342,147848.832
1.2.0,6cafcd86-5c31-46a7-83e8-471788f2c459,P002,pilot,pointing-pilot-selected-208-post104-continuous-v4,6f01dd8e6afd67eb78b863696a810bcbdbe09d09487ab1b75dcf1e8e4cb7d335,,"[""C2"",""C3""]",training,C2,1,s15,15,12,194,194,194,193,193,6cafcd86-5c31-46a7-83e8-471788f2c459:s15:t12,6cafcd86-5c31-46a7-83e8-471788f2c459:s15:t12:a1,1,6cafcd86-5c31-46a7-83e8-471788f2c459:segment1,90,10,3.321928094887362,315.7894736842105,35.08771929824561,318.1088453260051,5833f780-308c-41c8-947c-f8b38a7cfc05,1,1,7,1033.9162758275409,399.1643030462519,921.9357851825296,694.4325902100671,1035,402,148266.89999997616,924,686,148710.10000002384,443.2000000476837,true,true,0,924,686,443.2000000476837,0,completed,,,2026-09-26T08:06:54.311Z,2026-09-26T08:06:54.754Z,2026-09-26T08:06:54.754Z,,330,148264
1.2.0,6cafcd86-5c31-46a7-83e8-471788f2c459,P002,pilot,pointing-pilot-selected-208-post104-continuous-v4,6f01dd8e6afd67eb78b863696a810bcbdbe09d09487ab1b75dcf1e8e4cb7d335,,"[""C2"",""C3""]",training,C2,1,s15,15,13,195,195,195,194,194,6cafcd86-5c31-46a7-83e8-471788f2c459:s15:t13,6cafcd86-5c31-46a7-83e8-471788f2c459:s15:t13:a1,1,6cafcd86-5c31-46a7-83e8-471788f2c459:segment1,90,10,3.321928094887362,315.7894736842105,35.08771929824561,318.1088453260051,5833f780-308c-41c8-947c-f8b38a7cfc05,1,7,0,921.9357851825296,694.4325902100671,960,380.9455773369974,924,686,148710.10000002384,959,384,149132.79999995232,422.6999999284744,true,true,0,959,384,422.6999999284744,0,completed,,,2026-09-26T08:06:54.754Z,2026-09-26T08:06:55.176Z,2026-09-26T08:06:55.176Z,,312,148709.432
1.2.0,6cafcd86-5c31-46a7-83e8-471788f2c459,P002,pilot,pointing-pilot-selected-208-post104-continuous-v4,6f01dd8e6afd67eb78b863696a810bcbdbe09d09487ab1b75dcf1e8e4cb7d335,,"[""C2"",""C3""]",training,C2,1,s16,16,1,196,196,196,195,195,6cafcd86-5c31-46a7-83e8-471788f2c459:s16:t1,6cafcd86-5c31-46a7-83e8-471788f2c459:s16:t1:a1,1,6cafcd86-5c31-46a7-83e8-471788f2c459:segment1,90,10,3.321928094887362,315.7894736842105,35.08771929824561,318.1088453260051,5833f780-308c-41c8-947c-f8b38a7cfc05,1,0,6,960,380.9455773369974,998.0642148174704,694.4325902100671,959,384,149132.79999995232,1011,686,149614.60000002384,481.8000000715256,true,true,0,1011,686,481.8000000715256,0,completed,,,2026-09-26T08:06:55.176Z,2026-09-26T08:06:55.658Z,2026-09-26T08:06:55.658Z,,296,149133.632
1.2.0,6cafcd86-5c31-46a7-83e8-471788f2c459,P002,pilot,pointing-pilot-selected-208-post104-continuous-v4,6f01dd8e6afd67eb78b863696a810bcbdbe09d09487ab1b75dcf1e8e4cb7d335,,"[""C2"",""C3""]",training,C2,1,s16,16,2,197,197,197,196,196,6cafcd86-5c31-46a7-83e8-471788f2c459:s16:t2,6cafcd86-5c31-46a7-83e8-471788f2c459:s16:t2:a1,1,6cafcd86-5c31-46a7-83e8-471788f2c459:segment1,90,10,3.321928094887362,315.7894736842105,35.08771929824561,318.1088453260051,5833f780-308c-41c8-947c-f8b38a7cfc05,1,6,12,998.0642148174704,694.4325902100671,886.0837241724593,399.1643030462519,1011,686,149614.60000002384,893,416,150082.89999997616,468.2999999523163,false,true,1,890,403,730.3999999761581,262.10000002384186,completed,,,2026-09-26T08:06:55.658Z,2026-09-26T08:06:56.127Z,2026-09-26T08:06:56.389Z,,338,149609.4
1.2.0,6cafcd86-5c31-46a7-83e8-471788f2c459,P002,pilot,pointing-pilot-selected-208-post104-continuous-v4,6f01dd8e6afd67eb78b863696a810bcbdbe09d09487ab1b75dcf1e8e4cb7d335,,"[""C2"",""C3""]",training,C2,1,s16,16,3,198,198,198,197,197,6cafcd86-5c31-46a7-83e8-471788f2c459:s16:t3,6cafcd86-5c31-46a7-83e8-471788f2c459:s16:t3:a1,1,6cafcd86-5c31-46a7-83e8-471788f2c459:segment1,90,10,3.321928094887362,315.7894736842105,35.08771929824561,318.1088453260051,5833f780-308c-41c8-947c-f8b38a7cfc05,1,12,5,886.0837241724593,399.1643030462519,1065.4725915612453,659.0539449074066,890,403,150345,1067,653,150831.79999995232,486.7999999523163,true,true,0,1067,653,486.7999999523163,0,completed,,,2026-09-26T08:06:56.389Z,2026-09-26T08:06:56.875Z,2026-09-26T08:06:56.875Z,,311,150348.8
1.2.0,6cafcd86-5c31-46a7-83e8-471788f2c459,P002,pilot,pointing-pilot-selected-208-post104-continuous-v4,6f01dd8e6afd67eb78b863696a810bcbdbe09d09487ab1b75dcf1e8e4cb7d335,,"[""C2"",""C3""]",training,C2,1,s16,16,4,199,199,199,198,198,6cafcd86-5c31-46a7-83e8-471788f2c459:s16:t4,6cafcd86-5c31-46a7-83e8-471788f2c459:s16:t4:a1,1,6cafcd86-5c31-46a7-83e8-471788f2c459:segment1,90,10,3.321928094887362,315.7894736842105,35.08771929824561,318.1088453260051,5833f780-308c-41c8-947c-f8b38a7cfc05,1,5,11,1065.4725915612453,659.0539449074066,829.1007763493185,449.6467896734714,1067,653,150831.79999995232,841,456,151308,476.2000000476837,true,true,0,841,456,476.2000000476837,0,completed,,,2026-09-26T08:06:56.875Z,2026-09-26T08:06:57.352Z,2026-09-26T08:06:57.352Z,,363,150827.6
1.2.0,6cafcd86-5c31-46a7-83e8-471788f2c459,P002,pilot,pointing-pilot-selected-208-post104-continuous-v4,6f01dd8e6afd67eb78b863696a810bcbdbe09d09487ab1b75dcf1e8e4cb7d335,,"[""C2"",""C3""]",training,C2,1,s16,16,5,200,200,200,199,199,6cafcd86-5c31-46a7-83e8-471788f2c459:s16:t5,6cafcd86-5c31-46a7-83e8-471788f2c459:s16:t5:a1,1,6cafcd86-5c31-46a7-83e8-471788f2c459:segment1,90,10,3.321928094887362,315.7894736842105,35.08771929824561,318.1088453260051,5833f780-308c-41c8-947c-f8b38a7cfc05,1,11,4,829.1007763493185,449.6467896734714,1108.7184686608584,596.4014755820297,841,456,151308,1108,605,151744.79999995232,436.7999999523163,true,true,0,1108,605,436.7999999523163,0,completed,,,2026-09-26T08:06:57.352Z,2026-09-26T08:06:57.788Z,2026-09-26T08:06:57.788Z,,312,151306.4
1.2.0,6cafcd86-5c31-46a7-83e8-471788f2c459,P002,pilot,pointing-pilot-selected-208-post104-continuous-v4,6f01dd8e6afd67eb78b863696a810bcbdbe09d09487ab1b75dcf1e8e4cb7d335,,"[""C2"",""C3""]",training,C2,1,s16,16,6,201,201,201,200,200,6cafcd86-5c31-46a7-83e8-471788f2c459:s16:t6,6cafcd86-5c31-46a7-83e8-471788f2c459:s16:t6:a1,1,6cafcd86-5c31-46a7-83e8-471788f2c459:segment1,90,10,3.321928094887362,315.7894736842105,35.08771929824561,318.1088453260051,5833f780-308c-41c8-947c-f8b38a7cfc05,1,4,10,1108.7184686608584,596.4014755820297,802.1052631578948,520.8281079122746,1108,605,151744.79999995232,803,521,152266.29999995232,521.5,true,true,0,803,521,521.5,0,completed,,,2026-09-26T08:06:57.788Z,2026-09-26T08:06:58.310Z,2026-09-26T08:06:58.310Z,,279,151742.7
1.2.0,6cafcd86-5c31-46a7-83e8-471788f2c459,P002,pilot,pointing-pilot-selected-208-post104-continuous-v4,6f01dd8e6afd67eb78b863696a810bcbdbe09d09487ab1b75dcf1e8e4cb7d335,,"[""C2"",""C3""]",training,C2,1,s16,16,7,202,202,202,201,201,6cafcd86-5c31-46a7-83e8-471788f2c459:s16:t7,6cafcd86-5c31-46a7-83e8-471788f2c459:s16:t7:a1,1,6cafcd86-5c31-46a7-83e8-471788f2c459:segment1,90,10,3.321928094887362,315.7894736842105,35.08771929824561,318.1088453260051,5833f780-308c-41c8-947c-f8b38a7cfc05,1,10,3,802.1052631578948,520.8281079122746,1117.8947368421052,520.8281079122746,803,521,152266.29999995232,1122,515,152739.89999997616,473.60000002384186,true,true,0,1122,515,473.60000002384186,0,completed,,,2026-09-26T08:06:58.310Z,2026-09-26T08:06:58.783Z,2026-09-26T08:06:58.783Z,,229,152263.9
1.2.0,6cafcd86-5c31-46a7-83e8-471788f2c459,P002,pilot,pointing-pilot-selected-208-post104-continuous-v4,6f01dd8e6afd67eb78b863696a810bcbdbe09d09487ab1b75dcf1e8e4cb7d335,,"[""C2"",""C3""]",training,C2,1,s16,16,8,203,203,203,202,202,6cafcd86-5c31-46a7-83e8-471788f2c459:s16:t8,6cafcd86-5c31-46a7-83e8-471788f2c459:s16:t8:a1,1,6cafcd86-5c31-46a7-83e8-471788f2c459:segment1,90,10,3.321928094887362,315.7894736842105,35.08771929824561,318.1088453260051,5833f780-308c-41c8-947c-f8b38a7cfc05,1,3,9,1117.8947368421052,520.8281079122746,811.2815313391415,596.4014755820298,1122,515,152739.89999997616,817,593,153143.5,403.60000002384186,true,true,0,817,593,403.60000002384186,0,completed,,,2026-09-26T08:06:58.783Z,2026-09-26T08:06:59.187Z,2026-09-26T08:06:59.187Z,,282,152738.198
1.2.0,6cafcd86-5c31-46a7-83e8-471788f2c459,P002,pilot,pointing-pilot-selected-208-post104-continuous-v4,6f01dd8e6afd67eb78b863696a810bcbdbe09d09487ab1b75dcf1e8e4cb7d335,,"[""C2"",""C3""]",training,C2,1,s16,16,9,204,204,204,203,203,6cafcd86-5c31-46a7-83e8-471788f2c459:s16:t9,6cafcd86-5c31-46a7-83e8-471788f2c459:s16:t9:a1,1,6cafcd86-5c31-46a7-83e8-471788f2c459:segment1,90,10,3.321928094887362,315.7894736842105,35.08771929824561,318.1088453260051,5833f780-308c-41c8-947c-f8b38a7cfc05,1,9,2,811.2815313391415,596.4014755820298,1090.8992236506815,449.64678967347123,817,593,153143.5,1079,441,153700.29999995232,556.7999999523163,true,true,0,1079,441,556.7999999523163,0,completed,,,2026-09-26T08:06:59.187Z,2026-09-26T08:06:59.744Z,2026-09-26T08:06:59.744Z,,320,153148.8
1.2.0,6cafcd86-5c31-46a7-83e8-471788f2c459,P002,pilot,pointing-pilot-selected-208-post104-continuous-v4,6f01dd8e6afd67eb78b863696a810bcbdbe09d09487ab1b75dcf1e8e4cb7d335,,"[""C2"",""C3""]",training,C2,1,s16,16,10,205,205,205,204,204,6cafcd86-5c31-46a7-83e8-471788f2c459:s16:t10,6cafcd86-5c31-46a7-83e8-471788f2c459:s16:t10:a1,1,6cafcd86-5c31-46a7-83e8-471788f2c459:segment1,90,10,3.321928094887362,315.7894736842105,35.08771929824561,318.1088453260051,5833f780-308c-41c8-947c-f8b38a7cfc05,1,2,8,1090.8992236506815,449.64678967347123,854.5274084387548,659.0539449074066,1079,441,153700.29999995232,863,673,154228.79999995232,528.5,true,true,0,863,673,528.5,0,completed,,,2026-09-26T08:06:59.744Z,2026-09-26T08:07:00.272Z,2026-09-26T08:07:00.272Z,,380,153700.3
1.2.0,6cafcd86-5c31-46a7-83e8-471788f2c459,P002,pilot,pointing-pilot-selected-208-post104-continuous-v4,6f01dd8e6afd67eb78b863696a810bcbdbe09d09487ab1b75dcf1e8e4cb7d335,,"[""C2"",""C3""]",training,C2,1,s16,16,11,206,206,206,205,205,6cafcd86-5c31-46a7-83e8-471788f2c459:s16:t11,6cafcd86-5c31-46a7-83e8-471788f2c459:s16:t11:a1,1,6cafcd86-5c31-46a7-83e8-471788f2c459:segment1,90,10,3.321928094887362,315.7894736842105,35.08771929824561,318.1088453260051,5833f780-308c-41c8-947c-f8b38a7cfc05,1,8,1,854.5274084387548,659.0539449074066,1033.9162758275409,399.1643030462519,863,673,154228.79999995232,1045,407,154726.29999995232,497.5,true,true,0,1045,407,497.5,0,completed,,,2026-09-26T08:07:00.272Z,2026-09-26T08:07:00.770Z,2026-09-26T08:07:00.770Z,,369,154227.6
1.2.0,6cafcd86-5c31-46a7-83e8-471788f2c459,P002,pilot,pointing-pilot-selected-208-post104-continuous-v4,6f01dd8e6afd67eb78b863696a810bcbdbe09d09487ab1b75dcf1e8e4cb7d335,,"[""C2"",""C3""]",training,C2,1,s16,16,12,207,207,207,206,206,6cafcd86-5c31-46a7-83e8-471788f2c459:s16:t12,6cafcd86-5c31-46a7-83e8-471788f2c459:s16:t12:a1,1,6cafcd86-5c31-46a7-83e8-471788f2c459:segment1,90,10,3.321928094887362,315.7894736842105,35.08771929824561,318.1088453260051,5833f780-308c-41c8-947c-f8b38a7cfc05,1,1,7,1033.9162758275409,399.1643030462519,921.9357851825296,694.4325902100671,1045,407,154726.29999995232,918,694,155194.19999992847,467.89999997615814,true,true,0,918,694,467.89999997615814,0,completed,,,2026-09-26T08:07:00.770Z,2026-09-26T08:07:01.238Z,2026-09-26T08:07:01.238Z,,335,154725.998
1.2.0,6cafcd86-5c31-46a7-83e8-471788f2c459,P002,pilot,pointing-pilot-selected-208-post104-continuous-v4,6f01dd8e6afd67eb78b863696a810bcbdbe09d09487ab1b75dcf1e8e4cb7d335,,"[""C2"",""C3""]",training,C2,1,s16,16,13,208,208,208,207,207,6cafcd86-5c31-46a7-83e8-471788f2c459:s16:t13,6cafcd86-5c31-46a7-83e8-471788f2c459:s16:t13:a1,1,6cafcd86-5c31-46a7-83e8-471788f2c459:segment1,90,10,3.321928094887362,315.7894736842105,35.08771929824561,318.1088453260051,5833f780-308c-41c8-947c-f8b38a7cfc05,1,7,0,921.9357851825296,694.4325902100671,960,380.9455773369974,918,694,155194.19999992847,949,380,155615.79999995232,421.60000002384186,true,true,0,949,380,421.60000002384186,0,completed,,,2026-09-26T08:07:01.238Z,2026-09-26T08:07:01.659Z,2026-09-26T08:07:01.659Z,,333,155191.2
1.2.0,6cafcd86-5c31-46a7-83e8-471788f2c459,P002,pilot,pointing-pilot-selected-208-post104-continuous-v4,6f01dd8e6afd67eb78b863696a810bcbdbe09d09487ab1b75dcf1e8e4cb7d335,,"[""C2"",""C3""]",training,C3,2,s17,1,1,1,209,209,0,208,6cafcd86-5c31-46a7-83e8-471788f2c459:s17:t1,6cafcd86-5c31-46a7-83e8-471788f2c459:s17:t1:a1,1,6cafcd86-5c31-46a7-83e8-471788f2c459:segment1,180,20,3.321928094887362,631.578947368421,70.17543859649122,636.2176906520102,5833f780-308c-41c8-947c-f8b38a7cfc05,1,0,6,960,221.8911546739949,1036.1284296349409,848.8651804201343,955,206,240533.60000002384,1039,821,241103.69999992847,570.0999999046326,true,true,0,1039,821,570.0999999046326,0,completed,,,2026-09-26T08:08:26.578Z,2026-09-26T08:08:27.148Z,2026-09-26T08:08:27.148Z,,530,240533.432
1.2.0,6cafcd86-5c31-46a7-83e8-471788f2c459,P002,pilot,pointing-pilot-selected-208-post104-continuous-v4,6f01dd8e6afd67eb78b863696a810bcbdbe09d09487ab1b75dcf1e8e4cb7d335,,"[""C2"",""C3""]",training,C3,2,s17,1,2,2,210,210,1,209,6cafcd86-5c31-46a7-83e8-471788f2c459:s17:t2,6cafcd86-5c31-46a7-83e8-471788f2c459:s17:t2:a1,1,6cafcd86-5c31-46a7-83e8-471788f2c459:segment1,180,20,3.321928094887362,631.578947368421,70.17543859649122,636.2176906520102,5833f780-308c-41c8-947c-f8b38a7cfc05,1,6,12,1036.1284296349409,848.8651804201343,812.1674483449184,258.3286060925038,1039,821,241103.69999992847,798,263,241554.10000002384,450.40000009536743,true,true,0,798,263,450.40000009536743,0,completed,,,2026-09-26T08:08:27.148Z,2026-09-26T08:08:27.599Z,2026-09-26T08:08:27.599Z,,399,241106.1
1.2.0,6cafcd86-5c31-46a7-83e8-471788f2c459,P002,pilot,pointing-pilot-selected-208-post104-continuous-v4,6f01dd8e6afd67eb78b863696a810bcbdbe09d09487ab1b75dcf1e8e4cb7d335,,"[""C2"",""C3""]",training,C3,2,s17,1,3,3,211,211,2,210,6cafcd86-5c31-46a7-83e8-471788f2c459:s17:t3,6cafcd86-5c31-46a7-83e8-471788f2c459:s17:t3:a1,1,6cafcd86-5c31-46a7-83e8-471788f2c459:segment1,180,20,3.321928094887362,631.578947368421,70.17543859649122,636.2176906520102,5833f780-308c-41c8-947c-f8b38a7cfc05,1,12,5,812.1674483449184,258.3286060925038,1170.9451831224903,778.1078898148132,798,263,241554.10000002384,1156,771,242014.39999997616,460.2999999523163,true,true,0,1156,771,460.2999999523163,0,completed,,,2026-09-26T08:08:27.599Z,2026-09-26T08:08:28.059Z,2026-09-26T08:08:28.059Z,,440,241554.6
1.2.0,6cafcd86-5c31-46a7-83e8-471788f2c459,P002,pilot,pointing-pilot-selected-208-post104-continuous-v4,6f01dd8e6afd67eb78b863696a810bcbdbe09d09487ab1b75dcf1e8e4cb7d335,,"[""C2"",""C3""]",training,C3,2,s17,1,4,4,212,212,3,211,6cafcd86-5c31-46a7-83e8-471788f2c459:s17:t4,6cafcd86-5c31-46a7-83e8-471788f2c459:s17:t4:a1,1,6cafcd86-5c31-46a7-83e8-471788f2c459:segment1,180,20,3.321928094887362,631.578947368421,70.17543859649122,636.2176906520102,5833f780-308c-41c8-947c-f8b38a7cfc05,1,5,11,1170.9451831224903,778.1078898148132,698.201552698637,359.2935793469428,1156,771,242014.39999997616,728,371,242516.60000002384,502.2000000476837,true,true,0,728,371,502.2000000476837,0,completed,,,2026-09-26T08:08:28.059Z,2026-09-26T08:08:28.561Z,2026-09-26T08:08:28.561Z,,414,242015.2
1.2.0,6cafcd86-5c31-46a7-83e8-471788f2c459,P002,pilot,pointing-pilot-selected-208-post104-continuous-v4,6f01dd8e6afd67eb78b863696a810bcbdbe09d09487ab1b75dcf1e8e4cb7d335,,"[""C2"",""C3""]",training,C3,2,s17,1,5,5,213,213,4,212,6cafcd86-5c31-46a7-83e8-471788f2c459:s17:t5,6cafcd86-5c31-46a7-83e8-471788f2c459:s17:t5:a1,1,6cafcd86-5c31-46a7-83e8-471788f2c459:segment1,180,20,3.321928094887362,631.578947368421,70.17543859649122,636.2176906520102,5833f780-308c-41c8-947c-f8b38a7cfc05,1,11,4,698.201552698637,359.2935793469428,1257.436937321717,652.8029511640594,728,371,242516.60000002384,1239,638,242928.5,411.89999997615814,true,true,0,1239,638,411.89999997615814,0,completed,,,2026-09-26T08:08:28.561Z,2026-09-26T08:08:28.973Z,2026-09-26T08:08:28.973Z,,318,242512.1
1.2.0,6cafcd86-5c31-46a7-83e8-471788f2c459,P002,pilot,pointing-pilot-selected-208-post104-continuous-v4,6f01dd8e6afd67eb78b863696a810bcbdbe09d09487ab1b75dcf1e8e4cb7d335,,"[""C2"",""C3""]",training,C3,2,s17,1,6,6,214,214,5,213,6cafcd86-5c31-46a7-83e8-471788f2c459:s17:t6,6cafcd86-5c31-46a7-83e8-471788f2c459:s17:t6:a1,1,6cafcd86-5c31-46a7-83e8-471788f2c459:segment1,180,20,3.321928094887362,631.578947368421,70.17543859649122,636.2176906520102,5833f780-308c-41c8-947c-f8b38a7cfc05,1,4,10,1257.436937321717,652.8029511640594,644.2105263157895,501.65621582454924,1239,638,242928.5,631,487,243372.69999992847,444.1999999284744,true,true,0,631,487,444.1999999284744,0,completed,,,2026-09-26T08:08:28.973Z,2026-09-26T08:08:29.417Z,2026-09-26T08:08:29.417Z,,390,242924.3
1.2.0,6cafcd86-5c31-46a7-83e8-471788f2c459,P002,pilot,pointing-pilot-selected-208-post104-continuous-v4,6f01dd8e6afd67eb78b863696a810bcbdbe09d09487ab1b75dcf1e8e4cb7d335,,"[""C2"",""C3""]",training,C3,2,s17,1,7,7,215,215,6,214,6cafcd86-5c31-46a7-83e8-471788f2c459:s17:t7,6cafcd86-5c31-46a7-83e8-471788f2c459:s17:t7:a1,1,6cafcd86-5c31-46a7-83e8-471788f2c459:segment1,180,20,3.321928094887362,631.578947368421,70.17543859649122,636.2176906520102,5833f780-308c-41c8-947c-f8b38a7cfc05,1,10,3,644.2105263157895,501.65621582454924,1275.7894736842104,501.65621582454935,631,487,243372.69999992847,1264,497,243847.60000002384,474.90000009536743,true,true,0,1264,497,474.90000009536743,0,completed,,,2026-09-26T08:08:29.417Z,2026-09-26T08:08:29.892Z,2026-09-26T08:08:29.892Z,,411,243372.7
1.2.0,6cafcd86-5c31-46a7-83e8-471788f2c459,P002,pilot,pointing-pilot-selected-208-post104-continuous-v4,6f01dd8e6afd67eb78b863696a810bcbdbe09d09487ab1b75dcf1e8e4cb7d335,,"[""C2"",""C3""]",training,C3,2,s17,1,8,8,216,216,7,215,6cafcd86-5c31-46a7-83e8-471788f2c459:s17:t8,6cafcd86-5c31-46a7-83e8-471788f2c459:s17:t8:a1,1,6cafcd86-5c31-46a7-83e8-471788f2c459:segment1,180,20,3.321928094887362,631.578947368421,70.17543859649122,636.2176906520102,5833f780-308c-41c8-947c-f8b38a7cfc05,1,3,9,1275.7894736842104,501.65621582454935,662.5630626782829,652.8029511640596,1264,497,243847.60000002384,668,654,244316.5,468.89999997615814,true,true,0,668,654,468.89999997615814,0,completed,,,2026-09-26T08:08:29.892Z,2026-09-26T08:08:30.361Z,2026-09-26T08:08:30.361Z,,395,243845.5
1.2.0,6cafcd86-5c31-46a7-83e8-471788f2c459,P002,pilot,pointing-pilot-selected-208-post104-continuous-v4,6f01dd8e6afd67eb78b863696a810bcbdbe09d09487ab1b75dcf1e8e4cb7d335,,"[""C2"",""C3""]",training,C3,2,s17,1,9,9,217,217,8,216,6cafcd86-5c31-46a7-83e8-471788f2c459:s17:t9,6cafcd86-5c31-46a7-83e8-471788f2c459:s17:t9:a1,1,6cafcd86-5c31-46a7-83e8-471788f2c459:segment1,180,20,3.321928094887362,631.578947368421,70.17543859649122,636.2176906520102,5833f780-308c-41c8-947c-f8b38a7cfc05,1,9,2,662.5630626782829,652.8029511640596,1221.7984473013628,359.29357934694247,668,654,244316.5,1205,362,244723.5,407,true,true,0,1205,362,407,0,completed,,,2026-09-26T08:08:30.361Z,2026-09-26T08:08:30.768Z,2026-09-26T08:08:30.768Z,,377,244318.2
1.2.0,6cafcd86-5c31-46a7-83e8-471788f2c459,P002,pilot,pointing-pilot-selected-208-post104-continuous-v4,6f01dd8e6afd67eb78b863696a810bcbdbe09d09487ab1b75dcf1e8e4cb7d335,,"[""C2"",""C3""]",training,C3,2,s17,1,10,10,218,218,9,217,6cafcd86-5c31-46a7-83e8-471788f2c459:s17:t10,6cafcd86-5c31-46a7-83e8-471788f2c459:s17:t10:a1,1,6cafcd86-5c31-46a7-83e8-471788f2c459:segment1,180,20,3.321928094887362,631.578947368421,70.17543859649122,636.2176906520102,5833f780-308c-41c8-947c-f8b38a7cfc05,1,2,8,1221.7984473013628,359.29357934694247,749.0548168775097,778.1078898148132,1205,362,244723.5,749,735,245153.89999997616,430.39999997615814,false,true,2,742,767,1165.2999999523163,734.8999999761581,completed,,,2026-09-26T08:08:30.768Z,2026-09-26T08:08:31.198Z,2026-09-26T08:08:31.933Z,,954,244724.2
1.2.0,6cafcd86-5c31-46a7-83e8-471788f2c459,P002,pilot,pointing-pilot-selected-208-post104-continuous-v4,6f01dd8e6afd67eb78b863696a810bcbdbe09d09487ab1b75dcf1e8e4cb7d335,,"[""C2"",""C3""]",training,C3,2,s17,1,11,11,219,219,10,218,6cafcd86-5c31-46a7-83e8-471788f2c459:s17:t11,6cafcd86-5c31-46a7-83e8-471788f2c459:s17:t11:a1,1,6cafcd86-5c31-46a7-83e8-471788f2c459:segment1,180,20,3.321928094887362,631.578947368421,70.17543859649122,636.2176906520102,5833f780-308c-41c8-947c-f8b38a7cfc05,1,8,1,749.0548168775097,778.1078898148132,1107.8325516550817,258.32860609250383,742,767,245888.79999995232,1116,249,246289,400.2000000476837,true,true,0,1116,249,400.2000000476837,0,completed,,,2026-09-26T08:08:31.933Z,2026-09-26T08:08:32.333Z,2026-09-26T08:08:32.333Z,,472,245887.9
1.2.0,6cafcd86-5c31-46a7-83e8-471788f2c459,P002,pilot,pointing-pilot-selected-208-post104-continuous-v4,6f01dd8e6afd67eb78b863696a810bcbdbe09d09487ab1b75dcf1e8e4cb7d335,,"[""C2"",""C3""]",training,C3,2,s17,1,12,12,220,220,11,219,6cafcd86-5c31-46a7-83e8-471788f2c459:s17:t12,6cafcd86-5c31-46a7-83e8-471788f2c459:s17:t12:a1,1,6cafcd86-5c31-46a7-83e8-471788f2c459:segment1,180,20,3.321928094887362,631.578947368421,70.17543859649122,636.2176906520102,5833f780-308c-41c8-947c-f8b38a7cfc05,1,1,7,1107.8325516550817,258.32860609250383,883.8715703650593,848.8651804201343,1116,249,246289,848,837,246741.89999997616,452.89999997615814,false,true,1,871,852,1018,565.1000000238419,completed,,,2026-09-26T08:08:32.333Z,2026-09-26T08:08:32.786Z,2026-09-26T08:08:33.351Z,,857,246287.9
1.2.0,6cafcd86-5c31-46a7-83e8-471788f2c459,P002,pilot,pointing-pilot-selected-208-post104-continuous-v4,6f01dd8e6afd67eb78b863696a810bcbdbe09d09487ab1b75dcf1e8e4cb7d335,,"[""C2"",""C3""]",training,C3,2,s17,1,13,13,221,221,12,220,6cafcd86-5c31-46a7-83e8-471788f2c459:s17:t13,6cafcd86-5c31-46a7-83e8-471788f2c459:s17:t13:a1,1,6cafcd86-5c31-46a7-83e8-471788f2c459:segment1,180,20,3.321928094887362,631.578947368421,70.17543859649122,636.2176906520102,5833f780-308c-41c8-947c-f8b38a7cfc05,1,7,0,883.8715703650593,848.8651804201343,960,221.8911546739949,871,852,247307,964,200,247811.5,504.5,true,true,0,964,200,504.5,0,completed,,,2026-09-26T08:08:33.351Z,2026-09-26T08:08:33.856Z,2026-09-26T08:08:33.856Z,,560,247306.1
1.2.0,6cafcd86-5c31-46a7-83e8-471788f2c459,P002,pilot,pointing-pilot-selected-208-post104-continuous-v4,6f01dd8e6afd67eb78b863696a810bcbdbe09d09487ab1b75dcf1e8e4cb7d335,,"[""C2"",""C3""]",training,C3,2,s18,2,1,14,222,222,13,221,6cafcd86-5c31-46a7-83e8-471788f2c459:s18:t1,6cafcd86-5c31-46a7-83e8-471788f2c459:s18:t1:a1,1,6cafcd86-5c31-46a7-83e8-471788f2c459:segment1,180,20,3.321928094887362,631.578947368421,70.17543859649122,636.2176906520102,5833f780-308c-41c8-947c-f8b38a7cfc05,1,0,6,960,221.8911546739949,1036.1284296349409,848.8651804201343,964,200,247811.5,1022,839,248316.5,505,true,true,0,1022,839,505,0,completed,,,2026-09-26T08:08:33.856Z,2026-09-26T08:08:34.361Z,2026-09-26T08:08:34.361Z,,463,247809.1
1.2.0,6cafcd86-5c31-46a7-83e8-471788f2c459,P002,pilot,pointing-pilot-selected-208-post104-continuous-v4,6f01dd8e6afd67eb78b863696a810bcbdbe09d09487ab1b75dcf1e8e4cb7d335,,"[""C2"",""C3""]",training,C3,2,s18,2,2,15,223,223,14,222,6cafcd86-5c31-46a7-83e8-471788f2c459:s18:t2,6cafcd86-5c31-46a7-83e8-471788f2c459:s18:t2:a1,1,6cafcd86-5c31-46a7-83e8-471788f2c459:segment1,180,20,3.321928094887362,631.578947368421,70.17543859649122,636.2176906520102,5833f780-308c-41c8-947c-f8b38a7cfc05,1,6,12,1036.1284296349409,848.8651804201343,812.1674483449184,258.3286060925038,1022,839,248316.5,817,276,248754.5,438,true,true,0,817,276,438,0,completed,,,2026-09-26T08:08:34.361Z,2026-09-26T08:08:34.799Z,2026-09-26T08:08:34.799Z,,429,248312.1
1.2.0,6cafcd86-5c31-46a7-83e8-471788f2c459,P002,pilot,pointing-pilot-selected-208-post104-continuous-v4,6f01dd8e6afd67eb78b863696a810bcbdbe09d09487ab1b75dcf1e8e4cb7d335,,"[""C2"",""C3""]",training,C3,2,s18,2,3,16,224,224,15,223,6cafcd86-5c31-46a7-83e8-471788f2c459:s18:t3,6cafcd86-5c31-46a7-83e8-471788f2c459:s18:t3:a1,1,6cafcd86-5c31-46a7-83e8-471788f2c459:segment1,180,20,3.321928094887362,631.578947368421,70.17543859649122,636.2176906520102,5833f780-308c-41c8-947c-f8b38a7cfc05,1,12,5,812.1674483449184,258.3286060925038,1170.9451831224903,778.1078898148132,817,276,248754.5,1179,797,249162.10000002384,407.60000002384186,true,true,0,1179,797,407.60000002384186,0,completed,,,2026-09-26T08:08:34.799Z,2026-09-26T08:08:35.207Z,2026-09-26T08:08:35.207Z,,381,248748.5
1.2.0,6cafcd86-5c31-46a7-83e8-471788f2c459,P002,pilot,pointing-pilot-selected-208-post104-continuous-v4,6f01dd8e6afd67eb78b863696a810bcbdbe09d09487ab1b75dcf1e8e4cb7d335,,"[""C2"",""C3""]",training,C3,2,s18,2,4,17,225,225,16,224,6cafcd86-5c31-46a7-83e8-471788f2c459:s18:t4,6cafcd86-5c31-46a7-83e8-471788f2c459:s18:t4:a1,1,6cafcd86-5c31-46a7-83e8-471788f2c459:segment1,180,20,3.321928094887362,631.578947368421,70.17543859649122,636.2176906520102,5833f780-308c-41c8-947c-f8b38a7cfc05,1,5,11,1170.9451831224903,778.1078898148132,698.201552698637,359.2935793469428,1179,797,249162.10000002384,712,372,249642.79999995232,480.6999999284744,true,true,0,712,372,480.6999999284744,0,completed,,,2026-09-26T08:08:35.207Z,2026-09-26T08:08:35.687Z,2026-09-26T08:08:35.687Z,,515,249166.7
1.2.0,6cafcd86-5c31-46a7-83e8-471788f2c459,P002,pilot,pointing-pilot-selected-208-post104-continuous-v4,6f01dd8e6afd67eb78b863696a810bcbdbe09d09487ab1b75dcf1e8e4cb7d335,,"[""C2"",""C3""]",training,C3,2,s18,2,5,18,226,226,17,225,6cafcd86-5c31-46a7-83e8-471788f2c459:s18:t5,6cafcd86-5c31-46a7-83e8-471788f2c459:s18:t5:a1,1,6cafcd86-5c31-46a7-83e8-471788f2c459:segment1,180,20,3.321928094887362,631.578947368421,70.17543859649122,636.2176906520102,5833f780-308c-41c8-947c-f8b38a7cfc05,1,11,4,698.201552698637,359.2935793469428,1257.436937321717,652.8029511640594,712,372,249642.79999995232,1225,650,250018.39999997616,375.60000002384186,true,true,0,1225,650,375.60000002384186,0,completed,,,2026-09-26T08:08:35.687Z,2026-09-26T08:08:36.063Z,2026-09-26T08:08:36.063Z,,319,249639.4
1.2.0,6cafcd86-5c31-46a7-83e8-471788f2c459,P002,pilot,pointing-pilot-selected-208-post104-continuous-v4,6f01dd8e6afd67eb78b863696a810bcbdbe09d09487ab1b75dcf1e8e4cb7d335,,"[""C2"",""C3""]",training,C3,2,s18,2,6,19,227,227,18,226,6cafcd86-5c31-46a7-83e8-471788f2c459:s18:t6,6cafcd86-5c31-46a7-83e8-471788f2c459:s18:t6:a1,1,6cafcd86-5c31-46a7-83e8-471788f2c459:segment1,180,20,3.321928094887362,631.578947368421,70.17543859649122,636.2176906520102,5833f780-308c-41c8-947c-f8b38a7cfc05,1,4,10,1257.436937321717,652.8029511640594,644.2105263157895,501.65621582454924,1225,650,250018.39999997616,646,509,250454.89999997616,436.5,true,true,0,646,509,436.5,0,completed,,,2026-09-26T08:08:36.063Z,2026-09-26T08:08:36.499Z,2026-09-26T08:08:36.499Z,,417,250015.2
1.2.0,6cafcd86-5c31-46a7-83e8-471788f2c459,P002,pilot,pointing-pilot-selected-208-post104-continuous-v4,6f01dd8e6afd67eb78b863696a810bcbdbe09d09487ab1b75dcf1e8e4cb7d335,,"[""C2"",""C3""]",training,C3,2,s18,2,7,20,228,228,19,227,6cafcd86-5c31-46a7-83e8-471788f2c459:s18:t7,6cafcd86-5c31-46a7-83e8-471788f2c459:s18:t7:a1,1,6cafcd86-5c31-46a7-83e8-471788f2c459:segment1,180,20,3.321928094887362,631.578947368421,70.17543859649122,636.2176906520102,5833f780-308c-41c8-947c-f8b38a7cfc05,1,10,3,644.2105263157895,501.65621582454924,1275.7894736842104,501.65621582454935,646,509,250454.89999997616,1286,514,250948.5,493.60000002384186,true,true,0,1286,514,493.60000002384186,0,completed,,,2026-09-26T08:08:36.499Z,2026-09-26T08:08:36.993Z,2026-09-26T08:08:36.993Z,,357,250451.5
1.2.0,6cafcd86-5c31-46a7-83e8-471788f2c459,P002,pilot,pointing-pilot-selected-208-post104-continuous-v4,6f01dd8e6afd67eb78b863696a810bcbdbe09d09487ab1b75dcf1e8e4cb7d335,,"[""C2"",""C3""]",training,C3,2,s18,2,8,21,229,229,20,228,6cafcd86-5c31-46a7-83e8-471788f2c459:s18:t8,6cafcd86-5c31-46a7-83e8-471788f2c459:s18:t8:a1,1,6cafcd86-5c31-46a7-83e8-471788f2c459:segment1,180,20,3.321928094887362,631.578947368421,70.17543859649122,636.2176906520102,5833f780-308c-41c8-947c-f8b38a7cfc05,1,3,9,1275.7894736842104,501.65621582454935,662.5630626782829,652.8029511640596,1286,514,250948.5,655,655,251387.10000002384,438.60000002384186,true,true,0,655,655,438.60000002384186,0,completed,,,2026-09-26T08:08:36.993Z,2026-09-26T08:08:37.431Z,2026-09-26T08:08:37.431Z,,406,250948.5
1.2.0,6cafcd86-5c31-46a7-83e8-471788f2c459,P002,pilot,pointing-pilot-selected-208-post104-continuous-v4,6f01dd8e6afd67eb78b863696a810bcbdbe09d09487ab1b75dcf1e8e4cb7d335,,"[""C2"",""C3""]",training,C3,2,s18,2,9,22,230,230,21,229,6cafcd86-5c31-46a7-83e8-471788f2c459:s18:t9,6cafcd86-5c31-46a7-83e8-471788f2c459:s18:t9:a1,1,6cafcd86-5c31-46a7-83e8-471788f2c459:segment1,180,20,3.321928094887362,631.578947368421,70.17543859649122,636.2176906520102,5833f780-308c-41c8-947c-f8b38a7cfc05,1,9,2,662.5630626782829,652.8029511640596,1221.7984473013628,359.29357934694247,655,655,251387.10000002384,1223,351,251782.39999997616,395.2999999523163,true,true,0,1223,351,395.2999999523163,0,completed,,,2026-09-26T08:08:37.431Z,2026-09-26T08:08:37.827Z,2026-09-26T08:08:37.827Z,,437,251391
1.2.0,6cafcd86-5c31-46a7-83e8-471788f2c459,P002,pilot,pointing-pilot-selected-208-post104-continuous-v4,6f01dd8e6afd67eb78b863696a810bcbdbe09d09487ab1b75dcf1e8e4cb7d335,,"[""C2"",""C3""]",training,C3,2,s18,2,10,23,231,231,22,230,6cafcd86-5c31-46a7-83e8-471788f2c459:s18:t10,6cafcd86-5c31-46a7-83e8-471788f2c459:s18:t10:a1,1,6cafcd86-5c31-46a7-83e8-471788f2c459:segment1,180,20,3.321928094887362,631.578947368421,70.17543859649122,636.2176906520102,5833f780-308c-41c8-947c-f8b38a7cfc05,1,2,8,1221.7984473013628,359.29357934694247,749.0548168775097,778.1078898148132,1223,351,251782.39999997616,756,752,252198.29999995232,415.89999997615814,true,true,0,756,752,415.89999997615814,0,completed,,,2026-09-26T08:08:37.827Z,2026-09-26T08:08:38.243Z,2026-09-26T08:08:38.243Z,,415,251778.7
1.2.0,6cafcd86-5c31-46a7-83e8-471788f2c459,P002,pilot,pointing-pilot-selected-208-post104-continuous-v4,6f01dd8e6afd67eb78b863696a810bcbdbe09d09487ab1b75dcf1e8e4cb7d335,,"[""C2"",""C3""]",training,C3,2,s18,2,11,24,232,232,23,231,6cafcd86-5c31-46a7-83e8-471788f2c459:s18:t11,6cafcd86-5c31-46a7-83e8-471788f2c459:s18:t11:a1,1,6cafcd86-5c31-46a7-83e8-471788f2c459:segment1,180,20,3.321928094887362,631.578947368421,70.17543859649122,636.2176906520102,5833f780-308c-41c8-947c-f8b38a7cfc05,1,8,1,749.0548168775097,778.1078898148132,1107.8325516550817,258.32860609250383,756,752,252198.29999995232,1114,243,252597.19999992847,398.89999997615814,true,true,0,1114,243,398.89999997615814,0,completed,,,2026-09-26T08:08:38.243Z,2026-09-26T08:08:38.642Z,2026-09-26T08:08:38.642Z,,450,252197
1.2.0,6cafcd86-5c31-46a7-83e8-471788f2c459,P002,pilot,pointing-pilot-selected-208-post104-continuous-v4,6f01dd8e6afd67eb78b863696a810bcbdbe09d09487ab1b75dcf1e8e4cb7d335,,"[""C2"",""C3""]",training,C3,2,s18,2,12,25,233,233,24,232,6cafcd86-5c31-46a7-83e8-471788f2c459:s18:t12,6cafcd86-5c31-46a7-83e8-471788f2c459:s18:t12:a1,1,6cafcd86-5c31-46a7-83e8-471788f2c459:segment1,180,20,3.321928094887362,631.578947368421,70.17543859649122,636.2176906520102,5833f780-308c-41c8-947c-f8b38a7cfc05,1,1,7,1107.8325516550817,258.32860609250383,883.8715703650593,848.8651804201343,1114,243,252597.19999992847,862,821,253029.29999995232,432.10000002384186,false,true,2,863,856,1387.8000000715256,955.7000000476837,completed,,,2026-09-26T08:08:38.642Z,2026-09-26T08:08:39.074Z,2026-09-26T08:08:40.029Z,,1343,252597
1.2.0,6cafcd86-5c31-46a7-83e8-471788f2c459,P002,pilot,pointing-pilot-selected-208-post104-continuous-v4,6f01dd8e6afd67eb78b863696a810bcbdbe09d09487ab1b75dcf1e8e4cb7d335,,"[""C2"",""C3""]",training,C3,2,s18,2,13,26,234,234,25,233,6cafcd86-5c31-46a7-83e8-471788f2c459:s18:t13,6cafcd86-5c31-46a7-83e8-471788f2c459:s18:t13:a1,1,6cafcd86-5c31-46a7-83e8-471788f2c459:segment1,180,20,3.321928094887362,631.578947368421,70.17543859649122,636.2176906520102,5833f780-308c-41c8-947c-f8b38a7cfc05,1,7,0,883.8715703650593,848.8651804201343,960,221.8911546739949,863,856,253985,975,229,254449.79999995232,464.7999999523163,true,true,0,975,229,464.7999999523163,0,completed,,,2026-09-26T08:08:40.029Z,2026-09-26T08:08:40.494Z,2026-09-26T08:08:40.494Z,,505,253984.9
1.2.0,6cafcd86-5c31-46a7-83e8-471788f2c459,P002,pilot,pointing-pilot-selected-208-post104-continuous-v4,6f01dd8e6afd67eb78b863696a810bcbdbe09d09487ab1b75dcf1e8e4cb7d335,,"[""C2"",""C3""]",training,C3,2,s19,3,1,27,235,235,26,234,6cafcd86-5c31-46a7-83e8-471788f2c459:s19:t1,6cafcd86-5c31-46a7-83e8-471788f2c459:s19:t1:a1,1,6cafcd86-5c31-46a7-83e8-471788f2c459:segment1,180,20,3.321928094887362,631.578947368421,70.17543859649122,636.2176906520102,5833f780-308c-41c8-947c-f8b38a7cfc05,1,0,6,960,221.8911546739949,1036.1284296349409,848.8651804201343,975,229,254449.79999995232,1014,839,254984.39999997616,534.6000000238419,true,true,0,1014,839,534.6000000238419,0,completed,,,2026-09-26T08:08:40.494Z,2026-09-26T08:08:41.029Z,2026-09-26T08:08:41.029Z,,437,254451.5
1.2.0,6cafcd86-5c31-46a7-83e8-471788f2c459,P002,pilot,pointing-pilot-selected-208-post104-continuous-v4,6f01dd8e6afd67eb78b863696a810bcbdbe09d09487ab1b75dcf1e8e4cb7d335,,"[""C2"",""C3""]",training,C3,2,s19,3,2,28,236,236,27,235,6cafcd86-5c31-46a7-83e8-471788f2c459:s19:t2,6cafcd86-5c31-46a7-83e8-471788f2c459:s19:t2:a1,1,6cafcd86-5c31-46a7-83e8-471788f2c459:segment1,180,20,3.321928094887362,631.578947368421,70.17543859649122,636.2176906520102,5833f780-308c-41c8-947c-f8b38a7cfc05,1,6,12,1036.1284296349409,848.8651804201343,812.1674483449184,258.3286060925038,1014,839,254984.39999997616,776,250,255496.89999997616,512.5,false,true,1,816,257,940.5,428,completed,,,2026-09-26T08:08:41.029Z,2026-09-26T08:08:41.541Z,2026-09-26T08:08:41.969Z,,708,254978.8
1.2.0,6cafcd86-5c31-46a7-83e8-471788f2c459,P002,pilot,pointing-pilot-selected-208-post104-continuous-v4,6f01dd8e6afd67eb78b863696a810bcbdbe09d09487ab1b75dcf1e8e4cb7d335,,"[""C2"",""C3""]",training,C3,2,s19,3,3,29,237,237,28,236,6cafcd86-5c31-46a7-83e8-471788f2c459:s19:t3,6cafcd86-5c31-46a7-83e8-471788f2c459:s19:t3:a1,1,6cafcd86-5c31-46a7-83e8-471788f2c459:segment1,180,20,3.321928094887362,631.578947368421,70.17543859649122,636.2176906520102,5833f780-308c-41c8-947c-f8b38a7cfc05,1,12,5,812.1674483449184,258.3286060925038,1170.9451831224903,778.1078898148132,816,257,255924.89999997616,1150,766,256424.29999995232,499.39999997615814,true,true,0,1150,766,499.39999997615814,0,completed,,,2026-09-26T08:08:41.969Z,2026-09-26T08:08:42.469Z,2026-09-26T08:08:42.469Z,,488,255924.2
1.2.0,6cafcd86-5c31-46a7-83e8-471788f2c459,P002,pilot,pointing-pilot-selected-208-post104-continuous-v4,6f01dd8e6afd67eb78b863696a810bcbdbe09d09487ab1b75dcf1e8e4cb7d335,,"[""C2"",""C3""]",training,C3,2,s19,3,4,30,238,238,29,237,6cafcd86-5c31-46a7-83e8-471788f2c459:s19:t4,6cafcd86-5c31-46a7-83e8-471788f2c459:s19:t4:a1,1,6cafcd86-5c31-46a7-83e8-471788f2c459:segment1,180,20,3.321928094887362,631.578947368421,70.17543859649122,636.2176906520102,5833f780-308c-41c8-947c-f8b38a7cfc05,1,5,11,1170.9451831224903,778.1078898148132,698.201552698637,359.2935793469428,1150,766,256424.29999995232,682,352,256866.29999995232,442,true,true,0,682,352,442,0,completed,,,2026-09-26T08:08:42.469Z,2026-09-26T08:08:42.911Z,2026-09-26T08:08:42.911Z,,546,256427.2
1.2.0,6cafcd86-5c31-46a7-83e8-471788f2c459,P002,pilot,pointing-pilot-selected-208-post104-continuous-v4,6f01dd8e6afd67eb78b863696a810bcbdbe09d09487ab1b75dcf1e8e4cb7d335,,"[""C2"",""C3""]",training,C3,2,s19,3,5,31,239,239,30,238,6cafcd86-5c31-46a7-83e8-471788f2c459:s19:t5,6cafcd86-5c31-46a7-83e8-471788f2c459:s19:t5:a1,1,6cafcd86-5c31-46a7-83e8-471788f2c459:segment1,180,20,3.321928094887362,631.578947368421,70.17543859649122,636.2176906520102,5833f780-308c-41c8-947c-f8b38a7cfc05,1,11,4,698.201552698637,359.2935793469428,1257.436937321717,652.8029511640594,682,352,256866.29999995232,1232,635,257337.60000002384,471.3000000715256,true,true,0,1232,635,471.3000000715256,0,completed,,,2026-09-26T08:08:42.911Z,2026-09-26T08:08:43.382Z,2026-09-26T08:08:43.382Z,,404,256863.6
1.2.0,6cafcd86-5c31-46a7-83e8-471788f2c459,P002,pilot,pointing-pilot-selected-208-post104-continuous-v4,6f01dd8e6afd67eb78b863696a810bcbdbe09d09487ab1b75dcf1e8e4cb7d335,,"[""C2"",""C3""]",training,C3,2,s19,3,6,32,240,240,31,239,6cafcd86-5c31-46a7-83e8-471788f2c459:s19:t6,6cafcd86-5c31-46a7-83e8-471788f2c459:s19:t6:a1,1,6cafcd86-5c31-46a7-83e8-471788f2c459:segment1,180,20,3.321928094887362,631.578947368421,70.17543859649122,636.2176906520102,5833f780-308c-41c8-947c-f8b38a7cfc05,1,4,10,1257.436937321717,652.8029511640594,644.2105263157895,501.65621582454924,1232,635,257337.60000002384,637,514,257831.79999995232,494.1999999284744,true,true,0,637,514,494.1999999284744,0,completed,,,2026-09-26T08:08:43.382Z,2026-09-26T08:08:43.876Z,2026-09-26T08:08:43.876Z,,456,257336.3
1.2.0,6cafcd86-5c31-46a7-83e8-471788f2c459,P002,pilot,pointing-pilot-selected-208-post104-continuous-v4,6f01dd8e6afd67eb78b863696a810bcbdbe09d09487ab1b75dcf1e8e4cb7d335,,"[""C2"",""C3""]",training,C3,2,s19,3,7,33,241,241,32,240,6cafcd86-5c31-46a7-83e8-471788f2c459:s19:t7,6cafcd86-5c31-46a7-83e8-471788f2c459:s19:t7:a1,1,6cafcd86-5c31-46a7-83e8-471788f2c459:segment1,180,20,3.321928094887362,631.578947368421,70.17543859649122,636.2176906520102,5833f780-308c-41c8-947c-f8b38a7cfc05,1,10,3,644.2105263157895,501.65621582454924,1275.7894736842104,501.65621582454935,637,514,257831.79999995232,1273,494,258239.10000002384,407.3000000715256,true,true,0,1273,494,407.3000000715256,0,completed,,,2026-09-26T08:08:43.876Z,2026-09-26T08:08:44.283Z,2026-09-26T08:08:44.283Z,,222,257833.3
1.2.0,6cafcd86-5c31-46a7-83e8-471788f2c459,P002,pilot,pointing-pilot-selected-208-post104-continuous-v4,6f01dd8e6afd67eb78b863696a810bcbdbe09d09487ab1b75dcf1e8e4cb7d335,,"[""C2"",""C3""]",training,C3,2,s19,3,8,34,242,242,33,241,6cafcd86-5c31-46a7-83e8-471788f2c459:s19:t8,6cafcd86-5c31-46a7-83e8-471788f2c459:s19:t8:a1,1,6cafcd86-5c31-46a7-83e8-471788f2c459:segment1,180,20,3.321928094887362,631.578947368421,70.17543859649122,636.2176906520102,5833f780-308c-41c8-947c-f8b38a7cfc05,1,3,9,1275.7894736842104,501.65621582454935,662.5630626782829,652.8029511640596,1273,494,258239.10000002384,613,662,258630.89999997616,391.7999999523163,false,true,1,695,645,712.5,320.7000000476837,completed,,,2026-09-26T08:08:44.283Z,2026-09-26T08:08:44.675Z,2026-09-26T08:08:44.996Z,,758,258233.3
1.2.0,6cafcd86-5c31-46a7-83e8-471788f2c459,P002,pilot,pointing-pilot-selected-208-post104-continuous-v4,6f01dd8e6afd67eb78b863696a810bcbdbe09d09487ab1b75dcf1e8e4cb7d335,,"[""C2"",""C3""]",training,C3,2,s19,3,9,35,243,243,34,242,6cafcd86-5c31-46a7-83e8-471788f2c459:s19:t9,6cafcd86-5c31-46a7-83e8-471788f2c459:s19:t9:a1,1,6cafcd86-5c31-46a7-83e8-471788f2c459:segment1,180,20,3.321928094887362,631.578947368421,70.17543859649122,636.2176906520102,5833f780-308c-41c8-947c-f8b38a7cfc05,1,9,2,662.5630626782829,652.8029511640596,1221.7984473013628,359.29357934694247,695,645,258951.60000002384,1251,323,259386.19999992847,434.59999990463257,false,true,1,1211,380,631,196.40000009536743,completed,,,2026-09-26T08:08:44.996Z,2026-09-26T08:08:45.431Z,2026-09-26T08:08:45.627Z,,509,258954.7
1.2.0,6cafcd86-5c31-46a7-83e8-471788f2c459,P002,pilot,pointing-pilot-selected-208-post104-continuous-v4,6f01dd8e6afd67eb78b863696a810bcbdbe09d09487ab1b75dcf1e8e4cb7d335,,"[""C2"",""C3""]",training,C3,2,s19,3,10,36,244,244,35,243,6cafcd86-5c31-46a7-83e8-471788f2c459:s19:t10,6cafcd86-5c31-46a7-83e8-471788f2c459:s19:t10:a1,1,6cafcd86-5c31-46a7-83e8-471788f2c459:segment1,180,20,3.321928094887362,631.578947368421,70.17543859649122,636.2176906520102,5833f780-308c-41c8-947c-f8b38a7cfc05,1,2,8,1221.7984473013628,359.29357934694247,749.0548168775097,778.1078898148132,1211,380,259582.60000002384,770,775,260026.5,443.89999997615814,true,true,0,770,775,443.89999997615814,0,completed,,,2026-09-26T08:08:45.627Z,2026-09-26T08:08:46.071Z,2026-09-26T08:08:46.071Z,,458,259581.832
1.2.0,6cafcd86-5c31-46a7-83e8-471788f2c459,P002,pilot,pointing-pilot-selected-208-post104-continuous-v4,6f01dd8e6afd67eb78b863696a810bcbdbe09d09487ab1b75dcf1e8e4cb7d335,,"[""C2"",""C3""]",training,C3,2,s19,3,11,37,245,245,36,244,6cafcd86-5c31-46a7-83e8-471788f2c459:s19:t11,6cafcd86-5c31-46a7-83e8-471788f2c459:s19:t11:a1,1,6cafcd86-5c31-46a7-83e8-471788f2c459:segment1,180,20,3.321928094887362,631.578947368421,70.17543859649122,636.2176906520102,5833f780-308c-41c8-947c-f8b38a7cfc05,1,8,1,749.0548168775097,778.1078898148132,1107.8325516550817,258.32860609250383,770,775,260026.5,1102,211,260483.10000002384,456.60000002384186,false,true,1,1092,268,655.6999999284744,199.09999990463257,completed,,,2026-09-26T08:08:46.071Z,2026-09-26T08:08:46.528Z,2026-09-26T08:08:46.727Z,,589,260027.2
1.2.0,6cafcd86-5c31-46a7-83e8-471788f2c459,P002,pilot,pointing-pilot-selected-208-post104-continuous-v4,6f01dd8e6afd67eb78b863696a810bcbdbe09d09487ab1b75dcf1e8e4cb7d335,,"[""C2"",""C3""]",training,C3,2,s19,3,12,38,246,246,37,245,6cafcd86-5c31-46a7-83e8-471788f2c459:s19:t12,6cafcd86-5c31-46a7-83e8-471788f2c459:s19:t12:a1,1,6cafcd86-5c31-46a7-83e8-471788f2c459:segment1,180,20,3.321928094887362,631.578947368421,70.17543859649122,636.2176906520102,5833f780-308c-41c8-947c-f8b38a7cfc05,1,1,7,1107.8325516550817,258.32860609250383,883.8715703650593,848.8651804201343,1092,268,260682.19999992847,871,851,261095.10000002384,412.90000009536743,true,true,0,871,851,412.90000009536743,0,completed,,,2026-09-26T08:08:46.727Z,2026-09-26T08:08:47.139Z,2026-09-26T08:08:47.139Z,,425,260687.9
1.2.0,6cafcd86-5c31-46a7-83e8-471788f2c459,P002,pilot,pointing-pilot-selected-208-post104-continuous-v4,6f01dd8e6afd67eb78b863696a810bcbdbe09d09487ab1b75dcf1e8e4cb7d335,,"[""C2"",""C3""]",training,C3,2,s19,3,13,39,247,247,38,246,6cafcd86-5c31-46a7-83e8-471788f2c459:s19:t13,6cafcd86-5c31-46a7-83e8-471788f2c459:s19:t13:a1,1,6cafcd86-5c31-46a7-83e8-471788f2c459:segment1,180,20,3.321928094887362,631.578947368421,70.17543859649122,636.2176906520102,5833f780-308c-41c8-947c-f8b38a7cfc05,1,7,0,883.8715703650593,848.8651804201343,960,221.8911546739949,871,851,261095.10000002384,993,164,261509.10000002384,414,false,true,1,976,238,672.6999999284744,258.6999999284744,completed,,,2026-09-26T08:08:47.139Z,2026-09-26T08:08:47.553Z,2026-09-26T08:08:47.812Z,,737,261093.9
1.2.0,6cafcd86-5c31-46a7-83e8-471788f2c459,P002,pilot,pointing-pilot-selected-208-post104-continuous-v4,6f01dd8e6afd67eb78b863696a810bcbdbe09d09487ab1b75dcf1e8e4cb7d335,,"[""C2"",""C3""]",training,C3,2,s20,4,1,40,248,248,39,247,6cafcd86-5c31-46a7-83e8-471788f2c459:s20:t1,6cafcd86-5c31-46a7-83e8-471788f2c459:s20:t1:a1,1,6cafcd86-5c31-46a7-83e8-471788f2c459:segment1,180,20,3.321928094887362,631.578947368421,70.17543859649122,636.2176906520102,5833f780-308c-41c8-947c-f8b38a7cfc05,1,0,6,960,221.8911546739949,1036.1284296349409,848.8651804201343,976,238,261767.79999995232,1015,860,262271.89999997616,504.10000002384186,true,true,0,1015,860,504.10000002384186,0,completed,,,2026-09-26T08:08:47.812Z,2026-09-26T08:08:48.316Z,2026-09-26T08:08:48.316Z,,505,261766.6
1.2.0,6cafcd86-5c31-46a7-83e8-471788f2c459,P002,pilot,pointing-pilot-selected-208-post104-continuous-v4,6f01dd8e6afd67eb78b863696a810bcbdbe09d09487ab1b75dcf1e8e4cb7d335,,"[""C2"",""C3""]",training,C3,2,s20,4,2,41,249,249,40,248,6cafcd86-5c31-46a7-83e8-471788f2c459:s20:t2,6cafcd86-5c31-46a7-83e8-471788f2c459:s20:t2:a1,1,6cafcd86-5c31-46a7-83e8-471788f2c459:segment1,180,20,3.321928094887362,631.578947368421,70.17543859649122,636.2176906520102,5833f780-308c-41c8-947c-f8b38a7cfc05,1,6,12,1036.1284296349409,848.8651804201343,812.1674483449184,258.3286060925038,1015,860,262271.89999997616,801,262,262885.39999997616,613.5,true,true,0,801,262,613.5,0,completed,,,2026-09-26T08:08:48.316Z,2026-09-26T08:08:48.930Z,2026-09-26T08:08:48.930Z,,547,262275.7
1.2.0,6cafcd86-5c31-46a7-83e8-471788f2c459,P002,pilot,pointing-pilot-selected-208-post104-continuous-v4,6f01dd8e6afd67eb78b863696a810bcbdbe09d09487ab1b75dcf1e8e4cb7d335,,"[""C2"",""C3""]",training,C3,2,s20,4,3,42,250,250,41,249,6cafcd86-5c31-46a7-83e8-471788f2c459:s20:t3,6cafcd86-5c31-46a7-83e8-471788f2c459:s20:t3:a1,1,6cafcd86-5c31-46a7-83e8-471788f2c459:segment1,180,20,3.321928094887362,631.578947368421,70.17543859649122,636.2176906520102,5833f780-308c-41c8-947c-f8b38a7cfc05,1,12,5,812.1674483449184,258.3286060925038,1170.9451831224903,778.1078898148132,801,262,262885.39999997616,1153,749,263361.7999999523,476.39999997615814,true,true,0,1153,749,476.39999997615814,0,completed,,,2026-09-26T08:08:48.930Z,2026-09-26T08:08:49.406Z,2026-09-26T08:08:49.406Z,,548,262881.8
1.2.0,6cafcd86-5c31-46a7-83e8-471788f2c459,P002,pilot,pointing-pilot-selected-208-post104-continuous-v4,6f01dd8e6afd67eb78b863696a810bcbdbe09d09487ab1b75dcf1e8e4cb7d335,,"[""C2"",""C3""]",training,C3,2,s20,4,4,43,251,251,42,250,6cafcd86-5c31-46a7-83e8-471788f2c459:s20:t4,6cafcd86-5c31-46a7-83e8-471788f2c459:s20:t4:a1,1,6cafcd86-5c31-46a7-83e8-471788f2c459:segment1,180,20,3.321928094887362,631.578947368421,70.17543859649122,636.2176906520102,5833f780-308c-41c8-947c-f8b38a7cfc05,1,5,11,1170.9451831224903,778.1078898148132,698.201552698637,359.2935793469428,1153,749,263361.7999999523,688,386,263762.1999999285,400.39999997615814,true,true,0,688,386,400.39999997615814,0,completed,,,2026-09-26T08:08:49.406Z,2026-09-26T08:08:49.807Z,2026-09-26T08:08:49.807Z,,452,263360.6
1.2.0,6cafcd86-5c31-46a7-83e8-471788f2c459,P002,pilot,pointing-pilot-selected-208-post104-continuous-v4,6f01dd8e6afd67eb78b863696a810bcbdbe09d09487ab1b75dcf1e8e4cb7d335,,"[""C2"",""C3""]",training,C3,2,s20,4,5,44,252,252,43,251,6cafcd86-5c31-46a7-83e8-471788f2c459:s20:t5,6cafcd86-5c31-46a7-83e8-471788f2c459:s20:t5:a1,1,6cafcd86-5c31-46a7-83e8-471788f2c459:segment1,180,20,3.321928094887362,631.578947368421,70.17543859649122,636.2176906520102,5833f780-308c-41c8-947c-f8b38a7cfc05,1,11,4,698.201552698637,359.2935793469428,1257.436937321717,652.8029511640594,688,386,263762.1999999285,1225,653,264122.6999999285,360.5,true,true,0,1225,653,360.5,0,completed,,,2026-09-26T08:08:49.807Z,2026-09-26T08:08:50.167Z,2026-09-26T08:08:50.167Z,,375,263760.6
1.2.0,6cafcd86-5c31-46a7-83e8-471788f2c459,P002,pilot,pointing-pilot-selected-208-post104-continuous-v4,6f01dd8e6afd67eb78b863696a810bcbdbe09d09487ab1b75dcf1e8e4cb7d335,,"[""C2"",""C3""]",training,C3,2,s20,4,6,45,253,253,44,252,6cafcd86-5c31-46a7-83e8-471788f2c459:s20:t6,6cafcd86-5c31-46a7-83e8-471788f2c459:s20:t6:a1,1,6cafcd86-5c31-46a7-83e8-471788f2c459:segment1,180,20,3.321928094887362,631.578947368421,70.17543859649122,636.2176906520102,5833f780-308c-41c8-947c-f8b38a7cfc05,1,4,10,1257.436937321717,652.8029511640594,644.2105263157895,501.65621582454924,1225,653,264122.6999999285,642,514,264527.60000002384,404.90000009536743,true,true,0,642,514,404.90000009536743,0,completed,,,2026-09-26T08:08:50.167Z,2026-09-26T08:08:50.572Z,2026-09-26T08:08:50.572Z,,370,264119.698
1.2.0,6cafcd86-5c31-46a7-83e8-471788f2c459,P002,pilot,pointing-pilot-selected-208-post104-continuous-v4,6f01dd8e6afd67eb78b863696a810bcbdbe09d09487ab1b75dcf1e8e4cb7d335,,"[""C2"",""C3""]",training,C3,2,s20,4,7,46,254,254,45,253,6cafcd86-5c31-46a7-83e8-471788f2c459:s20:t7,6cafcd86-5c31-46a7-83e8-471788f2c459:s20:t7:a1,1,6cafcd86-5c31-46a7-83e8-471788f2c459:segment1,180,20,3.321928094887362,631.578947368421,70.17543859649122,636.2176906520102,5833f780-308c-41c8-947c-f8b38a7cfc05,1,10,3,644.2105263157895,501.65621582454924,1275.7894736842104,501.65621582454935,642,514,264527.60000002384,1294,483,264892.1999999285,364.59999990463257,true,true,0,1294,483,364.59999990463257,0,completed,,,2026-09-26T08:08:50.572Z,2026-09-26T08:08:50.937Z,2026-09-26T08:08:50.937Z,,345,264530.3
1.2.0,6cafcd86-5c31-46a7-83e8-471788f2c459,P002,pilot,pointing-pilot-selected-208-post104-continuous-v4,6f01dd8e6afd67eb78b863696a810bcbdbe09d09487ab1b75dcf1e8e4cb7d335,,"[""C2"",""C3""]",training,C3,2,s20,4,8,47,255,255,46,254,6cafcd86-5c31-46a7-83e8-471788f2c459:s20:t8,6cafcd86-5c31-46a7-83e8-471788f2c459:s20:t8:a1,1,6cafcd86-5c31-46a7-83e8-471788f2c459:segment1,180,20,3.321928094887362,631.578947368421,70.17543859649122,636.2176906520102,5833f780-308c-41c8-947c-f8b38a7cfc05,1,3,9,1275.7894736842104,501.65621582454935,662.5630626782829,652.8029511640596,1294,483,264892.1999999285,731,663,265292.7999999523,400.60000002384186,false,true,1,659,666,591.6000000238419,191,completed,,,2026-09-26T08:08:50.937Z,2026-09-26T08:08:51.337Z,2026-09-26T08:08:51.528Z,,426,264887.8
1.2.0,6cafcd86-5c31-46a7-83e8-471788f2c459,P002,pilot,pointing-pilot-selected-208-post104-continuous-v4,6f01dd8e6afd67eb78b863696a810bcbdbe09d09487ab1b75dcf1e8e4cb7d335,,"[""C2"",""C3""]",training,C3,2,s20,4,9,48,256,256,47,255,6cafcd86-5c31-46a7-83e8-471788f2c459:s20:t9,6cafcd86-5c31-46a7-83e8-471788f2c459:s20:t9:a1,1,6cafcd86-5c31-46a7-83e8-471788f2c459:segment1,180,20,3.321928094887362,631.578947368421,70.17543859649122,636.2176906520102,5833f780-308c-41c8-947c-f8b38a7cfc05,1,9,2,662.5630626782829,652.8029511640596,1221.7984473013628,359.29357934694247,659,666,265483.7999999523,1205,356,265883.6999999285,399.89999997615814,true,true,0,1205,356,399.89999997615814,0,completed,,,2026-09-26T08:08:51.528Z,2026-09-26T08:08:51.928Z,2026-09-26T08:08:51.928Z,,431,265481.7
1.2.0,6cafcd86-5c31-46a7-83e8-471788f2c459,P002,pilot,pointing-pilot-selected-208-post104-continuous-v4,6f01dd8e6afd67eb78b863696a810bcbdbe09d09487ab1b75dcf1e8e4cb7d335,,"[""C2"",""C3""]",training,C3,2,s20,4,10,49,257,257,48,256,6cafcd86-5c31-46a7-83e8-471788f2c459:s20:t10,6cafcd86-5c31-46a7-83e8-471788f2c459:s20:t10:a1,1,6cafcd86-5c31-46a7-83e8-471788f2c459:segment1,180,20,3.321928094887362,631.578947368421,70.17543859649122,636.2176906520102,5833f780-308c-41c8-947c-f8b38a7cfc05,1,2,8,1221.7984473013628,359.29357934694247,749.0548168775097,778.1078898148132,1205,356,265883.6999999285,737,755,266305.6999999285,422,true,true,0,737,755,422,0,completed,,,2026-09-26T08:08:51.928Z,2026-09-26T08:08:52.350Z,2026-09-26T08:08:52.350Z,,453,265881.8
1.2.0,6cafcd86-5c31-46a7-83e8-471788f2c459,P002,pilot,pointing-pilot-selected-208-post104-continuous-v4,6f01dd8e6afd67eb78b863696a810bcbdbe09d09487ab1b75dcf1e8e4cb7d335,,"[""C2"",""C3""]",training,C3,2,s20,4,11,50,258,258,49,257,6cafcd86-5c31-46a7-83e8-471788f2c459:s20:t11,6cafcd86-5c31-46a7-83e8-471788f2c459:s20:t11:a1,1,6cafcd86-5c31-46a7-83e8-471788f2c459:segment1,180,20,3.321928094887362,631.578947368421,70.17543859649122,636.2176906520102,5833f780-308c-41c8-947c-f8b38a7cfc05,1,8,1,749.0548168775097,778.1078898148132,1107.8325516550817,258.32860609250383,737,755,266305.6999999285,1144,220,266755.6999999285,450,false,true,1,1117,272,672.9000000953674,222.90000009536743,completed,,,2026-09-26T08:08:52.350Z,2026-09-26T08:08:52.800Z,2026-09-26T08:08:53.023Z,,631,266305.9
1.2.0,6cafcd86-5c31-46a7-83e8-471788f2c459,P002,pilot,pointing-pilot-selected-208-post104-continuous-v4,6f01dd8e6afd67eb78b863696a810bcbdbe09d09487ab1b75dcf1e8e4cb7d335,,"[""C2"",""C3""]",training,C3,2,s20,4,12,51,259,259,50,258,6cafcd86-5c31-46a7-83e8-471788f2c459:s20:t12,6cafcd86-5c31-46a7-83e8-471788f2c459:s20:t12:a1,1,6cafcd86-5c31-46a7-83e8-471788f2c459:segment1,180,20,3.321928094887362,631.578947368421,70.17543859649122,636.2176906520102,5833f780-308c-41c8-947c-f8b38a7cfc05,1,1,7,1107.8325516550817,258.32860609250383,883.8715703650593,848.8651804201343,1117,272,266978.60000002384,876,826,267518.10000002384,539.5,true,true,0,876,826,539.5,0,completed,,,2026-09-26T08:08:53.023Z,2026-09-26T08:08:53.563Z,2026-09-26T08:08:53.563Z,,457,266978.8
1.2.0,6cafcd86-5c31-46a7-83e8-471788f2c459,P002,pilot,pointing-pilot-selected-208-post104-continuous-v4,6f01dd8e6afd67eb78b863696a810bcbdbe09d09487ab1b75dcf1e8e4cb7d335,,"[""C2"",""C3""]",training,C3,2,s20,4,13,52,260,260,51,259,6cafcd86-5c31-46a7-83e8-471788f2c459:s20:t13,6cafcd86-5c31-46a7-83e8-471788f2c459:s20:t13:a1,1,6cafcd86-5c31-46a7-83e8-471788f2c459:segment1,180,20,3.321928094887362,631.578947368421,70.17543859649122,636.2176906520102,5833f780-308c-41c8-947c-f8b38a7cfc05,1,7,0,883.8715703650593,848.8651804201343,960,221.8911546739949,876,826,267518.10000002384,970,220,267965.39999997616,447.2999999523163,true,true,0,970,220,447.2999999523163,0,completed,,,2026-09-26T08:08:53.563Z,2026-09-26T08:08:54.010Z,2026-09-26T08:08:54.010Z,,442,267518.2
1.2.0,6cafcd86-5c31-46a7-83e8-471788f2c459,P002,pilot,pointing-pilot-selected-208-post104-continuous-v4,6f01dd8e6afd67eb78b863696a810bcbdbe09d09487ab1b75dcf1e8e4cb7d335,,"[""C2"",""C3""]",training,C3,2,s21,5,1,53,261,261,52,260,6cafcd86-5c31-46a7-83e8-471788f2c459:s21:t1,6cafcd86-5c31-46a7-83e8-471788f2c459:s21:t1:a1,1,6cafcd86-5c31-46a7-83e8-471788f2c459:segment1,180,20,3.321928094887362,631.578947368421,70.17543859649122,636.2176906520102,5833f780-308c-41c8-947c-f8b38a7cfc05,1,0,6,960,221.8911546739949,1036.1284296349409,848.8651804201343,970,220,267965.39999997616,1042,848,268375.6999999285,410.2999999523163,true,true,0,1042,848,410.2999999523163,0,completed,,,2026-09-26T08:08:54.010Z,2026-09-26T08:08:54.420Z,2026-09-26T08:08:54.420Z,,396,267963.532
1.2.0,6cafcd86-5c31-46a7-83e8-471788f2c459,P002,pilot,pointing-pilot-selected-208-post104-continuous-v4,6f01dd8e6afd67eb78b863696a810bcbdbe09d09487ab1b75dcf1e8e4cb7d335,,"[""C2"",""C3""]",training,C3,2,s21,5,2,54,262,262,53,261,6cafcd86-5c31-46a7-83e8-471788f2c459:s21:t2,6cafcd86-5c31-46a7-83e8-471788f2c459:s21:t2:a1,1,6cafcd86-5c31-46a7-83e8-471788f2c459:segment1,180,20,3.321928094887362,631.578947368421,70.17543859649122,636.2176906520102,5833f780-308c-41c8-947c-f8b38a7cfc05,1,6,12,1036.1284296349409,848.8651804201343,812.1674483449184,258.3286060925038,1042,848,268375.6999999285,792,272,268827.2999999523,451.60000002384186,true,true,0,792,272,451.60000002384186,0,completed,,,2026-09-26T08:08:54.420Z,2026-09-26T08:08:54.872Z,2026-09-26T08:08:54.872Z,,438,268372.664
1.2.0,6cafcd86-5c31-46a7-83e8-471788f2c459,P002,pilot,pointing-pilot-selected-208-post104-continuous-v4,6f01dd8e6afd67eb78b863696a810bcbdbe09d09487ab1b75dcf1e8e4cb7d335,,"[""C2"",""C3""]",training,C3,2,s21,5,3,55,263,263,54,262,6cafcd86-5c31-46a7-83e8-471788f2c459:s21:t3,6cafcd86-5c31-46a7-83e8-471788f2c459:s21:t3:a1,1,6cafcd86-5c31-46a7-83e8-471788f2c459:segment1,180,20,3.321928094887362,631.578947368421,70.17543859649122,636.2176906520102,5833f780-308c-41c8-947c-f8b38a7cfc05,1,12,5,812.1674483449184,258.3286060925038,1170.9451831224903,778.1078898148132,792,272,268827.2999999523,1159,745,269234.60000002384,407.3000000715256,false,true,2,1176,762,1257.2000000476837,849.8999999761581,completed,,,2026-09-26T08:08:54.872Z,2026-09-26T08:08:55.279Z,2026-09-26T08:08:56.129Z,,1079,268827.2
1.2.0,6cafcd86-5c31-46a7-83e8-471788f2c459,P002,pilot,pointing-pilot-selected-208-post104-continuous-v4,6f01dd8e6afd67eb78b863696a810bcbdbe09d09487ab1b75dcf1e8e4cb7d335,,"[""C2"",""C3""]",training,C3,2,s21,5,4,56,264,264,55,263,6cafcd86-5c31-46a7-83e8-471788f2c459:s21:t4,6cafcd86-5c31-46a7-83e8-471788f2c459:s21:t4:a1,1,6cafcd86-5c31-46a7-83e8-471788f2c459:segment1,180,20,3.321928094887362,631.578947368421,70.17543859649122,636.2176906520102,5833f780-308c-41c8-947c-f8b38a7cfc05,1,5,11,1170.9451831224903,778.1078898148132,698.201552698637,359.2935793469428,1176,762,270084.5,689,378,270523.1999999285,438.6999999284744,true,true,0,689,378,438.6999999284744,0,completed,,,2026-09-26T08:08:56.129Z,2026-09-26T08:08:56.568Z,2026-09-26T08:08:56.568Z,,481,270087.7
1.2.0,6cafcd86-5c31-46a7-83e8-471788f2c459,P002,pilot,pointing-pilot-selected-208-post104-continuous-v4,6f01dd8e6afd67eb78b863696a810bcbdbe09d09487ab1b75dcf1e8e4cb7d335,,"[""C2"",""C3""]",training,C3,2,s21,5,5,57,265,265,56,264,6cafcd86-5c31-46a7-83e8-471788f2c459:s21:t5,6cafcd86-5c31-46a7-83e8-471788f2c459:s21:t5:a1,1,6cafcd86-5c31-46a7-83e8-471788f2c459:segment1,180,20,3.321928094887362,631.578947368421,70.17543859649122,636.2176906520102,5833f780-308c-41c8-947c-f8b38a7cfc05,1,11,4,698.201552698637,359.2935793469428,1257.436937321717,652.8029511640594,689,378,270523.1999999285,1248,648,270893.7999999523,370.60000002384186,true,true,0,1248,648,370.60000002384186,0,completed,,,2026-09-26T08:08:56.568Z,2026-09-26T08:08:56.938Z,2026-09-26T08:08:56.938Z,,324,270518.2
1.2.0,6cafcd86-5c31-46a7-83e8-471788f2c459,P002,pilot,pointing-pilot-selected-208-post104-continuous-v4,6f01dd8e6afd67eb78b863696a810bcbdbe09d09487ab1b75dcf1e8e4cb7d335,,"[""C2"",""C3""]",training,C3,2,s21,5,6,58,266,266,57,265,6cafcd86-5c31-46a7-83e8-471788f2c459:s21:t6,6cafcd86-5c31-46a7-83e8-471788f2c459:s21:t6:a1,1,6cafcd86-5c31-46a7-83e8-471788f2c459:segment1,180,20,3.321928094887362,631.578947368421,70.17543859649122,636.2176906520102,5833f780-308c-41c8-947c-f8b38a7cfc05,1,4,10,1257.436937321717,652.8029511640594,644.2105263157895,501.65621582454924,1248,648,270893.7999999523,655,513,271269.10000002384,375.3000000715256,true,true,0,655,513,375.3000000715256,0,completed,,,2026-09-26T08:08:56.938Z,2026-09-26T08:08:57.313Z,2026-09-26T08:08:57.313Z,,364,270893.9
1.2.0,6cafcd86-5c31-46a7-83e8-471788f2c459,P002,pilot,pointing-pilot-selected-208-post104-continuous-v4,6f01dd8e6afd67eb78b863696a810bcbdbe09d09487ab1b75dcf1e8e4cb7d335,,"[""C2"",""C3""]",training,C3,2,s21,5,7,59,267,267,58,266,6cafcd86-5c31-46a7-83e8-471788f2c459:s21:t7,6cafcd86-5c31-46a7-83e8-471788f2c459:s21:t7:a1,1,6cafcd86-5c31-46a7-83e8-471788f2c459:segment1,180,20,3.321928094887362,631.578947368421,70.17543859649122,636.2176906520102,5833f780-308c-41c8-947c-f8b38a7cfc05,1,10,3,644.2105263157895,501.65621582454924,1275.7894736842104,501.65621582454935,655,513,271269.10000002384,1270,478,271600.7999999523,331.6999999284744,true,true,0,1270,478,331.6999999284744,0,completed,,,2026-09-26T08:08:57.313Z,2026-09-26T08:08:57.645Z,2026-09-26T08:08:57.645Z,,275,271269.6
1.2.0,6cafcd86-5c31-46a7-83e8-471788f2c459,P002,pilot,pointing-pilot-selected-208-post104-continuous-v4,6f01dd8e6afd67eb78b863696a810bcbdbe09d09487ab1b75dcf1e8e4cb7d335,,"[""C2"",""C3""]",training,C3,2,s21,5,8,60,268,268,59,267,6cafcd86-5c31-46a7-83e8-471788f2c459:s21:t8,6cafcd86-5c31-46a7-83e8-471788f2c459:s21:t8:a1,1,6cafcd86-5c31-46a7-83e8-471788f2c459:segment1,180,20,3.321928094887362,631.578947368421,70.17543859649122,636.2176906520102,5833f780-308c-41c8-947c-f8b38a7cfc05,1,3,9,1275.7894736842104,501.65621582454935,662.5630626782829,652.8029511640596,1270,478,271600.7999999523,667,670,272053.7999999523,453,true,true,0,667,670,453,0,completed,,,2026-09-26T08:08:57.645Z,2026-09-26T08:08:58.098Z,2026-09-26T08:08:58.098Z,,386,271596.8
1.2.0,6cafcd86-5c31-46a7-83e8-471788f2c459,P002,pilot,pointing-pilot-selected-208-post104-continuous-v4,6f01dd8e6afd67eb78b863696a810bcbdbe09d09487ab1b75dcf1e8e4cb7d335,,"[""C2"",""C3""]",training,C3,2,s21,5,9,61,269,269,60,268,6cafcd86-5c31-46a7-83e8-471788f2c459:s21:t9,6cafcd86-5c31-46a7-83e8-471788f2c459:s21:t9:a1,1,6cafcd86-5c31-46a7-83e8-471788f2c459:segment1,180,20,3.321928094887362,631.578947368421,70.17543859649122,636.2176906520102,5833f780-308c-41c8-947c-f8b38a7cfc05,1,9,2,662.5630626782829,652.8029511640596,1221.7984473013628,359.29357934694247,667,670,272053.7999999523,1244,346,272477.39999997616,423.60000002384186,true,true,0,1244,346,423.60000002384186,0,completed,,,2026-09-26T08:08:58.098Z,2026-09-26T08:08:58.522Z,2026-09-26T08:08:58.522Z,,451,272051.4
1.2.0,6cafcd86-5c31-46a7-83e8-471788f2c459,P002,pilot,pointing-pilot-selected-208-post104-continuous-v4,6f01dd8e6afd67eb78b863696a810bcbdbe09d09487ab1b75dcf1e8e4cb7d335,,"[""C2"",""C3""]",training,C3,2,s21,5,10,62,270,270,61,269,6cafcd86-5c31-46a7-83e8-471788f2c459:s21:t10,6cafcd86-5c31-46a7-83e8-471788f2c459:s21:t10:a1,1,6cafcd86-5c31-46a7-83e8-471788f2c459:segment1,180,20,3.321928094887362,631.578947368421,70.17543859649122,636.2176906520102,5833f780-308c-41c8-947c-f8b38a7cfc05,1,2,8,1221.7984473013628,359.29357934694247,749.0548168775097,778.1078898148132,1244,346,272477.39999997616,764,752,273037.60000002384,560.2000000476837,true,true,0,764,752,560.2000000476837,0,completed,,,2026-09-26T08:08:58.522Z,2026-09-26T08:08:59.082Z,2026-09-26T08:08:59.082Z,,462,272475.7
1.2.0,6cafcd86-5c31-46a7-83e8-471788f2c459,P002,pilot,pointing-pilot-selected-208-post104-continuous-v4,6f01dd8e6afd67eb78b863696a810bcbdbe09d09487ab1b75dcf1e8e4cb7d335,,"[""C2"",""C3""]",training,C3,2,s21,5,11,63,271,271,62,270,6cafcd86-5c31-46a7-83e8-471788f2c459:s21:t11,6cafcd86-5c31-46a7-83e8-471788f2c459:s21:t11:a1,1,6cafcd86-5c31-46a7-83e8-471788f2c459:segment1,180,20,3.321928094887362,631.578947368421,70.17543859649122,636.2176906520102,5833f780-308c-41c8-947c-f8b38a7cfc05,1,8,1,749.0548168775097,778.1078898148132,1107.8325516550817,258.32860609250383,764,752,273037.60000002384,1110,264,273504.7999999523,467.1999999284744,true,true,0,1110,264,467.1999999284744,0,completed,,,2026-09-26T08:08:59.082Z,2026-09-26T08:08:59.549Z,2026-09-26T08:08:59.549Z,,517,273039.3
1.2.0,6cafcd86-5c31-46a7-83e8-471788f2c459,P002,pilot,pointing-pilot-selected-208-post104-continuous-v4,6f01dd8e6afd67eb78b863696a810bcbdbe09d09487ab1b75dcf1e8e4cb7d335,,"[""C2"",""C3""]",training,C3,2,s21,5,12,64,272,272,63,271,6cafcd86-5c31-46a7-83e8-471788f2c459:s21:t12,6cafcd86-5c31-46a7-83e8-471788f2c459:s21:t12:a1,1,6cafcd86-5c31-46a7-83e8-471788f2c459:segment1,180,20,3.321928094887362,631.578947368421,70.17543859649122,636.2176906520102,5833f780-308c-41c8-947c-f8b38a7cfc05,1,1,7,1107.8325516550817,258.32860609250383,883.8715703650593,848.8651804201343,1110,264,273504.7999999523,895,861,273965.6999999285,460.89999997615814,true,true,0,895,861,460.89999997615814,0,completed,,,2026-09-26T08:08:59.549Z,2026-09-26T08:09:00.010Z,2026-09-26T08:09:00.010Z,,423,273499.9
1.2.0,6cafcd86-5c31-46a7-83e8-471788f2c459,P002,pilot,pointing-pilot-selected-208-post104-continuous-v4,6f01dd8e6afd67eb78b863696a810bcbdbe09d09487ab1b75dcf1e8e4cb7d335,,"[""C2"",""C3""]",training,C3,2,s21,5,13,65,273,273,64,272,6cafcd86-5c31-46a7-83e8-471788f2c459:s21:t13,6cafcd86-5c31-46a7-83e8-471788f2c459:s21:t13:a1,1,6cafcd86-5c31-46a7-83e8-471788f2c459:segment1,180,20,3.321928094887362,631.578947368421,70.17543859649122,636.2176906520102,5833f780-308c-41c8-947c-f8b38a7cfc05,1,7,0,883.8715703650593,848.8651804201343,960,221.8911546739949,895,861,273965.6999999285,954,170,274404.1999999285,438.5,false,true,1,962,240,669.8000000715256,231.30000007152557,completed,,,2026-09-26T08:09:00.010Z,2026-09-26T08:09:00.449Z,2026-09-26T08:09:00.680Z,,632,273960.6
1.2.0,6cafcd86-5c31-46a7-83e8-471788f2c459,P002,pilot,pointing-pilot-selected-208-post104-continuous-v4,6f01dd8e6afd67eb78b863696a810bcbdbe09d09487ab1b75dcf1e8e4cb7d335,,"[""C2"",""C3""]",training,C3,2,s22,6,1,66,274,274,65,273,6cafcd86-5c31-46a7-83e8-471788f2c459:s22:t1,6cafcd86-5c31-46a7-83e8-471788f2c459:s22:t1:a1,1,6cafcd86-5c31-46a7-83e8-471788f2c459:segment1,180,20,3.321928094887362,631.578947368421,70.17543859649122,636.2176906520102,5833f780-308c-41c8-947c-f8b38a7cfc05,1,0,6,960,221.8911546739949,1036.1284296349409,848.8651804201343,962,240,274635.5,1015,850,275138.89999997616,503.39999997615814,true,true,0,1015,850,503.39999997615814,0,completed,,,2026-09-26T08:09:00.680Z,2026-09-26T08:09:01.183Z,2026-09-26T08:09:01.183Z,,462,274636.232
1.2.0,6cafcd86-5c31-46a7-83e8-471788f2c459,P002,pilot,pointing-pilot-selected-208-post104-continuous-v4,6f01dd8e6afd67eb78b863696a810bcbdbe09d09487ab1b75dcf1e8e4cb7d335,,"[""C2"",""C3""]",training,C3,2,s22,6,2,67,275,275,66,274,6cafcd86-5c31-46a7-83e8-471788f2c459:s22:t2,6cafcd86-5c31-46a7-83e8-471788f2c459:s22:t2:a1,1,6cafcd86-5c31-46a7-83e8-471788f2c459:segment1,180,20,3.321928094887362,631.578947368421,70.17543859649122,636.2176906520102,5833f780-308c-41c8-947c-f8b38a7cfc05,1,6,12,1036.1284296349409,848.8651804201343,812.1674483449184,258.3286060925038,1015,850,275138.89999997616,802,266,275580,441.10000002384186,true,true,0,802,266,441.10000002384186,0,completed,,,2026-09-26T08:09:01.183Z,2026-09-26T08:09:01.624Z,2026-09-26T08:09:01.624Z,,423,275136.2
1.2.0,6cafcd86-5c31-46a7-83e8-471788f2c459,P002,pilot,pointing-pilot-selected-208-post104-continuous-v4,6f01dd8e6afd67eb78b863696a810bcbdbe09d09487ab1b75dcf1e8e4cb7d335,,"[""C2"",""C3""]",training,C3,2,s22,6,3,68,276,276,67,275,6cafcd86-5c31-46a7-83e8-471788f2c459:s22:t3,6cafcd86-5c31-46a7-83e8-471788f2c459:s22:t3:a1,1,6cafcd86-5c31-46a7-83e8-471788f2c459:segment1,180,20,3.321928094887362,631.578947368421,70.17543859649122,636.2176906520102,5833f780-308c-41c8-947c-f8b38a7cfc05,1,12,5,812.1674483449184,258.3286060925038,1170.9451831224903,778.1078898148132,802,266,275580,1179,765,276046.10000002384,466.10000002384186,true,true,0,1179,765,466.10000002384186,0,completed,,,2026-09-26T08:09:01.624Z,2026-09-26T08:09:02.091Z,2026-09-26T08:09:02.091Z,,444,275578.7
1.2.0,6cafcd86-5c31-46a7-83e8-471788f2c459,P002,pilot,pointing-pilot-selected-208-post104-continuous-v4,6f01dd8e6afd67eb78b863696a810bcbdbe09d09487ab1b75dcf1e8e4cb7d335,,"[""C2"",""C3""]",training,C3,2,s22,6,4,69,277,277,68,276,6cafcd86-5c31-46a7-83e8-471788f2c459:s22:t4,6cafcd86-5c31-46a7-83e8-471788f2c459:s22:t4:a1,1,6cafcd86-5c31-46a7-83e8-471788f2c459:segment1,180,20,3.321928094887362,631.578947368421,70.17543859649122,636.2176906520102,5833f780-308c-41c8-947c-f8b38a7cfc05,1,5,11,1170.9451831224903,778.1078898148132,698.201552698637,359.2935793469428,1179,765,276046.10000002384,698,398,276467.5,421.39999997615814,false,true,1,694,369,692.8999999761581,271.5,completed,,,2026-09-26T08:09:02.091Z,2026-09-26T08:09:02.512Z,2026-09-26T08:09:02.783Z,,492,276045.4
1.2.0,6cafcd86-5c31-46a7-83e8-471788f2c459,P002,pilot,pointing-pilot-selected-208-post104-continuous-v4,6f01dd8e6afd67eb78b863696a810bcbdbe09d09487ab1b75dcf1e8e4cb7d335,,"[""C2"",""C3""]",training,C3,2,s22,6,5,70,278,278,69,277,6cafcd86-5c31-46a7-83e8-471788f2c459:s22:t5,6cafcd86-5c31-46a7-83e8-471788f2c459:s22:t5:a1,1,6cafcd86-5c31-46a7-83e8-471788f2c459:segment1,180,20,3.321928094887362,631.578947368421,70.17543859649122,636.2176906520102,5833f780-308c-41c8-947c-f8b38a7cfc05,1,11,4,698.201552698637,359.2935793469428,1257.436937321717,652.8029511640594,694,369,276739,1204,623,277130.10000002384,391.10000002384186,false,true,1,1239,644,576.1999999284744,185.09999990463257,completed,,,2026-09-26T08:09:02.783Z,2026-09-26T08:09:03.175Z,2026-09-26T08:09:03.360Z,,429,276736.3
1.2.0,6cafcd86-5c31-46a7-83e8-471788f2c459,P002,pilot,pointing-pilot-selected-208-post104-continuous-v4,6f01dd8e6afd67eb78b863696a810bcbdbe09d09487ab1b75dcf1e8e4cb7d335,,"[""C2"",""C3""]",training,C3,2,s22,6,6,71,279,279,70,278,6cafcd86-5c31-46a7-83e8-471788f2c459:s22:t6,6cafcd86-5c31-46a7-83e8-471788f2c459:s22:t6:a1,1,6cafcd86-5c31-46a7-83e8-471788f2c459:segment1,180,20,3.321928094887362,631.578947368421,70.17543859649122,636.2176906520102,5833f780-308c-41c8-947c-f8b38a7cfc05,1,4,10,1257.436937321717,652.8029511640594,644.2105263157895,501.65621582454924,1239,644,277315.1999999285,629,493,277675.5,360.3000000715256,true,true,0,629,493,360.3000000715256,0,completed,,,2026-09-26T08:09:03.360Z,2026-09-26T08:09:03.720Z,2026-09-26T08:09:03.720Z,,403,277312
1.2.0,6cafcd86-5c31-46a7-83e8-471788f2c459,P002,pilot,pointing-pilot-selected-208-post104-continuous-v4,6f01dd8e6afd67eb78b863696a810bcbdbe09d09487ab1b75dcf1e8e4cb7d335,,"[""C2"",""C3""]",training,C3,2,s22,6,7,72,280,280,71,279,6cafcd86-5c31-46a7-83e8-471788f2c459:s22:t7,6cafcd86-5c31-46a7-83e8-471788f2c459:s22:t7:a1,1,6cafcd86-5c31-46a7-83e8-471788f2c459:segment1,180,20,3.321928094887362,631.578947368421,70.17543859649122,636.2176906520102,5833f780-308c-41c8-947c-f8b38a7cfc05,1,10,3,644.2105263157895,501.65621582454924,1275.7894736842104,501.65621582454935,629,493,277675.5,1236,486,278024.60000002384,349.10000002384186,false,true,1,1252,500,568.3999999761581,219.29999995231628,completed,,,2026-09-26T08:09:03.720Z,2026-09-26T08:09:04.069Z,2026-09-26T08:09:04.288Z,,319,277675.7
1.2.0,6cafcd86-5c31-46a7-83e8-471788f2c459,P002,pilot,pointing-pilot-selected-208-post104-continuous-v4,6f01dd8e6afd67eb78b863696a810bcbdbe09d09487ab1b75dcf1e8e4cb7d335,,"[""C2"",""C3""]",training,C3,2,s22,6,8,73,281,281,72,280,6cafcd86-5c31-46a7-83e8-471788f2c459:s22:t8,6cafcd86-5c31-46a7-83e8-471788f2c459:s22:t8:a1,1,6cafcd86-5c31-46a7-83e8-471788f2c459:segment1,180,20,3.321928094887362,631.578947368421,70.17543859649122,636.2176906520102,5833f780-308c-41c8-947c-f8b38a7cfc05,1,3,9,1275.7894736842104,501.65621582454935,662.5630626782829,652.8029511640596,1252,500,278243.89999997616,649,671,278623.1999999285,379.2999999523163,true,true,0,649,671,379.2999999523163,0,completed,,,2026-09-26T08:09:04.288Z,2026-09-26T08:09:04.668Z,2026-09-26T08:09:04.668Z,,369,278239.3
1.2.0,6cafcd86-5c31-46a7-83e8-471788f2c459,P002,pilot,pointing-pilot-selected-208-post104-continuous-v4,6f01dd8e6afd67eb78b863696a810bcbdbe09d09487ab1b75dcf1e8e4cb7d335,,"[""C2"",""C3""]",training,C3,2,s22,6,9,74,282,282,73,281,6cafcd86-5c31-46a7-83e8-471788f2c459:s22:t9,6cafcd86-5c31-46a7-83e8-471788f2c459:s22:t9:a1,1,6cafcd86-5c31-46a7-83e8-471788f2c459:segment1,180,20,3.321928094887362,631.578947368421,70.17543859649122,636.2176906520102,5833f780-308c-41c8-947c-f8b38a7cfc05,1,9,2,662.5630626782829,652.8029511640596,1221.7984473013628,359.29357934694247,649,671,278623.1999999285,1236,350,279048,424.8000000715256,true,true,0,1236,350,424.8000000715256,0,completed,,,2026-09-26T08:09:04.668Z,2026-09-26T08:09:05.092Z,2026-09-26T08:09:05.092Z,,430,278621.1
1.2.0,6cafcd86-5c31-46a7-83e8-471788f2c459,P002,pilot,pointing-pilot-selected-208-post104-continuous-v4,6f01dd8e6afd67eb78b863696a810bcbdbe09d09487ab1b75dcf1e8e4cb7d335,,"[""C2"",""C3""]",training,C3,2,s22,6,10,75,283,283,74,282,6cafcd86-5c31-46a7-83e8-471788f2c459:s22:t10,6cafcd86-5c31-46a7-83e8-471788f2c459:s22:t10:a1,1,6cafcd86-5c31-46a7-83e8-471788f2c459:segment1,180,20,3.321928094887362,631.578947368421,70.17543859649122,636.2176906520102,5833f780-308c-41c8-947c-f8b38a7cfc05,1,2,8,1221.7984473013628,359.29357934694247,749.0548168775097,778.1078898148132,1236,350,279048,719,767,279587.39999997616,539.3999999761581,true,true,0,719,767,539.3999999761581,0,completed,,,2026-09-26T08:09:05.092Z,2026-09-26T08:09:05.632Z,2026-09-26T08:09:05.632Z,,565,279051.4
1.2.0,6cafcd86-5c31-46a7-83e8-471788f2c459,P002,pilot,pointing-pilot-selected-208-post104-continuous-v4,6f01dd8e6afd67eb78b863696a810bcbdbe09d09487ab1b75dcf1e8e4cb7d335,,"[""C2"",""C3""]",training,C3,2,s22,6,11,76,284,284,75,283,6cafcd86-5c31-46a7-83e8-471788f2c459:s22:t11,6cafcd86-5c31-46a7-83e8-471788f2c459:s22:t11:a1,1,6cafcd86-5c31-46a7-83e8-471788f2c459:segment1,180,20,3.321928094887362,631.578947368421,70.17543859649122,636.2176906520102,5833f780-308c-41c8-947c-f8b38a7cfc05,1,8,1,749.0548168775097,778.1078898148132,1107.8325516550817,258.32860609250383,719,767,279587.39999997616,1097,269,280077.2999999523,489.89999997615814,true,true,0,1097,269,489.89999997615814,0,completed,,,2026-09-26T08:09:05.632Z,2026-09-26T08:09:06.122Z,2026-09-26T08:09:06.122Z,,527,279590.7
1.2.0,6cafcd86-5c31-46a7-83e8-471788f2c459,P002,pilot,pointing-pilot-selected-208-post104-continuous-v4,6f01dd8e6afd67eb78b863696a810bcbdbe09d09487ab1b75dcf1e8e4cb7d335,,"[""C2"",""C3""]",training,C3,2,s22,6,12,77,285,285,76,284,6cafcd86-5c31-46a7-83e8-471788f2c459:s22:t12,6cafcd86-5c31-46a7-83e8-471788f2c459:s22:t12:a1,1,6cafcd86-5c31-46a7-83e8-471788f2c459:segment1,180,20,3.321928094887362,631.578947368421,70.17543859649122,636.2176906520102,5833f780-308c-41c8-947c-f8b38a7cfc05,1,1,7,1107.8325516550817,258.32860609250383,883.8715703650593,848.8651804201343,1097,269,280077.2999999523,907,859,280622,544.7000000476837,true,true,0,907,859,544.7000000476837,0,completed,,,2026-09-26T08:09:06.122Z,2026-09-26T08:09:06.666Z,2026-09-26T08:09:06.666Z,,464,280081.8
1.2.0,6cafcd86-5c31-46a7-83e8-471788f2c459,P002,pilot,pointing-pilot-selected-208-post104-continuous-v4,6f01dd8e6afd67eb78b863696a810bcbdbe09d09487ab1b75dcf1e8e4cb7d335,,"[""C2"",""C3""]",training,C3,2,s22,6,13,78,286,286,77,285,6cafcd86-5c31-46a7-83e8-471788f2c459:s22:t13,6cafcd86-5c31-46a7-83e8-471788f2c459:s22:t13:a1,1,6cafcd86-5c31-46a7-83e8-471788f2c459:segment1,180,20,3.321928094887362,631.578947368421,70.17543859649122,636.2176906520102,5833f780-308c-41c8-947c-f8b38a7cfc05,1,7,0,883.8715703650593,848.8651804201343,960,221.8911546739949,907,859,280622,962,209,281239.1999999285,617.1999999284744,true,true,0,962,209,617.1999999284744,0,completed,,,2026-09-26T08:09:06.666Z,2026-09-26T08:09:07.284Z,2026-09-26T08:09:07.284Z,,595,280627.2
1.2.0,6cafcd86-5c31-46a7-83e8-471788f2c459,P002,pilot,pointing-pilot-selected-208-post104-continuous-v4,6f01dd8e6afd67eb78b863696a810bcbdbe09d09487ab1b75dcf1e8e4cb7d335,,"[""C2"",""C3""]",training,C3,2,s23,7,1,79,287,287,78,286,6cafcd86-5c31-46a7-83e8-471788f2c459:s23:t1,6cafcd86-5c31-46a7-83e8-471788f2c459:s23:t1:a1,1,6cafcd86-5c31-46a7-83e8-471788f2c459:segment1,180,20,3.321928094887362,631.578947368421,70.17543859649122,636.2176906520102,5833f780-308c-41c8-947c-f8b38a7cfc05,1,0,6,960,221.8911546739949,1036.1284296349409,848.8651804201343,962,209,281239.1999999285,1021,856,281642.39999997616,403.2000000476837,true,true,0,1021,856,403.2000000476837,0,completed,,,2026-09-26T08:09:07.284Z,2026-09-26T08:09:07.687Z,2026-09-26T08:09:07.687Z,,438,281245.3
1.2.0,6cafcd86-5c31-46a7-83e8-471788f2c459,P002,pilot,pointing-pilot-selected-208-post104-continuous-v4,6f01dd8e6afd67eb78b863696a810bcbdbe09d09487ab1b75dcf1e8e4cb7d335,,"[""C2"",""C3""]",training,C3,2,s23,7,2,80,288,288,79,287,6cafcd86-5c31-46a7-83e8-471788f2c459:s23:t2,6cafcd86-5c31-46a7-83e8-471788f2c459:s23:t2:a1,1,6cafcd86-5c31-46a7-83e8-471788f2c459:segment1,180,20,3.321928094887362,631.578947368421,70.17543859649122,636.2176906520102,5833f780-308c-41c8-947c-f8b38a7cfc05,1,6,12,1036.1284296349409,848.8651804201343,812.1674483449184,258.3286060925038,1021,856,281642.39999997616,781,255,282103.89999997616,461.5,true,true,0,781,255,461.5,0,completed,,,2026-09-26T08:09:07.687Z,2026-09-26T08:09:08.148Z,2026-09-26T08:09:08.148Z,,459,281645.4
1.2.0,6cafcd86-5c31-46a7-83e8-471788f2c459,P002,pilot,pointing-pilot-selected-208-post104-continuous-v4,6f01dd8e6afd67eb78b863696a810bcbdbe09d09487ab1b75dcf1e8e4cb7d335,,"[""C2"",""C3""]",training,C3,2,s23,7,3,81,289,289,80,288,6cafcd86-5c31-46a7-83e8-471788f2c459:s23:t3,6cafcd86-5c31-46a7-83e8-471788f2c459:s23:t3:a1,1,6cafcd86-5c31-46a7-83e8-471788f2c459:segment1,180,20,3.321928094887362,631.578947368421,70.17543859649122,636.2176906520102,5833f780-308c-41c8-947c-f8b38a7cfc05,1,12,5,812.1674483449184,258.3286060925038,1170.9451831224903,778.1078898148132,781,255,282103.89999997616,1183,746,282520.39999997616,416.5,true,true,0,1183,746,416.5,0,completed,,,2026-09-26T08:09:08.148Z,2026-09-26T08:09:08.565Z,2026-09-26T08:09:08.565Z,,416,282104.43
1.2.0,6cafcd86-5c31-46a7-83e8-471788f2c459,P002,pilot,pointing-pilot-selected-208-post104-continuous-v4,6f01dd8e6afd67eb78b863696a810bcbdbe09d09487ab1b75dcf1e8e4cb7d335,,"[""C2"",""C3""]",training,C3,2,s23,7,4,82,290,290,81,289,6cafcd86-5c31-46a7-83e8-471788f2c459:s23:t4,6cafcd86-5c31-46a7-83e8-471788f2c459:s23:t4:a1,1,6cafcd86-5c31-46a7-83e8-471788f2c459:segment1,180,20,3.321928094887362,631.578947368421,70.17543859649122,636.2176906520102,5833f780-308c-41c8-947c-f8b38a7cfc05,1,5,11,1170.9451831224903,778.1078898148132,698.201552698637,359.2935793469428,1183,746,282520.39999997616,708,378,283045.2999999523,524.8999999761581,true,true,0,708,378,524.8999999761581,0,completed,,,2026-09-26T08:09:08.565Z,2026-09-26T08:09:09.090Z,2026-09-26T08:09:09.090Z,,424,282521.132
1.2.0,6cafcd86-5c31-46a7-83e8-471788f2c459,P002,pilot,pointing-pilot-selected-208-post104-continuous-v4,6f01dd8e6afd67eb78b863696a810bcbdbe09d09487ab1b75dcf1e8e4cb7d335,,"[""C2"",""C3""]",training,C3,2,s23,7,5,83,291,291,82,290,6cafcd86-5c31-46a7-83e8-471788f2c459:s23:t5,6cafcd86-5c31-46a7-83e8-471788f2c459:s23:t5:a1,1,6cafcd86-5c31-46a7-83e8-471788f2c459:segment1,180,20,3.321928094887362,631.578947368421,70.17543859649122,636.2176906520102,5833f780-308c-41c8-947c-f8b38a7cfc05,1,11,4,698.201552698637,359.2935793469428,1257.436937321717,652.8029511640594,708,378,283045.2999999523,1276,671,283546.10000002384,500.8000000715256,true,true,0,1276,671,500.8000000715256,0,completed,,,2026-09-26T08:09:09.090Z,2026-09-26T08:09:09.591Z,2026-09-26T08:09:09.591Z,,482,283045.4
1.2.0,6cafcd86-5c31-46a7-83e8-471788f2c459,P002,pilot,pointing-pilot-selected-208-post104-continuous-v4,6f01dd8e6afd67eb78b863696a810bcbdbe09d09487ab1b75dcf1e8e4cb7d335,,"[""C2"",""C3""]",training,C3,2,s23,7,6,84,292,292,83,291,6cafcd86-5c31-46a7-83e8-471788f2c459:s23:t6,6cafcd86-5c31-46a7-83e8-471788f2c459:s23:t6:a1,1,6cafcd86-5c31-46a7-83e8-471788f2c459:segment1,180,20,3.321928094887362,631.578947368421,70.17543859649122,636.2176906520102,5833f780-308c-41c8-947c-f8b38a7cfc05,1,4,10,1257.436937321717,652.8029511640594,644.2105263157895,501.65621582454924,1276,671,283546.10000002384,647,512,283980.5,434.39999997615814,true,true,0,647,512,434.39999997615814,0,completed,,,2026-09-26T08:09:09.591Z,2026-09-26T08:09:10.025Z,2026-09-26T08:09:10.025Z,,440,283548.3
1.2.0,6cafcd86-5c31-46a7-83e8-471788f2c459,P002,pilot,pointing-pilot-selected-208-post104-continuous-v4,6f01dd8e6afd67eb78b863696a810bcbdbe09d09487ab1b75dcf1e8e4cb7d335,,"[""C2"",""C3""]",training,C3,2,s23,7,7,85,293,293,84,292,6cafcd86-5c31-46a7-83e8-471788f2c459:s23:t7,6cafcd86-5c31-46a7-83e8-471788f2c459:s23:t7:a1,1,6cafcd86-5c31-46a7-83e8-471788f2c459:segment1,180,20,3.321928094887362,631.578947368421,70.17543859649122,636.2176906520102,5833f780-308c-41c8-947c-f8b38a7cfc05,1,10,3,644.2105263157895,501.65621582454924,1275.7894736842104,501.65621582454935,647,512,283980.5,1276,498,284467.7999999523,487.2999999523163,true,true,0,1276,498,487.2999999523163,0,completed,,,2026-09-26T08:09:10.025Z,2026-09-26T08:09:10.512Z,2026-09-26T08:09:10.512Z,,344,283984.7
1.2.0,6cafcd86-5c31-46a7-83e8-471788f2c459,P002,pilot,pointing-pilot-selected-208-post104-continuous-v4,6f01dd8e6afd67eb78b863696a810bcbdbe09d09487ab1b75dcf1e8e4cb7d335,,"[""C2"",""C3""]",training,C3,2,s23,7,8,86,294,294,85,293,6cafcd86-5c31-46a7-83e8-471788f2c459:s23:t8,6cafcd86-5c31-46a7-83e8-471788f2c459:s23:t8:a1,1,6cafcd86-5c31-46a7-83e8-471788f2c459:segment1,180,20,3.321928094887362,631.578947368421,70.17543859649122,636.2176906520102,5833f780-308c-41c8-947c-f8b38a7cfc05,1,3,9,1275.7894736842104,501.65621582454935,662.5630626782829,652.8029511640596,1276,498,284467.7999999523,668,659,284881.89999997616,414.10000002384186,true,true,0,668,659,414.10000002384186,0,completed,,,2026-09-26T08:09:10.512Z,2026-09-26T08:09:10.926Z,2026-09-26T08:09:10.926Z,,464,284469.5
1.2.0,6cafcd86-5c31-46a7-83e8-471788f2c459,P002,pilot,pointing-pilot-selected-208-post104-continuous-v4,6f01dd8e6afd67eb78b863696a810bcbdbe09d09487ab1b75dcf1e8e4cb7d335,,"[""C2"",""C3""]",training,C3,2,s23,7,9,87,295,295,86,294,6cafcd86-5c31-46a7-83e8-471788f2c459:s23:t9,6cafcd86-5c31-46a7-83e8-471788f2c459:s23:t9:a1,1,6cafcd86-5c31-46a7-83e8-471788f2c459:segment1,180,20,3.321928094887362,631.578947368421,70.17543859649122,636.2176906520102,5833f780-308c-41c8-947c-f8b38a7cfc05,1,9,2,662.5630626782829,652.8029511640596,1221.7984473013628,359.29357934694247,668,659,284881.89999997616,1189,383,285293.5,411.60000002384186,false,true,1,1249,338,819.3999999761581,407.7999999523163,completed,,,2026-09-26T08:09:10.926Z,2026-09-26T08:09:11.338Z,2026-09-26T08:09:11.746Z,,758,284881.7
1.2.0,6cafcd86-5c31-46a7-83e8-471788f2c459,P002,pilot,pointing-pilot-selected-208-post104-continuous-v4,6f01dd8e6afd67eb78b863696a810bcbdbe09d09487ab1b75dcf1e8e4cb7d335,,"[""C2"",""C3""]",training,C3,2,s23,7,10,88,296,296,87,295,6cafcd86-5c31-46a7-83e8-471788f2c459:s23:t10,6cafcd86-5c31-46a7-83e8-471788f2c459:s23:t10:a1,1,6cafcd86-5c31-46a7-83e8-471788f2c459:segment1,180,20,3.321928094887362,631.578947368421,70.17543859649122,636.2176906520102,5833f780-308c-41c8-947c-f8b38a7cfc05,1,2,8,1221.7984473013628,359.29357934694247,749.0548168775097,778.1078898148132,1249,338,285701.2999999523,753,757,286129.60000002384,428.3000000715256,true,true,0,753,757,428.3000000715256,0,completed,,,2026-09-26T08:09:11.746Z,2026-09-26T08:09:12.174Z,2026-09-26T08:09:12.174Z,,466,285699.9
1.2.0,6cafcd86-5c31-46a7-83e8-471788f2c459,P002,pilot,pointing-pilot-selected-208-post104-continuous-v4,6f01dd8e6afd67eb78b863696a810bcbdbe09d09487ab1b75dcf1e8e4cb7d335,,"[""C2"",""C3""]",training,C3,2,s23,7,11,89,297,297,88,296,6cafcd86-5c31-46a7-83e8-471788f2c459:s23:t11,6cafcd86-5c31-46a7-83e8-471788f2c459:s23:t11:a1,1,6cafcd86-5c31-46a7-83e8-471788f2c459:segment1,180,20,3.321928094887362,631.578947368421,70.17543859649122,636.2176906520102,5833f780-308c-41c8-947c-f8b38a7cfc05,1,8,1,749.0548168775097,778.1078898148132,1107.8325516550817,258.32860609250383,753,757,286129.60000002384,1112,302,286576.10000002384,446.5,false,true,1,1113,261,691.7999999523163,245.29999995231628,completed,,,2026-09-26T08:09:12.174Z,2026-09-26T08:09:12.620Z,2026-09-26T08:09:12.866Z,,499,286124.1
1.2.0,6cafcd86-5c31-46a7-83e8-471788f2c459,P002,pilot,pointing-pilot-selected-208-post104-continuous-v4,6f01dd8e6afd67eb78b863696a810bcbdbe09d09487ab1b75dcf1e8e4cb7d335,,"[""C2"",""C3""]",training,C3,2,s23,7,12,90,298,298,89,297,6cafcd86-5c31-46a7-83e8-471788f2c459:s23:t12,6cafcd86-5c31-46a7-83e8-471788f2c459:s23:t12:a1,1,6cafcd86-5c31-46a7-83e8-471788f2c459:segment1,180,20,3.321928094887362,631.578947368421,70.17543859649122,636.2176906520102,5833f780-308c-41c8-947c-f8b38a7cfc05,1,1,7,1107.8325516550817,258.32860609250383,883.8715703650593,848.8651804201343,1113,261,286821.39999997616,864,846,287213.89999997616,392.5,true,true,0,864,846,392.5,0,completed,,,2026-09-26T08:09:12.866Z,2026-09-26T08:09:13.258Z,2026-09-26T08:09:13.258Z,,416,286821.1
1.2.0,6cafcd86-5c31-46a7-83e8-471788f2c459,P002,pilot,pointing-pilot-selected-208-post104-continuous-v4,6f01dd8e6afd67eb78b863696a810bcbdbe09d09487ab1b75dcf1e8e4cb7d335,,"[""C2"",""C3""]",training,C3,2,s23,7,13,91,299,299,90,298,6cafcd86-5c31-46a7-83e8-471788f2c459:s23:t13,6cafcd86-5c31-46a7-83e8-471788f2c459:s23:t13:a1,1,6cafcd86-5c31-46a7-83e8-471788f2c459:segment1,180,20,3.321928094887362,631.578947368421,70.17543859649122,636.2176906520102,5833f780-308c-41c8-947c-f8b38a7cfc05,1,7,0,883.8715703650593,848.8651804201343,960,221.8911546739949,864,846,287213.89999997616,958,191,287646.89999997616,433,true,true,0,958,191,433,0,completed,,,2026-09-26T08:09:13.258Z,2026-09-26T08:09:13.691Z,2026-09-26T08:09:13.691Z,,543,287215
1.2.0,6cafcd86-5c31-46a7-83e8-471788f2c459,P002,pilot,pointing-pilot-selected-208-post104-continuous-v4,6f01dd8e6afd67eb78b863696a810bcbdbe09d09487ab1b75dcf1e8e4cb7d335,,"[""C2"",""C3""]",training,C3,2,s24,8,1,92,300,300,91,299,6cafcd86-5c31-46a7-83e8-471788f2c459:s24:t1,6cafcd86-5c31-46a7-83e8-471788f2c459:s24:t1:a1,1,6cafcd86-5c31-46a7-83e8-471788f2c459:segment1,180,20,3.321928094887362,631.578947368421,70.17543859649122,636.2176906520102,5833f780-308c-41c8-947c-f8b38a7cfc05,1,0,6,960,221.8911546739949,1036.1284296349409,848.8651804201343,958,191,287646.89999997616,1025,762,288085,438.10000002384186,false,true,1,1029,866,637.7999999523163,199.69999992847443,completed,,,2026-09-26T08:09:13.691Z,2026-09-26T08:09:14.129Z,2026-09-26T08:09:14.329Z,,556,287645.3
1.2.0,6cafcd86-5c31-46a7-83e8-471788f2c459,P002,pilot,pointing-pilot-selected-208-post104-continuous-v4,6f01dd8e6afd67eb78b863696a810bcbdbe09d09487ab1b75dcf1e8e4cb7d335,,"[""C2"",""C3""]",training,C3,2,s24,8,2,93,301,301,92,300,6cafcd86-5c31-46a7-83e8-471788f2c459:s24:t2,6cafcd86-5c31-46a7-83e8-471788f2c459:s24:t2:a1,1,6cafcd86-5c31-46a7-83e8-471788f2c459:segment1,180,20,3.321928094887362,631.578947368421,70.17543859649122,636.2176906520102,5833f780-308c-41c8-947c-f8b38a7cfc05,1,6,12,1036.1284296349409,848.8651804201343,812.1674483449184,258.3286060925038,1029,866,288284.6999999285,761,291,288693.10000002384,408.40000009536743,false,true,1,781,263,597.5,189.09999990463257,completed,,,2026-09-26T08:09:14.329Z,2026-09-26T08:09:14.738Z,2026-09-26T08:09:14.927Z,,501,288281.6
1.2.0,6cafcd86-5c31-46a7-83e8-471788f2c459,P002,pilot,pointing-pilot-selected-208-post104-continuous-v4,6f01dd8e6afd67eb78b863696a810bcbdbe09d09487ab1b75dcf1e8e4cb7d335,,"[""C2"",""C3""]",training,C3,2,s24,8,3,94,302,302,93,301,6cafcd86-5c31-46a7-83e8-471788f2c459:s24:t3,6cafcd86-5c31-46a7-83e8-471788f2c459:s24:t3:a1,1,6cafcd86-5c31-46a7-83e8-471788f2c459:segment1,180,20,3.321928094887362,631.578947368421,70.17543859649122,636.2176906520102,5833f780-308c-41c8-947c-f8b38a7cfc05,1,12,5,812.1674483449184,258.3286060925038,1170.9451831224903,778.1078898148132,781,263,288882.1999999285,1157,758,289310.39999997616,428.2000000476837,true,true,0,1157,758,428.2000000476837,0,completed,,,2026-09-26T08:09:14.927Z,2026-09-26T08:09:15.355Z,2026-09-26T08:09:15.355Z,,479,288881.7
1.2.0,6cafcd86-5c31-46a7-83e8-471788f2c459,P002,pilot,pointing-pilot-selected-208-post104-continuous-v4,6f01dd8e6afd67eb78b863696a810bcbdbe09d09487ab1b75dcf1e8e4cb7d335,,"[""C2"",""C3""]",training,C3,2,s24,8,4,95,303,303,94,302,6cafcd86-5c31-46a7-83e8-471788f2c459:s24:t4,6cafcd86-5c31-46a7-83e8-471788f2c459:s24:t4:a1,1,6cafcd86-5c31-46a7-83e8-471788f2c459:segment1,180,20,3.321928094887362,631.578947368421,70.17543859649122,636.2176906520102,5833f780-308c-41c8-947c-f8b38a7cfc05,1,5,11,1170.9451831224903,778.1078898148132,698.201552698637,359.2935793469428,1157,758,289310.39999997616,694,364,289823.10000002384,512.7000000476837,true,true,0,694,364,512.7000000476837,0,completed,,,2026-09-26T08:09:15.355Z,2026-09-26T08:09:15.868Z,2026-09-26T08:09:15.868Z,,514,289305.9
1.2.0,6cafcd86-5c31-46a7-83e8-471788f2c459,P002,pilot,pointing-pilot-selected-208-post104-continuous-v4,6f01dd8e6afd67eb78b863696a810bcbdbe09d09487ab1b75dcf1e8e4cb7d335,,"[""C2"",""C3""]",training,C3,2,s24,8,5,96,304,304,95,303,6cafcd86-5c31-46a7-83e8-471788f2c459:s24:t5,6cafcd86-5c31-46a7-83e8-471788f2c459:s24:t5:a1,1,6cafcd86-5c31-46a7-83e8-471788f2c459:segment1,180,20,3.321928094887362,631.578947368421,70.17543859649122,636.2176906520102,5833f780-308c-41c8-947c-f8b38a7cfc05,1,11,4,698.201552698637,359.2935793469428,1257.436937321717,652.8029511640594,694,364,289823.10000002384,1267,647,290330.60000002384,507.5,true,true,0,1267,647,507.5,0,completed,,,2026-09-26T08:09:15.868Z,2026-09-26T08:09:16.375Z,2026-09-26T08:09:16.375Z,,515,289827.1
1.2.0,6cafcd86-5c31-46a7-83e8-471788f2c459,P002,pilot,pointing-pilot-selected-208-post104-continuous-v4,6f01dd8e6afd67eb78b863696a810bcbdbe09d09487ab1b75dcf1e8e4cb7d335,,"[""C2"",""C3""]",training,C3,2,s24,8,6,97,305,305,96,304,6cafcd86-5c31-46a7-83e8-471788f2c459:s24:t6,6cafcd86-5c31-46a7-83e8-471788f2c459:s24:t6:a1,1,6cafcd86-5c31-46a7-83e8-471788f2c459:segment1,180,20,3.321928094887362,631.578947368421,70.17543859649122,636.2176906520102,5833f780-308c-41c8-947c-f8b38a7cfc05,1,4,10,1257.436937321717,652.8029511640594,644.2105263157895,501.65621582454924,1267,647,290330.60000002384,652,527,290713.89999997616,383.2999999523163,true,true,0,652,527,383.2999999523163,0,completed,,,2026-09-26T08:09:16.375Z,2026-09-26T08:09:16.758Z,2026-09-26T08:09:16.758Z,,320,290336.2
1.2.0,6cafcd86-5c31-46a7-83e8-471788f2c459,P002,pilot,pointing-pilot-selected-208-post104-continuous-v4,6f01dd8e6afd67eb78b863696a810bcbdbe09d09487ab1b75dcf1e8e4cb7d335,,"[""C2"",""C3""]",training,C3,2,s24,8,7,98,306,306,97,305,6cafcd86-5c31-46a7-83e8-471788f2c459:s24:t7,6cafcd86-5c31-46a7-83e8-471788f2c459:s24:t7:a1,1,6cafcd86-5c31-46a7-83e8-471788f2c459:segment1,180,20,3.321928094887362,631.578947368421,70.17543859649122,636.2176906520102,5833f780-308c-41c8-947c-f8b38a7cfc05,1,10,3,644.2105263157895,501.65621582454924,1275.7894736842104,501.65621582454935,652,527,290713.89999997616,1239,500,291093.2999999523,379.39999997615814,false,true,1,1256,513,641.1000000238419,261.7000000476837,completed,,,2026-09-26T08:09:16.758Z,2026-09-26T08:09:17.138Z,2026-09-26T08:09:17.400Z,,346,290713.498
1.2.0,6cafcd86-5c31-46a7-83e8-471788f2c459,P002,pilot,pointing-pilot-selected-208-post104-continuous-v4,6f01dd8e6afd67eb78b863696a810bcbdbe09d09487ab1b75dcf1e8e4cb7d335,,"[""C2"",""C3""]",training,C3,2,s24,8,8,99,307,307,98,306,6cafcd86-5c31-46a7-83e8-471788f2c459:s24:t8,6cafcd86-5c31-46a7-83e8-471788f2c459:s24:t8:a1,1,6cafcd86-5c31-46a7-83e8-471788f2c459:segment1,180,20,3.321928094887362,631.578947368421,70.17543859649122,636.2176906520102,5833f780-308c-41c8-947c-f8b38a7cfc05,1,3,9,1275.7894736842104,501.65621582454935,662.5630626782829,652.8029511640596,1256,513,291355,676,680,291739.7999999523,384.7999999523163,true,true,0,676,680,384.7999999523163,0,completed,,,2026-09-26T08:09:17.400Z,2026-09-26T08:09:17.784Z,2026-09-26T08:09:17.784Z,,368,291360.4
1.2.0,6cafcd86-5c31-46a7-83e8-471788f2c459,P002,pilot,pointing-pilot-selected-208-post104-continuous-v4,6f01dd8e6afd67eb78b863696a810bcbdbe09d09487ab1b75dcf1e8e4cb7d335,,"[""C2"",""C3""]",training,C3,2,s24,8,9,100,308,308,99,307,6cafcd86-5c31-46a7-83e8-471788f2c459:s24:t9,6cafcd86-5c31-46a7-83e8-471788f2c459:s24:t9:a1,1,6cafcd86-5c31-46a7-83e8-471788f2c459:segment1,180,20,3.321928094887362,631.578947368421,70.17543859649122,636.2176906520102,5833f780-308c-41c8-947c-f8b38a7cfc05,1,9,2,662.5630626782829,652.8029511640596,1221.7984473013628,359.29357934694247,676,680,291739.7999999523,1240,357,292206.39999997616,466.60000002384186,true,true,0,1240,357,466.60000002384186,0,completed,,,2026-09-26T08:09:17.784Z,2026-09-26T08:09:18.251Z,2026-09-26T08:09:18.251Z,,519,291739.232
1.2.0,6cafcd86-5c31-46a7-83e8-471788f2c459,P002,pilot,pointing-pilot-selected-208-post104-continuous-v4,6f01dd8e6afd67eb78b863696a810bcbdbe09d09487ab1b75dcf1e8e4cb7d335,,"[""C2"",""C3""]",training,C3,2,s24,8,10,101,309,309,100,308,6cafcd86-5c31-46a7-83e8-471788f2c459:s24:t10,6cafcd86-5c31-46a7-83e8-471788f2c459:s24:t10:a1,1,6cafcd86-5c31-46a7-83e8-471788f2c459:segment1,180,20,3.321928094887362,631.578947368421,70.17543859649122,636.2176906520102,5833f780-308c-41c8-947c-f8b38a7cfc05,1,2,8,1221.7984473013628,359.29357934694247,749.0548168775097,778.1078898148132,1240,357,292206.39999997616,760,763,292740.39999997616,534,true,true,0,760,763,534,0,completed,,,2026-09-26T08:09:18.251Z,2026-09-26T08:09:18.785Z,2026-09-26T08:09:18.785Z,,578,292202.8
1.2.0,6cafcd86-5c31-46a7-83e8-471788f2c459,P002,pilot,pointing-pilot-selected-208-post104-continuous-v4,6f01dd8e6afd67eb78b863696a810bcbdbe09d09487ab1b75dcf1e8e4cb7d335,,"[""C2"",""C3""]",training,C3,2,s24,8,11,102,310,310,101,309,6cafcd86-5c31-46a7-83e8-471788f2c459:s24:t11,6cafcd86-5c31-46a7-83e8-471788f2c459:s24:t11:a1,1,6cafcd86-5c31-46a7-83e8-471788f2c459:segment1,180,20,3.321928094887362,631.578947368421,70.17543859649122,636.2176906520102,5833f780-308c-41c8-947c-f8b38a7cfc05,1,8,1,749.0548168775097,778.1078898148132,1107.8325516550817,258.32860609250383,760,763,292740.39999997616,1108,293,293196.89999997616,456.5,true,true,0,1108,293,456.5,0,completed,,,2026-09-26T08:09:18.785Z,2026-09-26T08:09:19.241Z,2026-09-26T08:09:19.241Z,,479,292742.3
1.2.0,6cafcd86-5c31-46a7-83e8-471788f2c459,P002,pilot,pointing-pilot-selected-208-post104-continuous-v4,6f01dd8e6afd67eb78b863696a810bcbdbe09d09487ab1b75dcf1e8e4cb7d335,,"[""C2"",""C3""]",training,C3,2,s24,8,12,103,311,311,102,310,6cafcd86-5c31-46a7-83e8-471788f2c459:s24:t12,6cafcd86-5c31-46a7-83e8-471788f2c459:s24:t12:a1,1,6cafcd86-5c31-46a7-83e8-471788f2c459:segment1,180,20,3.321928094887362,631.578947368421,70.17543859649122,636.2176906520102,5833f780-308c-41c8-947c-f8b38a7cfc05,1,1,7,1107.8325516550817,258.32860609250383,883.8715703650593,848.8651804201343,1108,293,293196.89999997616,867,842,293679.1999999285,482.2999999523163,true,true,0,867,842,482.2999999523163,0,completed,,,2026-09-26T08:09:19.241Z,2026-09-26T08:09:19.724Z,2026-09-26T08:09:19.724Z,,493,293196.8
1.2.0,6cafcd86-5c31-46a7-83e8-471788f2c459,P002,pilot,pointing-pilot-selected-208-post104-continuous-v4,6f01dd8e6afd67eb78b863696a810bcbdbe09d09487ab1b75dcf1e8e4cb7d335,,"[""C2"",""C3""]",training,C3,2,s24,8,13,104,312,312,103,311,6cafcd86-5c31-46a7-83e8-471788f2c459:s24:t13,6cafcd86-5c31-46a7-83e8-471788f2c459:s24:t13:a1,1,6cafcd86-5c31-46a7-83e8-471788f2c459:segment1,180,20,3.321928094887362,631.578947368421,70.17543859649122,636.2176906520102,5833f780-308c-41c8-947c-f8b38a7cfc05,1,7,0,883.8715703650593,848.8651804201343,960,221.8911546739949,867,842,293679.1999999285,959,227,294096.2999999523,417.10000002384186,true,true,0,959,227,417.10000002384186,0,completed,,,2026-09-26T08:09:19.724Z,2026-09-26T08:09:20.141Z,2026-09-26T08:09:20.141Z,,490,293681.7
1.2.0,6cafcd86-5c31-46a7-83e8-471788f2c459,P002,pilot,pointing-pilot-selected-208-post104-continuous-v4,6f01dd8e6afd67eb78b863696a810bcbdbe09d09487ab1b75dcf1e8e4cb7d335,,"[""C2"",""C3""]",training,C3,2,s25,9,1,105,313,313,104,312,6cafcd86-5c31-46a7-83e8-471788f2c459:s25:t1,6cafcd86-5c31-46a7-83e8-471788f2c459:s25:t1:a1,1,6cafcd86-5c31-46a7-83e8-471788f2c459:segment1,180,20,3.321928094887362,631.578947368421,70.17543859649122,636.2176906520102,5833f780-308c-41c8-947c-f8b38a7cfc05,1,0,6,960,221.8911546739949,1036.1284296349409,848.8651804201343,959,227,294096.2999999523,1042,843,294528.89999997616,432.60000002384186,true,true,0,1042,843,432.60000002384186,0,completed,,,2026-09-26T08:09:20.141Z,2026-09-26T08:09:20.573Z,2026-09-26T08:09:20.573Z,,463,294096.832
1.2.0,6cafcd86-5c31-46a7-83e8-471788f2c459,P002,pilot,pointing-pilot-selected-208-post104-continuous-v4,6f01dd8e6afd67eb78b863696a810bcbdbe09d09487ab1b75dcf1e8e4cb7d335,,"[""C2"",""C3""]",training,C3,2,s25,9,2,106,314,314,105,313,6cafcd86-5c31-46a7-83e8-471788f2c459:s25:t2,6cafcd86-5c31-46a7-83e8-471788f2c459:s25:t2:a1,1,6cafcd86-5c31-46a7-83e8-471788f2c459:segment1,180,20,3.321928094887362,631.578947368421,70.17543859649122,636.2176906520102,5833f780-308c-41c8-947c-f8b38a7cfc05,1,6,12,1036.1284296349409,848.8651804201343,812.1674483449184,258.3286060925038,1042,843,294528.89999997616,793,269,294994.1999999285,465.2999999523163,true,true,0,793,269,465.2999999523163,0,completed,,,2026-09-26T08:09:20.573Z,2026-09-26T08:09:21.039Z,2026-09-26T08:09:21.039Z,,529,294530.1
1.2.0,6cafcd86-5c31-46a7-83e8-471788f2c459,P002,pilot,pointing-pilot-selected-208-post104-continuous-v4,6f01dd8e6afd67eb78b863696a810bcbdbe09d09487ab1b75dcf1e8e4cb7d335,,"[""C2"",""C3""]",training,C3,2,s25,9,3,107,315,315,106,314,6cafcd86-5c31-46a7-83e8-471788f2c459:s25:t3,6cafcd86-5c31-46a7-83e8-471788f2c459:s25:t3:a1,1,6cafcd86-5c31-46a7-83e8-471788f2c459:segment1,180,20,3.321928094887362,631.578947368421,70.17543859649122,636.2176906520102,5833f780-308c-41c8-947c-f8b38a7cfc05,1,12,5,812.1674483449184,258.3286060925038,1170.9451831224903,778.1078898148132,793,269,294994.1999999285,1185,766,295435.60000002384,441.40000009536743,true,true,0,1185,766,441.40000009536743,0,completed,,,2026-09-26T08:09:21.039Z,2026-09-26T08:09:21.480Z,2026-09-26T08:09:21.480Z,,460,294990.8
1.2.0,6cafcd86-5c31-46a7-83e8-471788f2c459,P002,pilot,pointing-pilot-selected-208-post104-continuous-v4,6f01dd8e6afd67eb78b863696a810bcbdbe09d09487ab1b75dcf1e8e4cb7d335,,"[""C2"",""C3""]",training,C3,2,s25,9,4,108,316,316,107,315,6cafcd86-5c31-46a7-83e8-471788f2c459:s25:t4,6cafcd86-5c31-46a7-83e8-471788f2c459:s25:t4:a1,1,6cafcd86-5c31-46a7-83e8-471788f2c459:segment1,180,20,3.321928094887362,631.578947368421,70.17543859649122,636.2176906520102,5833f780-308c-41c8-947c-f8b38a7cfc05,1,5,11,1170.9451831224903,778.1078898148132,698.201552698637,359.2935793469428,1185,766,295435.60000002384,694,354,295820,384.39999997615814,true,true,0,694,354,384.39999997615814,0,completed,,,2026-09-26T08:09:21.480Z,2026-09-26T08:09:21.864Z,2026-09-26T08:09:21.864Z,,488,295433.2
1.2.0,6cafcd86-5c31-46a7-83e8-471788f2c459,P002,pilot,pointing-pilot-selected-208-post104-continuous-v4,6f01dd8e6afd67eb78b863696a810bcbdbe09d09487ab1b75dcf1e8e4cb7d335,,"[""C2"",""C3""]",training,C3,2,s25,9,5,109,317,317,108,316,6cafcd86-5c31-46a7-83e8-471788f2c459:s25:t5,6cafcd86-5c31-46a7-83e8-471788f2c459:s25:t5:a1,1,6cafcd86-5c31-46a7-83e8-471788f2c459:segment1,180,20,3.321928094887362,631.578947368421,70.17543859649122,636.2176906520102,5833f780-308c-41c8-947c-f8b38a7cfc05,1,11,4,698.201552698637,359.2935793469428,1257.436937321717,652.8029511640594,694,354,295820,1238,638,296195.60000002384,375.60000002384186,true,true,0,1238,638,375.60000002384186,0,completed,,,2026-09-26T08:09:21.864Z,2026-09-26T08:09:22.240Z,2026-09-26T08:09:22.240Z,,346,295821
1.2.0,6cafcd86-5c31-46a7-83e8-471788f2c459,P002,pilot,pointing-pilot-selected-208-post104-continuous-v4,6f01dd8e6afd67eb78b863696a810bcbdbe09d09487ab1b75dcf1e8e4cb7d335,,"[""C2"",""C3""]",training,C3,2,s25,9,6,110,318,318,109,317,6cafcd86-5c31-46a7-83e8-471788f2c459:s25:t6,6cafcd86-5c31-46a7-83e8-471788f2c459:s25:t6:a1,1,6cafcd86-5c31-46a7-83e8-471788f2c459:segment1,180,20,3.321928094887362,631.578947368421,70.17543859649122,636.2176906520102,5833f780-308c-41c8-947c-f8b38a7cfc05,1,4,10,1257.436937321717,652.8029511640594,644.2105263157895,501.65621582454924,1238,638,296195.60000002384,670,522,296519.1999999285,323.59999990463257,true,true,0,670,522,323.59999990463257,0,completed,,,2026-09-26T08:09:22.240Z,2026-09-26T08:09:22.564Z,2026-09-26T08:09:22.564Z,,328,296196.8
1.2.0,6cafcd86-5c31-46a7-83e8-471788f2c459,P002,pilot,pointing-pilot-selected-208-post104-continuous-v4,6f01dd8e6afd67eb78b863696a810bcbdbe09d09487ab1b75dcf1e8e4cb7d335,,"[""C2"",""C3""]",training,C3,2,s25,9,7,111,319,319,110,318,6cafcd86-5c31-46a7-83e8-471788f2c459:s25:t7,6cafcd86-5c31-46a7-83e8-471788f2c459:s25:t7:a1,1,6cafcd86-5c31-46a7-83e8-471788f2c459:segment1,180,20,3.321928094887362,631.578947368421,70.17543859649122,636.2176906520102,5833f780-308c-41c8-947c-f8b38a7cfc05,1,10,3,644.2105263157895,501.65621582454924,1275.7894736842104,501.65621582454935,670,522,296519.1999999285,1336,459,296857.6999999285,338.5,false,true,1,1292,498,553.2000000476837,214.70000004768372,completed,,,2026-09-26T08:09:22.564Z,2026-09-26T08:09:22.902Z,2026-09-26T08:09:23.117Z,,381,296524.1
1.2.0,6cafcd86-5c31-46a7-83e8-471788f2c459,P002,pilot,pointing-pilot-selected-208-post104-continuous-v4,6f01dd8e6afd67eb78b863696a810bcbdbe09d09487ab1b75dcf1e8e4cb7d335,,"[""C2"",""C3""]",training,C3,2,s25,9,8,112,320,320,111,319,6cafcd86-5c31-46a7-83e8-471788f2c459:s25:t8,6cafcd86-5c31-46a7-83e8-471788f2c459:s25:t8:a1,1,6cafcd86-5c31-46a7-83e8-471788f2c459:segment1,180,20,3.321928094887362,631.578947368421,70.17543859649122,636.2176906520102,5833f780-308c-41c8-947c-f8b38a7cfc05,1,3,9,1275.7894736842104,501.65621582454935,662.5630626782829,652.8029511640596,1292,498,297072.39999997616,657,677,297430.60000002384,358.2000000476837,true,true,0,657,677,358.2000000476837,0,completed,,,2026-09-26T08:09:23.117Z,2026-09-26T08:09:23.475Z,2026-09-26T08:09:23.475Z,,436,297069.5
1.2.0,6cafcd86-5c31-46a7-83e8-471788f2c459,P002,pilot,pointing-pilot-selected-208-post104-continuous-v4,6f01dd8e6afd67eb78b863696a810bcbdbe09d09487ab1b75dcf1e8e4cb7d335,,"[""C2"",""C3""]",training,C3,2,s25,9,9,113,321,321,112,320,6cafcd86-5c31-46a7-83e8-471788f2c459:s25:t9,6cafcd86-5c31-46a7-83e8-471788f2c459:s25:t9:a1,1,6cafcd86-5c31-46a7-83e8-471788f2c459:segment1,180,20,3.321928094887362,631.578947368421,70.17543859649122,636.2176906520102,5833f780-308c-41c8-947c-f8b38a7cfc05,1,9,2,662.5630626782829,652.8029511640596,1221.7984473013628,359.29357934694247,657,677,297430.60000002384,1187,376,297787.5,356.89999997615814,false,true,1,1255,354,786.0999999046326,429.1999999284744,completed,,,2026-09-26T08:09:23.475Z,2026-09-26T08:09:23.832Z,2026-09-26T08:09:24.261Z,,814,297433.2
1.2.0,6cafcd86-5c31-46a7-83e8-471788f2c459,P002,pilot,pointing-pilot-selected-208-post104-continuous-v4,6f01dd8e6afd67eb78b863696a810bcbdbe09d09487ab1b75dcf1e8e4cb7d335,,"[""C2"",""C3""]",training,C3,2,s25,9,10,114,322,322,113,321,6cafcd86-5c31-46a7-83e8-471788f2c459:s25:t10,6cafcd86-5c31-46a7-83e8-471788f2c459:s25:t10:a1,1,6cafcd86-5c31-46a7-83e8-471788f2c459:segment1,180,20,3.321928094887362,631.578947368421,70.17543859649122,636.2176906520102,5833f780-308c-41c8-947c-f8b38a7cfc05,1,2,8,1221.7984473013628,359.29357934694247,749.0548168775097,778.1078898148132,1255,354,298216.6999999285,773,750,298643.89999997616,427.2000000476837,false,true,1,741,769,667.8000000715256,240.60000002384186,completed,,,2026-09-26T08:09:24.261Z,2026-09-26T08:09:24.688Z,2026-09-26T08:09:24.929Z,,532,298221
1.2.0,6cafcd86-5c31-46a7-83e8-471788f2c459,P002,pilot,pointing-pilot-selected-208-post104-continuous-v4,6f01dd8e6afd67eb78b863696a810bcbdbe09d09487ab1b75dcf1e8e4cb7d335,,"[""C2"",""C3""]",training,C3,2,s25,9,11,115,323,323,114,322,6cafcd86-5c31-46a7-83e8-471788f2c459:s25:t11,6cafcd86-5c31-46a7-83e8-471788f2c459:s25:t11:a1,1,6cafcd86-5c31-46a7-83e8-471788f2c459:segment1,180,20,3.321928094887362,631.578947368421,70.17543859649122,636.2176906520102,5833f780-308c-41c8-947c-f8b38a7cfc05,1,8,1,749.0548168775097,778.1078898148132,1107.8325516550817,258.32860609250383,741,769,298884.5,1138,224,299503.6999999285,619.1999999284744,false,true,1,1113,276,1081,461.8000000715256,completed,,,2026-09-26T08:09:24.929Z,2026-09-26T08:09:25.548Z,2026-09-26T08:09:26.010Z,,839,298887.7
1.2.0,6cafcd86-5c31-46a7-83e8-471788f2c459,P002,pilot,pointing-pilot-selected-208-post104-continuous-v4,6f01dd8e6afd67eb78b863696a810bcbdbe09d09487ab1b75dcf1e8e4cb7d335,,"[""C2"",""C3""]",training,C3,2,s25,9,12,116,324,324,115,323,6cafcd86-5c31-46a7-83e8-471788f2c459:s25:t12,6cafcd86-5c31-46a7-83e8-471788f2c459:s25:t12:a1,1,6cafcd86-5c31-46a7-83e8-471788f2c459:segment1,180,20,3.321928094887362,631.578947368421,70.17543859649122,636.2176906520102,5833f780-308c-41c8-947c-f8b38a7cfc05,1,1,7,1107.8325516550817,258.32860609250383,883.8715703650593,848.8651804201343,1113,276,299965.5,906,833,300382.89999997616,417.39999997615814,true,true,0,906,833,417.39999997615814,0,completed,,,2026-09-26T08:09:26.010Z,2026-09-26T08:09:26.427Z,2026-09-26T08:09:26.427Z,,472,299966.4
1.2.0,6cafcd86-5c31-46a7-83e8-471788f2c459,P002,pilot,pointing-pilot-selected-208-post104-continuous-v4,6f01dd8e6afd67eb78b863696a810bcbdbe09d09487ab1b75dcf1e8e4cb7d335,,"[""C2"",""C3""]",training,C3,2,s25,9,13,117,325,325,116,324,6cafcd86-5c31-46a7-83e8-471788f2c459:s25:t13,6cafcd86-5c31-46a7-83e8-471788f2c459:s25:t13:a1,1,6cafcd86-5c31-46a7-83e8-471788f2c459:segment1,180,20,3.321928094887362,631.578947368421,70.17543859649122,636.2176906520102,5833f780-308c-41c8-947c-f8b38a7cfc05,1,7,0,883.8715703650593,848.8651804201343,960,221.8911546739949,906,833,300382.89999997616,947,255,300828,445.10000002384186,false,true,1,967,208,819.8999999761581,374.7999999523163,completed,,,2026-09-26T08:09:26.427Z,2026-09-26T08:09:26.873Z,2026-09-26T08:09:27.248Z,,784,300378.6
1.2.0,6cafcd86-5c31-46a7-83e8-471788f2c459,P002,pilot,pointing-pilot-selected-208-post104-continuous-v4,6f01dd8e6afd67eb78b863696a810bcbdbe09d09487ab1b75dcf1e8e4cb7d335,,"[""C2"",""C3""]",training,C3,2,s26,10,1,118,326,326,117,325,6cafcd86-5c31-46a7-83e8-471788f2c459:s26:t1,6cafcd86-5c31-46a7-83e8-471788f2c459:s26:t1:a1,1,6cafcd86-5c31-46a7-83e8-471788f2c459:segment1,180,20,3.321928094887362,631.578947368421,70.17543859649122,636.2176906520102,5833f780-308c-41c8-947c-f8b38a7cfc05,1,0,6,960,221.8911546739949,1036.1284296349409,848.8651804201343,967,208,301202.7999999523,1009,845,301692.6999999285,489.89999997615814,true,true,0,1009,845,489.89999997615814,0,completed,,,2026-09-26T08:09:27.248Z,2026-09-26T08:09:27.738Z,2026-09-26T08:09:27.738Z,,537,301202.9
1.2.0,6cafcd86-5c31-46a7-83e8-471788f2c459,P002,pilot,pointing-pilot-selected-208-post104-continuous-v4,6f01dd8e6afd67eb78b863696a810bcbdbe09d09487ab1b75dcf1e8e4cb7d335,,"[""C2"",""C3""]",training,C3,2,s26,10,2,119,327,327,118,326,6cafcd86-5c31-46a7-83e8-471788f2c459:s26:t2,6cafcd86-5c31-46a7-83e8-471788f2c459:s26:t2:a1,1,6cafcd86-5c31-46a7-83e8-471788f2c459:segment1,180,20,3.321928094887362,631.578947368421,70.17543859649122,636.2176906520102,5833f780-308c-41c8-947c-f8b38a7cfc05,1,6,12,1036.1284296349409,848.8651804201343,812.1674483449184,258.3286060925038,1009,845,301692.6999999285,809,260,302147,454.3000000715256,true,true,0,809,260,454.3000000715256,0,completed,,,2026-09-26T08:09:27.738Z,2026-09-26T08:09:28.192Z,2026-09-26T08:09:28.192Z,,450,301693.7
1.2.0,6cafcd86-5c31-46a7-83e8-471788f2c459,P002,pilot,pointing-pilot-selected-208-post104-continuous-v4,6f01dd8e6afd67eb78b863696a810bcbdbe09d09487ab1b75dcf1e8e4cb7d335,,"[""C2"",""C3""]",training,C3,2,s26,10,3,120,328,328,119,327,6cafcd86-5c31-46a7-83e8-471788f2c459:s26:t3,6cafcd86-5c31-46a7-83e8-471788f2c459:s26:t3:a1,1,6cafcd86-5c31-46a7-83e8-471788f2c459:segment1,180,20,3.321928094887362,631.578947368421,70.17543859649122,636.2176906520102,5833f780-308c-41c8-947c-f8b38a7cfc05,1,12,5,812.1674483449184,258.3286060925038,1170.9451831224903,778.1078898148132,809,260,302147,1149,732,302567.10000002384,420.10000002384186,false,true,2,1179,776,1054.2999999523163,634.1999999284744,completed,,,2026-09-26T08:09:28.192Z,2026-09-26T08:09:28.612Z,2026-09-26T08:09:29.246Z,,721,302148.3
1.2.0,6cafcd86-5c31-46a7-83e8-471788f2c459,P002,pilot,pointing-pilot-selected-208-post104-continuous-v4,6f01dd8e6afd67eb78b863696a810bcbdbe09d09487ab1b75dcf1e8e4cb7d335,,"[""C2"",""C3""]",training,C3,2,s26,10,4,121,329,329,120,328,6cafcd86-5c31-46a7-83e8-471788f2c459:s26:t4,6cafcd86-5c31-46a7-83e8-471788f2c459:s26:t4:a1,1,6cafcd86-5c31-46a7-83e8-471788f2c459:segment1,180,20,3.321928094887362,631.578947368421,70.17543859649122,636.2176906520102,5833f780-308c-41c8-947c-f8b38a7cfc05,1,5,11,1170.9451831224903,778.1078898148132,698.201552698637,359.2935793469428,1179,776,303201.2999999523,648,315,303630.7999999523,429.5,false,true,1,672,341,649.3999999761581,219.89999997615814,completed,,,2026-09-26T08:09:29.246Z,2026-09-26T08:09:29.676Z,2026-09-26T08:09:29.896Z,,547,303202.8
1.2.0,6cafcd86-5c31-46a7-83e8-471788f2c459,P002,pilot,pointing-pilot-selected-208-post104-continuous-v4,6f01dd8e6afd67eb78b863696a810bcbdbe09d09487ab1b75dcf1e8e4cb7d335,,"[""C2"",""C3""]",training,C3,2,s26,10,5,122,330,330,121,329,6cafcd86-5c31-46a7-83e8-471788f2c459:s26:t5,6cafcd86-5c31-46a7-83e8-471788f2c459:s26:t5:a1,1,6cafcd86-5c31-46a7-83e8-471788f2c459:segment1,180,20,3.321928094887362,631.578947368421,70.17543859649122,636.2176906520102,5833f780-308c-41c8-947c-f8b38a7cfc05,1,11,4,698.201552698637,359.2935793469428,1257.436937321717,652.8029511640594,672,341,303850.6999999285,1272,674,304249.7999999523,399.10000002384186,true,true,0,1272,674,399.10000002384186,0,completed,,,2026-09-26T08:09:29.896Z,2026-09-26T08:09:30.295Z,2026-09-26T08:09:30.295Z,,364,303845.3
1.2.0,6cafcd86-5c31-46a7-83e8-471788f2c459,P002,pilot,pointing-pilot-selected-208-post104-continuous-v4,6f01dd8e6afd67eb78b863696a810bcbdbe09d09487ab1b75dcf1e8e4cb7d335,,"[""C2"",""C3""]",training,C3,2,s26,10,6,123,331,331,122,330,6cafcd86-5c31-46a7-83e8-471788f2c459:s26:t6,6cafcd86-5c31-46a7-83e8-471788f2c459:s26:t6:a1,1,6cafcd86-5c31-46a7-83e8-471788f2c459:segment1,180,20,3.321928094887362,631.578947368421,70.17543859649122,636.2176906520102,5833f780-308c-41c8-947c-f8b38a7cfc05,1,4,10,1257.436937321717,652.8029511640594,644.2105263157895,501.65621582454924,1272,674,304249.7999999523,650,533,304610.7999999523,361,true,true,0,650,533,361,0,completed,,,2026-09-26T08:09:30.295Z,2026-09-26T08:09:30.656Z,2026-09-26T08:09:30.656Z,,343,304245.3
1.2.0,6cafcd86-5c31-46a7-83e8-471788f2c459,P002,pilot,pointing-pilot-selected-208-post104-continuous-v4,6f01dd8e6afd67eb78b863696a810bcbdbe09d09487ab1b75dcf1e8e4cb7d335,,"[""C2"",""C3""]",training,C3,2,s26,10,7,124,332,332,123,331,6cafcd86-5c31-46a7-83e8-471788f2c459:s26:t7,6cafcd86-5c31-46a7-83e8-471788f2c459:s26:t7:a1,1,6cafcd86-5c31-46a7-83e8-471788f2c459:segment1,180,20,3.321928094887362,631.578947368421,70.17543859649122,636.2176906520102,5833f780-308c-41c8-947c-f8b38a7cfc05,1,10,3,644.2105263157895,501.65621582454924,1275.7894736842104,501.65621582454935,650,533,304610.7999999523,1266,503,305008.10000002384,397.3000000715256,true,true,0,1266,503,397.3000000715256,0,completed,,,2026-09-26T08:09:30.656Z,2026-09-26T08:09:31.053Z,2026-09-26T08:09:31.053Z,,329,304608.9
1.2.0,6cafcd86-5c31-46a7-83e8-471788f2c459,P002,pilot,pointing-pilot-selected-208-post104-continuous-v4,6f01dd8e6afd67eb78b863696a810bcbdbe09d09487ab1b75dcf1e8e4cb7d335,,"[""C2"",""C3""]",training,C3,2,s26,10,8,125,333,333,124,332,6cafcd86-5c31-46a7-83e8-471788f2c459:s26:t8,6cafcd86-5c31-46a7-83e8-471788f2c459:s26:t8:a1,1,6cafcd86-5c31-46a7-83e8-471788f2c459:segment1,180,20,3.321928094887362,631.578947368421,70.17543859649122,636.2176906520102,5833f780-308c-41c8-947c-f8b38a7cfc05,1,3,9,1275.7894736842104,501.65621582454935,662.5630626782829,652.8029511640596,1266,503,305008.10000002384,637,670,305380,371.89999997615814,true,true,0,637,670,371.89999997615814,0,completed,,,2026-09-26T08:09:31.053Z,2026-09-26T08:09:31.425Z,2026-09-26T08:09:31.425Z,,366,305005.832
1.2.0,6cafcd86-5c31-46a7-83e8-471788f2c459,P002,pilot,pointing-pilot-selected-208-post104-continuous-v4,6f01dd8e6afd67eb78b863696a810bcbdbe09d09487ab1b75dcf1e8e4cb7d335,,"[""C2"",""C3""]",training,C3,2,s26,10,9,126,334,334,125,333,6cafcd86-5c31-46a7-83e8-471788f2c459:s26:t9,6cafcd86-5c31-46a7-83e8-471788f2c459:s26:t9:a1,1,6cafcd86-5c31-46a7-83e8-471788f2c459:segment1,180,20,3.321928094887362,631.578947368421,70.17543859649122,636.2176906520102,5833f780-308c-41c8-947c-f8b38a7cfc05,1,9,2,662.5630626782829,652.8029511640596,1221.7984473013628,359.29357934694247,637,670,305380,1196,353,305795.7999999523,415.7999999523163,true,true,0,1196,353,415.7999999523163,0,completed,,,2026-09-26T08:09:31.425Z,2026-09-26T08:09:31.841Z,2026-09-26T08:09:31.841Z,,394,305378.664
1.2.0,6cafcd86-5c31-46a7-83e8-471788f2c459,P002,pilot,pointing-pilot-selected-208-post104-continuous-v4,6f01dd8e6afd67eb78b863696a810bcbdbe09d09487ab1b75dcf1e8e4cb7d335,,"[""C2"",""C3""]",training,C3,2,s26,10,10,127,335,335,126,334,6cafcd86-5c31-46a7-83e8-471788f2c459:s26:t10,6cafcd86-5c31-46a7-83e8-471788f2c459:s26:t10:a1,1,6cafcd86-5c31-46a7-83e8-471788f2c459:segment1,180,20,3.321928094887362,631.578947368421,70.17543859649122,636.2176906520102,5833f780-308c-41c8-947c-f8b38a7cfc05,1,2,8,1221.7984473013628,359.29357934694247,749.0548168775097,778.1078898148132,1196,353,305795.7999999523,777,770,306235.6999999285,439.89999997615814,true,true,0,777,770,439.89999997615814,0,completed,,,2026-09-26T08:09:31.841Z,2026-09-26T08:09:32.280Z,2026-09-26T08:09:32.280Z,,346,305790.7
1.2.0,6cafcd86-5c31-46a7-83e8-471788f2c459,P002,pilot,pointing-pilot-selected-208-post104-continuous-v4,6f01dd8e6afd67eb78b863696a810bcbdbe09d09487ab1b75dcf1e8e4cb7d335,,"[""C2"",""C3""]",training,C3,2,s26,10,11,128,336,336,127,335,6cafcd86-5c31-46a7-83e8-471788f2c459:s26:t11,6cafcd86-5c31-46a7-83e8-471788f2c459:s26:t11:a1,1,6cafcd86-5c31-46a7-83e8-471788f2c459:segment1,180,20,3.321928094887362,631.578947368421,70.17543859649122,636.2176906520102,5833f780-308c-41c8-947c-f8b38a7cfc05,1,8,1,749.0548168775097,778.1078898148132,1107.8325516550817,258.32860609250383,777,770,306235.6999999285,1132,267,306797.2999999523,561.6000000238419,true,true,0,1132,267,561.6000000238419,0,completed,,,2026-09-26T08:09:32.280Z,2026-09-26T08:09:32.842Z,2026-09-26T08:09:32.842Z,,468,306233.1
1.2.0,6cafcd86-5c31-46a7-83e8-471788f2c459,P002,pilot,pointing-pilot-selected-208-post104-continuous-v4,6f01dd8e6afd67eb78b863696a810bcbdbe09d09487ab1b75dcf1e8e4cb7d335,,"[""C2"",""C3""]",training,C3,2,s26,10,12,129,337,337,128,336,6cafcd86-5c31-46a7-83e8-471788f2c459:s26:t12,6cafcd86-5c31-46a7-83e8-471788f2c459:s26:t12:a1,1,6cafcd86-5c31-46a7-83e8-471788f2c459:segment1,180,20,3.321928094887362,631.578947368421,70.17543859649122,636.2176906520102,5833f780-308c-41c8-947c-f8b38a7cfc05,1,1,7,1107.8325516550817,258.32860609250383,883.8715703650593,848.8651804201343,1132,267,306797.2999999523,876,852,307235.2999999523,438,true,true,0,876,852,438,0,completed,,,2026-09-26T08:09:32.842Z,2026-09-26T08:09:33.280Z,2026-09-26T08:09:33.280Z,,496,306802.8
1.2.0,6cafcd86-5c31-46a7-83e8-471788f2c459,P002,pilot,pointing-pilot-selected-208-post104-continuous-v4,6f01dd8e6afd67eb78b863696a810bcbdbe09d09487ab1b75dcf1e8e4cb7d335,,"[""C2"",""C3""]",training,C3,2,s26,10,13,130,338,338,129,337,6cafcd86-5c31-46a7-83e8-471788f2c459:s26:t13,6cafcd86-5c31-46a7-83e8-471788f2c459:s26:t13:a1,1,6cafcd86-5c31-46a7-83e8-471788f2c459:segment1,180,20,3.321928094887362,631.578947368421,70.17543859649122,636.2176906520102,5833f780-308c-41c8-947c-f8b38a7cfc05,1,7,0,883.8715703650593,848.8651804201343,960,221.8911546739949,876,852,307235.2999999523,952,221,307668.6999999285,433.39999997615814,true,true,0,952,221,433.39999997615814,0,completed,,,2026-09-26T08:09:33.280Z,2026-09-26T08:09:33.714Z,2026-09-26T08:09:33.714Z,,500,307239.2
1.2.0,6cafcd86-5c31-46a7-83e8-471788f2c459,P002,pilot,pointing-pilot-selected-208-post104-continuous-v4,6f01dd8e6afd67eb78b863696a810bcbdbe09d09487ab1b75dcf1e8e4cb7d335,,"[""C2"",""C3""]",training,C3,2,s27,11,1,131,339,339,130,338,6cafcd86-5c31-46a7-83e8-471788f2c459:s27:t1,6cafcd86-5c31-46a7-83e8-471788f2c459:s27:t1:a1,1,6cafcd86-5c31-46a7-83e8-471788f2c459:segment1,180,20,3.321928094887362,631.578947368421,70.17543859649122,636.2176906520102,5833f780-308c-41c8-947c-f8b38a7cfc05,1,0,6,960,221.8911546739949,1036.1284296349409,848.8651804201343,952,221,307668.6999999285,1024,852,308091.39999997616,422.7000000476837,true,true,0,1024,852,422.7000000476837,0,completed,,,2026-09-26T08:09:33.714Z,2026-09-26T08:09:34.136Z,2026-09-26T08:09:34.136Z,,405,307663.5
1.2.0,6cafcd86-5c31-46a7-83e8-471788f2c459,P002,pilot,pointing-pilot-selected-208-post104-continuous-v4,6f01dd8e6afd67eb78b863696a810bcbdbe09d09487ab1b75dcf1e8e4cb7d335,,"[""C2"",""C3""]",training,C3,2,s27,11,2,132,340,340,131,339,6cafcd86-5c31-46a7-83e8-471788f2c459:s27:t2,6cafcd86-5c31-46a7-83e8-471788f2c459:s27:t2:a1,1,6cafcd86-5c31-46a7-83e8-471788f2c459:segment1,180,20,3.321928094887362,631.578947368421,70.17543859649122,636.2176906520102,5833f780-308c-41c8-947c-f8b38a7cfc05,1,6,12,1036.1284296349409,848.8651804201343,812.1674483449184,258.3286060925038,1024,852,308091.39999997616,784,260,308520.89999997616,429.5,true,true,0,784,260,429.5,0,completed,,,2026-09-26T08:09:34.136Z,2026-09-26T08:09:34.566Z,2026-09-26T08:09:34.566Z,,452,308093.8
1.2.0,6cafcd86-5c31-46a7-83e8-471788f2c459,P002,pilot,pointing-pilot-selected-208-post104-continuous-v4,6f01dd8e6afd67eb78b863696a810bcbdbe09d09487ab1b75dcf1e8e4cb7d335,,"[""C2"",""C3""]",training,C3,2,s27,11,3,133,341,341,132,340,6cafcd86-5c31-46a7-83e8-471788f2c459:s27:t3,6cafcd86-5c31-46a7-83e8-471788f2c459:s27:t3:a1,1,6cafcd86-5c31-46a7-83e8-471788f2c459:segment1,180,20,3.321928094887362,631.578947368421,70.17543859649122,636.2176906520102,5833f780-308c-41c8-947c-f8b38a7cfc05,1,12,5,812.1674483449184,258.3286060925038,1170.9451831224903,778.1078898148132,784,260,308520.89999997616,1191,767,308923.39999997616,402.5,true,true,0,1191,767,402.5,0,completed,,,2026-09-26T08:09:34.566Z,2026-09-26T08:09:34.968Z,2026-09-26T08:09:34.968Z,,483,308518
1.2.0,6cafcd86-5c31-46a7-83e8-471788f2c459,P002,pilot,pointing-pilot-selected-208-post104-continuous-v4,6f01dd8e6afd67eb78b863696a810bcbdbe09d09487ab1b75dcf1e8e4cb7d335,,"[""C2"",""C3""]",training,C3,2,s27,11,4,134,342,342,133,341,6cafcd86-5c31-46a7-83e8-471788f2c459:s27:t4,6cafcd86-5c31-46a7-83e8-471788f2c459:s27:t4:a1,1,6cafcd86-5c31-46a7-83e8-471788f2c459:segment1,180,20,3.321928094887362,631.578947368421,70.17543859649122,636.2176906520102,5833f780-308c-41c8-947c-f8b38a7cfc05,1,5,11,1170.9451831224903,778.1078898148132,698.201552698637,359.2935793469428,1191,767,308923.39999997616,756,375,309332.6999999285,409.2999999523163,false,true,1,704,364,574,164.70000004768372,completed,,,2026-09-26T08:09:34.968Z,2026-09-26T08:09:35.378Z,2026-09-26T08:09:35.542Z,,469,308924
1.2.0,6cafcd86-5c31-46a7-83e8-471788f2c459,P002,pilot,pointing-pilot-selected-208-post104-continuous-v4,6f01dd8e6afd67eb78b863696a810bcbdbe09d09487ab1b75dcf1e8e4cb7d335,,"[""C2"",""C3""]",training,C3,2,s27,11,5,135,343,343,134,342,6cafcd86-5c31-46a7-83e8-471788f2c459:s27:t5,6cafcd86-5c31-46a7-83e8-471788f2c459:s27:t5:a1,1,6cafcd86-5c31-46a7-83e8-471788f2c459:segment1,180,20,3.321928094887362,631.578947368421,70.17543859649122,636.2176906520102,5833f780-308c-41c8-947c-f8b38a7cfc05,1,11,4,698.201552698637,359.2935793469428,1257.436937321717,652.8029511640594,704,364,309497.39999997616,1240,625,309884.6999999285,387.2999999523163,true,true,0,1240,625,387.2999999523163,0,completed,,,2026-09-26T08:09:35.542Z,2026-09-26T08:09:35.930Z,2026-09-26T08:09:35.930Z,,372,309496.732
1.2.0,6cafcd86-5c31-46a7-83e8-471788f2c459,P002,pilot,pointing-pilot-selected-208-post104-continuous-v4,6f01dd8e6afd67eb78b863696a810bcbdbe09d09487ab1b75dcf1e8e4cb7d335,,"[""C2"",""C3""]",training,C3,2,s27,11,6,136,344,344,135,343,6cafcd86-5c31-46a7-83e8-471788f2c459:s27:t6,6cafcd86-5c31-46a7-83e8-471788f2c459:s27:t6:a1,1,6cafcd86-5c31-46a7-83e8-471788f2c459:segment1,180,20,3.321928094887362,631.578947368421,70.17543859649122,636.2176906520102,5833f780-308c-41c8-947c-f8b38a7cfc05,1,4,10,1257.436937321717,652.8029511640594,644.2105263157895,501.65621582454924,1240,625,309884.6999999285,601,525,310245.6999999285,361,false,true,1,661,490,939.7000000476837,578.7000000476837,completed,,,2026-09-26T08:09:35.930Z,2026-09-26T08:09:36.290Z,2026-09-26T08:09:36.869Z,,1062,309887.7
1.2.0,6cafcd86-5c31-46a7-83e8-471788f2c459,P002,pilot,pointing-pilot-selected-208-post104-continuous-v4,6f01dd8e6afd67eb78b863696a810bcbdbe09d09487ab1b75dcf1e8e4cb7d335,,"[""C2"",""C3""]",training,C3,2,s27,11,7,137,345,345,136,344,6cafcd86-5c31-46a7-83e8-471788f2c459:s27:t7,6cafcd86-5c31-46a7-83e8-471788f2c459:s27:t7:a1,1,6cafcd86-5c31-46a7-83e8-471788f2c459:segment1,180,20,3.321928094887362,631.578947368421,70.17543859649122,636.2176906520102,5833f780-308c-41c8-947c-f8b38a7cfc05,1,10,3,644.2105263157895,501.65621582454924,1275.7894736842104,501.65621582454935,661,490,310824.39999997616,1296,510,311169.60000002384,345.2000000476837,true,true,0,1296,510,345.2000000476837,0,completed,,,2026-09-26T08:09:36.869Z,2026-09-26T08:09:37.214Z,2026-09-26T08:09:37.214Z,,273,310824.032
1.2.0,6cafcd86-5c31-46a7-83e8-471788f2c459,P002,pilot,pointing-pilot-selected-208-post104-continuous-v4,6f01dd8e6afd67eb78b863696a810bcbdbe09d09487ab1b75dcf1e8e4cb7d335,,"[""C2"",""C3""]",training,C3,2,s27,11,8,138,346,346,137,345,6cafcd86-5c31-46a7-83e8-471788f2c459:s27:t8,6cafcd86-5c31-46a7-83e8-471788f2c459:s27:t8:a1,1,6cafcd86-5c31-46a7-83e8-471788f2c459:segment1,180,20,3.321928094887362,631.578947368421,70.17543859649122,636.2176906520102,5833f780-308c-41c8-947c-f8b38a7cfc05,1,3,9,1275.7894736842104,501.65621582454935,662.5630626782829,652.8029511640596,1296,510,311169.60000002384,683,658,311519.5,349.89999997615814,true,true,0,683,658,349.89999997615814,0,completed,,,2026-09-26T08:09:37.214Z,2026-09-26T08:09:37.564Z,2026-09-26T08:09:37.564Z,,328,311166.4
1.2.0,6cafcd86-5c31-46a7-83e8-471788f2c459,P002,pilot,pointing-pilot-selected-208-post104-continuous-v4,6f01dd8e6afd67eb78b863696a810bcbdbe09d09487ab1b75dcf1e8e4cb7d335,,"[""C2"",""C3""]",training,C3,2,s27,11,9,139,347,347,138,346,6cafcd86-5c31-46a7-83e8-471788f2c459:s27:t9,6cafcd86-5c31-46a7-83e8-471788f2c459:s27:t9:a1,1,6cafcd86-5c31-46a7-83e8-471788f2c459:segment1,180,20,3.321928094887362,631.578947368421,70.17543859649122,636.2176906520102,5833f780-308c-41c8-947c-f8b38a7cfc05,1,9,2,662.5630626782829,652.8029511640596,1221.7984473013628,359.29357934694247,683,658,311519.5,1239,359,311875.1999999285,355.6999999284744,true,true,0,1239,359,355.6999999284744,0,completed,,,2026-09-26T08:09:37.564Z,2026-09-26T08:09:37.920Z,2026-09-26T08:09:37.920Z,,280,311517.9
1.2.0,6cafcd86-5c31-46a7-83e8-471788f2c459,P002,pilot,pointing-pilot-selected-208-post104-continuous-v4,6f01dd8e6afd67eb78b863696a810bcbdbe09d09487ab1b75dcf1e8e4cb7d335,,"[""C2"",""C3""]",training,C3,2,s27,11,10,140,348,348,139,347,6cafcd86-5c31-46a7-83e8-471788f2c459:s27:t10,6cafcd86-5c31-46a7-83e8-471788f2c459:s27:t10:a1,1,6cafcd86-5c31-46a7-83e8-471788f2c459:segment1,180,20,3.321928094887362,631.578947368421,70.17543859649122,636.2176906520102,5833f780-308c-41c8-947c-f8b38a7cfc05,1,2,8,1221.7984473013628,359.29357934694247,749.0548168775097,778.1078898148132,1239,359,311875.1999999285,750,796,312556.6999999285,681.5,true,true,0,750,796,681.5,0,completed,,,2026-09-26T08:09:37.920Z,2026-09-26T08:09:38.602Z,2026-09-26T08:09:38.602Z,,703,311869.4
1.2.0,6cafcd86-5c31-46a7-83e8-471788f2c459,P002,pilot,pointing-pilot-selected-208-post104-continuous-v4,6f01dd8e6afd67eb78b863696a810bcbdbe09d09487ab1b75dcf1e8e4cb7d335,,"[""C2"",""C3""]",training,C3,2,s27,11,11,141,349,349,140,348,6cafcd86-5c31-46a7-83e8-471788f2c459:s27:t11,6cafcd86-5c31-46a7-83e8-471788f2c459:s27:t11:a1,1,6cafcd86-5c31-46a7-83e8-471788f2c459:segment1,180,20,3.321928094887362,631.578947368421,70.17543859649122,636.2176906520102,5833f780-308c-41c8-947c-f8b38a7cfc05,1,8,1,749.0548168775097,778.1078898148132,1107.8325516550817,258.32860609250383,750,796,312556.6999999285,1090,305,313087.5,530.8000000715256,false,true,1,1112,277,757.3000000715256,226.5,completed,,,2026-09-26T08:09:38.602Z,2026-09-26T08:09:39.132Z,2026-09-26T08:09:39.359Z,,512,312555.898
1.2.0,6cafcd86-5c31-46a7-83e8-471788f2c459,P002,pilot,pointing-pilot-selected-208-post104-continuous-v4,6f01dd8e6afd67eb78b863696a810bcbdbe09d09487ab1b75dcf1e8e4cb7d335,,"[""C2"",""C3""]",training,C3,2,s27,11,12,142,350,350,141,349,6cafcd86-5c31-46a7-83e8-471788f2c459:s27:t12,6cafcd86-5c31-46a7-83e8-471788f2c459:s27:t12:a1,1,6cafcd86-5c31-46a7-83e8-471788f2c459:segment1,180,20,3.321928094887362,631.578947368421,70.17543859649122,636.2176906520102,5833f780-308c-41c8-947c-f8b38a7cfc05,1,1,7,1107.8325516550817,258.32860609250383,883.8715703650593,848.8651804201343,1112,277,313314,895,835,313721.60000002384,407.60000002384186,true,true,0,895,835,407.60000002384186,0,completed,,,2026-09-26T08:09:39.359Z,2026-09-26T08:09:39.766Z,2026-09-26T08:09:39.766Z,,390,313311.9
1.2.0,6cafcd86-5c31-46a7-83e8-471788f2c459,P002,pilot,pointing-pilot-selected-208-post104-continuous-v4,6f01dd8e6afd67eb78b863696a810bcbdbe09d09487ab1b75dcf1e8e4cb7d335,,"[""C2"",""C3""]",training,C3,2,s27,11,13,143,351,351,142,350,6cafcd86-5c31-46a7-83e8-471788f2c459:s27:t13,6cafcd86-5c31-46a7-83e8-471788f2c459:s27:t13:a1,1,6cafcd86-5c31-46a7-83e8-471788f2c459:segment1,180,20,3.321928094887362,631.578947368421,70.17543859649122,636.2176906520102,5833f780-308c-41c8-947c-f8b38a7cfc05,1,7,0,883.8715703650593,848.8651804201343,960,221.8911546739949,895,835,313721.60000002384,958,236,314316.1999999285,594.5999999046326,true,true,0,958,236,594.5999999046326,0,completed,,,2026-09-26T08:09:39.766Z,2026-09-26T08:09:40.361Z,2026-09-26T08:09:40.361Z,,598,313724
1.2.0,6cafcd86-5c31-46a7-83e8-471788f2c459,P002,pilot,pointing-pilot-selected-208-post104-continuous-v4,6f01dd8e6afd67eb78b863696a810bcbdbe09d09487ab1b75dcf1e8e4cb7d335,,"[""C2"",""C3""]",training,C3,2,s28,12,1,144,352,352,143,351,6cafcd86-5c31-46a7-83e8-471788f2c459:s28:t1,6cafcd86-5c31-46a7-83e8-471788f2c459:s28:t1:a1,1,6cafcd86-5c31-46a7-83e8-471788f2c459:segment1,180,20,3.321928094887362,631.578947368421,70.17543859649122,636.2176906520102,5833f780-308c-41c8-947c-f8b38a7cfc05,1,0,6,960,221.8911546739949,1036.1284296349409,848.8651804201343,958,236,314316.1999999285,1033,819,314774.60000002384,458.40000009536743,true,true,0,1033,819,458.40000009536743,0,completed,,,2026-09-26T08:09:40.361Z,2026-09-26T08:09:40.819Z,2026-09-26T08:09:40.819Z,,416,314318
1.2.0,6cafcd86-5c31-46a7-83e8-471788f2c459,P002,pilot,pointing-pilot-selected-208-post104-continuous-v4,6f01dd8e6afd67eb78b863696a810bcbdbe09d09487ab1b75dcf1e8e4cb7d335,,"[""C2"",""C3""]",training,C3,2,s28,12,2,145,353,353,144,352,6cafcd86-5c31-46a7-83e8-471788f2c459:s28:t2,6cafcd86-5c31-46a7-83e8-471788f2c459:s28:t2:a1,1,6cafcd86-5c31-46a7-83e8-471788f2c459:segment1,180,20,3.321928094887362,631.578947368421,70.17543859649122,636.2176906520102,5833f780-308c-41c8-947c-f8b38a7cfc05,1,6,12,1036.1284296349409,848.8651804201343,812.1674483449184,258.3286060925038,1033,819,314774.60000002384,760,233,315128.1999999285,353.59999990463257,false,true,1,784,266,574,220.40000009536743,completed,,,2026-09-26T08:09:40.819Z,2026-09-26T08:09:41.173Z,2026-09-26T08:09:41.393Z,,470,314775.532
1.2.0,6cafcd86-5c31-46a7-83e8-471788f2c459,P002,pilot,pointing-pilot-selected-208-post104-continuous-v4,6f01dd8e6afd67eb78b863696a810bcbdbe09d09487ab1b75dcf1e8e4cb7d335,,"[""C2"",""C3""]",training,C3,2,s28,12,3,146,354,354,145,353,6cafcd86-5c31-46a7-83e8-471788f2c459:s28:t3,6cafcd86-5c31-46a7-83e8-471788f2c459:s28:t3:a1,1,6cafcd86-5c31-46a7-83e8-471788f2c459:segment1,180,20,3.321928094887362,631.578947368421,70.17543859649122,636.2176906520102,5833f780-308c-41c8-947c-f8b38a7cfc05,1,12,5,812.1674483449184,258.3286060925038,1170.9451831224903,778.1078898148132,784,266,315348.60000002384,1154,791,315766,417.39999997615814,true,true,0,1154,791,417.39999997615814,0,completed,,,2026-09-26T08:09:41.393Z,2026-09-26T08:09:41.811Z,2026-09-26T08:09:41.811Z,,429,315348.2
1.2.0,6cafcd86-5c31-46a7-83e8-471788f2c459,P002,pilot,pointing-pilot-selected-208-post104-continuous-v4,6f01dd8e6afd67eb78b863696a810bcbdbe09d09487ab1b75dcf1e8e4cb7d335,,"[""C2"",""C3""]",training,C3,2,s28,12,4,147,355,355,146,354,6cafcd86-5c31-46a7-83e8-471788f2c459:s28:t4,6cafcd86-5c31-46a7-83e8-471788f2c459:s28:t4:a1,1,6cafcd86-5c31-46a7-83e8-471788f2c459:segment1,180,20,3.321928094887362,631.578947368421,70.17543859649122,636.2176906520102,5833f780-308c-41c8-947c-f8b38a7cfc05,1,5,11,1170.9451831224903,778.1078898148132,698.201552698637,359.2935793469428,1154,791,315766,703,380,316215.6999999285,449.6999999284744,true,true,0,703,380,449.6999999284744,0,completed,,,2026-09-26T08:09:41.811Z,2026-09-26T08:09:42.260Z,2026-09-26T08:09:42.260Z,,442,315760.4
1.2.0,6cafcd86-5c31-46a7-83e8-471788f2c459,P002,pilot,pointing-pilot-selected-208-post104-continuous-v4,6f01dd8e6afd67eb78b863696a810bcbdbe09d09487ab1b75dcf1e8e4cb7d335,,"[""C2"",""C3""]",training,C3,2,s28,12,5,148,356,356,147,355,6cafcd86-5c31-46a7-83e8-471788f2c459:s28:t5,6cafcd86-5c31-46a7-83e8-471788f2c459:s28:t5:a1,1,6cafcd86-5c31-46a7-83e8-471788f2c459:segment1,180,20,3.321928094887362,631.578947368421,70.17543859649122,636.2176906520102,5833f780-308c-41c8-947c-f8b38a7cfc05,1,11,4,698.201552698637,359.2935793469428,1257.436937321717,652.8029511640594,703,380,316215.6999999285,1260,652,316554.6999999285,339,true,true,0,1260,652,339,0,completed,,,2026-09-26T08:09:42.260Z,2026-09-26T08:09:42.600Z,2026-09-26T08:09:42.600Z,,366,316214.9
1.2.0,6cafcd86-5c31-46a7-83e8-471788f2c459,P002,pilot,pointing-pilot-selected-208-post104-continuous-v4,6f01dd8e6afd67eb78b863696a810bcbdbe09d09487ab1b75dcf1e8e4cb7d335,,"[""C2"",""C3""]",training,C3,2,s28,12,6,149,357,357,148,356,6cafcd86-5c31-46a7-83e8-471788f2c459:s28:t6,6cafcd86-5c31-46a7-83e8-471788f2c459:s28:t6:a1,1,6cafcd86-5c31-46a7-83e8-471788f2c459:segment1,180,20,3.321928094887362,631.578947368421,70.17543859649122,636.2176906520102,5833f780-308c-41c8-947c-f8b38a7cfc05,1,4,10,1257.436937321717,652.8029511640594,644.2105263157895,501.65621582454924,1260,652,316554.6999999285,657,488,316902.39999997616,347.7000000476837,true,true,0,657,488,347.7000000476837,0,completed,,,2026-09-26T08:09:42.600Z,2026-09-26T08:09:42.947Z,2026-09-26T08:09:42.947Z,,302,316554.3
1.2.0,6cafcd86-5c31-46a7-83e8-471788f2c459,P002,pilot,pointing-pilot-selected-208-post104-continuous-v4,6f01dd8e6afd67eb78b863696a810bcbdbe09d09487ab1b75dcf1e8e4cb7d335,,"[""C2"",""C3""]",training,C3,2,s28,12,7,150,358,358,149,357,6cafcd86-5c31-46a7-83e8-471788f2c459:s28:t7,6cafcd86-5c31-46a7-83e8-471788f2c459:s28:t7:a1,1,6cafcd86-5c31-46a7-83e8-471788f2c459:segment1,180,20,3.321928094887362,631.578947368421,70.17543859649122,636.2176906520102,5833f780-308c-41c8-947c-f8b38a7cfc05,1,10,3,644.2105263157895,501.65621582454924,1275.7894736842104,501.65621582454935,657,488,316902.39999997616,1233,503,317382,479.60000002384186,false,true,1,1282,521,835.2000000476837,355.60000002384186,completed,,,2026-09-26T08:09:42.947Z,2026-09-26T08:09:43.427Z,2026-09-26T08:09:43.782Z,,773,316899.8
1.2.0,6cafcd86-5c31-46a7-83e8-471788f2c459,P002,pilot,pointing-pilot-selected-208-post104-continuous-v4,6f01dd8e6afd67eb78b863696a810bcbdbe09d09487ab1b75dcf1e8e4cb7d335,,"[""C2"",""C3""]",training,C3,2,s28,12,8,151,359,359,150,358,6cafcd86-5c31-46a7-83e8-471788f2c459:s28:t8,6cafcd86-5c31-46a7-83e8-471788f2c459:s28:t8:a1,1,6cafcd86-5c31-46a7-83e8-471788f2c459:segment1,180,20,3.321928094887362,631.578947368421,70.17543859649122,636.2176906520102,5833f780-308c-41c8-947c-f8b38a7cfc05,1,3,9,1275.7894736842104,501.65621582454935,662.5630626782829,652.8029511640596,1282,521,317737.60000002384,666,665,318146.60000002384,409,true,true,0,666,665,409,0,completed,,,2026-09-26T08:09:43.782Z,2026-09-26T08:09:44.191Z,2026-09-26T08:09:44.191Z,,418,317736.2
1.2.0,6cafcd86-5c31-46a7-83e8-471788f2c459,P002,pilot,pointing-pilot-selected-208-post104-continuous-v4,6f01dd8e6afd67eb78b863696a810bcbdbe09d09487ab1b75dcf1e8e4cb7d335,,"[""C2"",""C3""]",training,C3,2,s28,12,9,152,360,360,151,359,6cafcd86-5c31-46a7-83e8-471788f2c459:s28:t9,6cafcd86-5c31-46a7-83e8-471788f2c459:s28:t9:a1,1,6cafcd86-5c31-46a7-83e8-471788f2c459:segment1,180,20,3.321928094887362,631.578947368421,70.17543859649122,636.2176906520102,5833f780-308c-41c8-947c-f8b38a7cfc05,1,9,2,662.5630626782829,652.8029511640596,1221.7984473013628,359.29357934694247,666,665,318146.60000002384,1187,371,318564.5,417.89999997615814,false,true,1,1201,368,687.5999999046326,269.6999999284744,completed,,,2026-09-26T08:09:44.191Z,2026-09-26T08:09:44.609Z,2026-09-26T08:09:44.879Z,,373,318145.332
1.2.0,6cafcd86-5c31-46a7-83e8-471788f2c459,P002,pilot,pointing-pilot-selected-208-post104-continuous-v4,6f01dd8e6afd67eb78b863696a810bcbdbe09d09487ab1b75dcf1e8e4cb7d335,,"[""C2"",""C3""]",training,C3,2,s28,12,10,153,361,361,152,360,6cafcd86-5c31-46a7-83e8-471788f2c459:s28:t10,6cafcd86-5c31-46a7-83e8-471788f2c459:s28:t10:a1,1,6cafcd86-5c31-46a7-83e8-471788f2c459:segment1,180,20,3.321928094887362,631.578947368421,70.17543859649122,636.2176906520102,5833f780-308c-41c8-947c-f8b38a7cfc05,1,2,8,1221.7984473013628,359.29357934694247,749.0548168775097,778.1078898148132,1201,368,318834.1999999285,724,788,319202.1999999285,368,true,true,0,724,788,368,0,completed,,,2026-09-26T08:09:44.879Z,2026-09-26T08:09:45.247Z,2026-09-26T08:09:45.247Z,,344,318839.2
1.2.0,6cafcd86-5c31-46a7-83e8-471788f2c459,P002,pilot,pointing-pilot-selected-208-post104-continuous-v4,6f01dd8e6afd67eb78b863696a810bcbdbe09d09487ab1b75dcf1e8e4cb7d335,,"[""C2"",""C3""]",training,C3,2,s28,12,11,154,362,362,153,361,6cafcd86-5c31-46a7-83e8-471788f2c459:s28:t11,6cafcd86-5c31-46a7-83e8-471788f2c459:s28:t11:a1,1,6cafcd86-5c31-46a7-83e8-471788f2c459:segment1,180,20,3.321928094887362,631.578947368421,70.17543859649122,636.2176906520102,5833f780-308c-41c8-947c-f8b38a7cfc05,1,8,1,749.0548168775097,778.1078898148132,1107.8325516550817,258.32860609250383,724,788,319202.1999999285,1087,279,319689.7999999523,487.60000002384186,true,true,0,1087,279,487.60000002384186,0,completed,,,2026-09-26T08:09:45.247Z,2026-09-26T08:09:45.735Z,2026-09-26T08:09:45.735Z,,466,319196.8
1.2.0,6cafcd86-5c31-46a7-83e8-471788f2c459,P002,pilot,pointing-pilot-selected-208-post104-continuous-v4,6f01dd8e6afd67eb78b863696a810bcbdbe09d09487ab1b75dcf1e8e4cb7d335,,"[""C2"",""C3""]",training,C3,2,s28,12,12,155,363,363,154,362,6cafcd86-5c31-46a7-83e8-471788f2c459:s28:t12,6cafcd86-5c31-46a7-83e8-471788f2c459:s28:t12:a1,1,6cafcd86-5c31-46a7-83e8-471788f2c459:segment1,180,20,3.321928094887362,631.578947368421,70.17543859649122,636.2176906520102,5833f780-308c-41c8-947c-f8b38a7cfc05,1,1,7,1107.8325516550817,258.32860609250383,883.8715703650593,848.8651804201343,1087,279,319689.7999999523,905,840,320168.39999997616,478.60000002384186,true,true,0,905,840,478.60000002384186,0,completed,,,2026-09-26T08:09:45.735Z,2026-09-26T08:09:46.213Z,2026-09-26T08:09:46.213Z,,508,319687.6
1.2.0,6cafcd86-5c31-46a7-83e8-471788f2c459,P002,pilot,pointing-pilot-selected-208-post104-continuous-v4,6f01dd8e6afd67eb78b863696a810bcbdbe09d09487ab1b75dcf1e8e4cb7d335,,"[""C2"",""C3""]",training,C3,2,s28,12,13,156,364,364,155,363,6cafcd86-5c31-46a7-83e8-471788f2c459:s28:t13,6cafcd86-5c31-46a7-83e8-471788f2c459:s28:t13:a1,1,6cafcd86-5c31-46a7-83e8-471788f2c459:segment1,180,20,3.321928094887362,631.578947368421,70.17543859649122,636.2176906520102,5833f780-308c-41c8-947c-f8b38a7cfc05,1,7,0,883.8715703650593,848.8651804201343,960,221.8911546739949,905,840,320168.39999997616,975,224,320633.60000002384,465.2000000476837,true,true,0,975,224,465.2000000476837,0,completed,,,2026-09-26T08:09:46.213Z,2026-09-26T08:09:46.678Z,2026-09-26T08:09:46.678Z,,516,320172.4
1.2.0,6cafcd86-5c31-46a7-83e8-471788f2c459,P002,pilot,pointing-pilot-selected-208-post104-continuous-v4,6f01dd8e6afd67eb78b863696a810bcbdbe09d09487ab1b75dcf1e8e4cb7d335,,"[""C2"",""C3""]",training,C3,2,s29,13,1,157,365,365,156,364,6cafcd86-5c31-46a7-83e8-471788f2c459:s29:t1,6cafcd86-5c31-46a7-83e8-471788f2c459:s29:t1:a1,1,6cafcd86-5c31-46a7-83e8-471788f2c459:segment1,180,20,3.321928094887362,631.578947368421,70.17543859649122,636.2176906520102,5833f780-308c-41c8-947c-f8b38a7cfc05,1,0,6,960,221.8911546739949,1036.1284296349409,848.8651804201343,975,224,320633.60000002384,1042,850,321091.39999997616,457.7999999523163,true,true,0,1042,850,457.7999999523163,0,completed,,,2026-09-26T08:09:46.678Z,2026-09-26T08:09:47.136Z,2026-09-26T08:09:47.136Z,,446,320633.1
1.2.0,6cafcd86-5c31-46a7-83e8-471788f2c459,P002,pilot,pointing-pilot-selected-208-post104-continuous-v4,6f01dd8e6afd67eb78b863696a810bcbdbe09d09487ab1b75dcf1e8e4cb7d335,,"[""C2"",""C3""]",training,C3,2,s29,13,2,158,366,366,157,365,6cafcd86-5c31-46a7-83e8-471788f2c459:s29:t2,6cafcd86-5c31-46a7-83e8-471788f2c459:s29:t2:a1,1,6cafcd86-5c31-46a7-83e8-471788f2c459:segment1,180,20,3.321928094887362,631.578947368421,70.17543859649122,636.2176906520102,5833f780-308c-41c8-947c-f8b38a7cfc05,1,6,12,1036.1284296349409,848.8651804201343,812.1674483449184,258.3286060925038,1042,850,321091.39999997616,820,255,321522.60000002384,431.2000000476837,true,true,0,820,255,431.2000000476837,0,completed,,,2026-09-26T08:09:47.136Z,2026-09-26T08:09:47.567Z,2026-09-26T08:09:47.567Z,,544,321087.6
1.2.0,6cafcd86-5c31-46a7-83e8-471788f2c459,P002,pilot,pointing-pilot-selected-208-post104-continuous-v4,6f01dd8e6afd67eb78b863696a810bcbdbe09d09487ab1b75dcf1e8e4cb7d335,,"[""C2"",""C3""]",training,C3,2,s29,13,3,159,367,367,158,366,6cafcd86-5c31-46a7-83e8-471788f2c459:s29:t3,6cafcd86-5c31-46a7-83e8-471788f2c459:s29:t3:a1,1,6cafcd86-5c31-46a7-83e8-471788f2c459:segment1,180,20,3.321928094887362,631.578947368421,70.17543859649122,636.2176906520102,5833f780-308c-41c8-947c-f8b38a7cfc05,1,12,5,812.1674483449184,258.3286060925038,1170.9451831224903,778.1078898148132,820,255,321522.60000002384,1172,780,321945.89999997616,423.2999999523163,true,true,0,1172,780,423.2999999523163,0,completed,,,2026-09-26T08:09:47.567Z,2026-09-26T08:09:47.991Z,2026-09-26T08:09:47.991Z,,439,321517.9
1.2.0,6cafcd86-5c31-46a7-83e8-471788f2c459,P002,pilot,pointing-pilot-selected-208-post104-continuous-v4,6f01dd8e6afd67eb78b863696a810bcbdbe09d09487ab1b75dcf1e8e4cb7d335,,"[""C2"",""C3""]",training,C3,2,s29,13,4,160,368,368,159,367,6cafcd86-5c31-46a7-83e8-471788f2c459:s29:t4,6cafcd86-5c31-46a7-83e8-471788f2c459:s29:t4:a1,1,6cafcd86-5c31-46a7-83e8-471788f2c459:segment1,180,20,3.321928094887362,631.578947368421,70.17543859649122,636.2176906520102,5833f780-308c-41c8-947c-f8b38a7cfc05,1,5,11,1170.9451831224903,778.1078898148132,698.201552698637,359.2935793469428,1172,780,321945.89999997616,690,378,322357.89999997616,412,true,true,0,690,378,412,0,completed,,,2026-09-26T08:09:47.991Z,2026-09-26T08:09:48.403Z,2026-09-26T08:09:48.403Z,,549,321948.2
1.2.0,6cafcd86-5c31-46a7-83e8-471788f2c459,P002,pilot,pointing-pilot-selected-208-post104-continuous-v4,6f01dd8e6afd67eb78b863696a810bcbdbe09d09487ab1b75dcf1e8e4cb7d335,,"[""C2"",""C3""]",training,C3,2,s29,13,5,161,369,369,160,368,6cafcd86-5c31-46a7-83e8-471788f2c459:s29:t5,6cafcd86-5c31-46a7-83e8-471788f2c459:s29:t5:a1,1,6cafcd86-5c31-46a7-83e8-471788f2c459:segment1,180,20,3.321928094887362,631.578947368421,70.17543859649122,636.2176906520102,5833f780-308c-41c8-947c-f8b38a7cfc05,1,11,4,698.201552698637,359.2935793469428,1257.436937321717,652.8029511640594,690,378,322357.89999997616,1252,672,322641.89999997616,284,true,true,0,1252,672,284,0,completed,,,2026-09-26T08:09:48.403Z,2026-09-26T08:09:48.687Z,2026-09-26T08:09:48.687Z,,333,322360.3
1.2.0,6cafcd86-5c31-46a7-83e8-471788f2c459,P002,pilot,pointing-pilot-selected-208-post104-continuous-v4,6f01dd8e6afd67eb78b863696a810bcbdbe09d09487ab1b75dcf1e8e4cb7d335,,"[""C2"",""C3""]",training,C3,2,s29,13,6,162,370,370,161,369,6cafcd86-5c31-46a7-83e8-471788f2c459:s29:t6,6cafcd86-5c31-46a7-83e8-471788f2c459:s29:t6:a1,1,6cafcd86-5c31-46a7-83e8-471788f2c459:segment1,180,20,3.321928094887362,631.578947368421,70.17543859649122,636.2176906520102,5833f780-308c-41c8-947c-f8b38a7cfc05,1,4,10,1257.436937321717,652.8029511640594,644.2105263157895,501.65621582454924,1252,672,322641.89999997616,654,518,323037.10000002384,395.2000000476837,true,true,0,654,518,395.2000000476837,0,completed,,,2026-09-26T08:09:48.687Z,2026-09-26T08:09:49.082Z,2026-09-26T08:09:49.082Z,,336,322645.2
1.2.0,6cafcd86-5c31-46a7-83e8-471788f2c459,P002,pilot,pointing-pilot-selected-208-post104-continuous-v4,6f01dd8e6afd67eb78b863696a810bcbdbe09d09487ab1b75dcf1e8e4cb7d335,,"[""C2"",""C3""]",training,C3,2,s29,13,7,163,371,371,162,370,6cafcd86-5c31-46a7-83e8-471788f2c459:s29:t7,6cafcd86-5c31-46a7-83e8-471788f2c459:s29:t7:a1,1,6cafcd86-5c31-46a7-83e8-471788f2c459:segment1,180,20,3.321928094887362,631.578947368421,70.17543859649122,636.2176906520102,5833f780-308c-41c8-947c-f8b38a7cfc05,1,10,3,644.2105263157895,501.65621582454924,1275.7894736842104,501.65621582454935,654,518,323037.10000002384,1296,470,323411.10000002384,374,false,true,2,1283,519,1226,852,completed,,,2026-09-26T08:09:49.082Z,2026-09-26T08:09:49.456Z,2026-09-26T08:09:50.308Z,,1049,323033.1
1.2.0,6cafcd86-5c31-46a7-83e8-471788f2c459,P002,pilot,pointing-pilot-selected-208-post104-continuous-v4,6f01dd8e6afd67eb78b863696a810bcbdbe09d09487ab1b75dcf1e8e4cb7d335,,"[""C2"",""C3""]",training,C3,2,s29,13,8,164,372,372,163,371,6cafcd86-5c31-46a7-83e8-471788f2c459:s29:t8,6cafcd86-5c31-46a7-83e8-471788f2c459:s29:t8:a1,1,6cafcd86-5c31-46a7-83e8-471788f2c459:segment1,180,20,3.321928094887362,631.578947368421,70.17543859649122,636.2176906520102,5833f780-308c-41c8-947c-f8b38a7cfc05,1,3,9,1275.7894736842104,501.65621582454935,662.5630626782829,652.8029511640596,1283,519,324263.10000002384,672,673,324605.7999999523,342.6999999284744,true,true,0,672,673,342.6999999284744,0,completed,,,2026-09-26T08:09:50.308Z,2026-09-26T08:09:50.651Z,2026-09-26T08:09:50.651Z,,305,324257.3
1.2.0,6cafcd86-5c31-46a7-83e8-471788f2c459,P002,pilot,pointing-pilot-selected-208-post104-continuous-v4,6f01dd8e6afd67eb78b863696a810bcbdbe09d09487ab1b75dcf1e8e4cb7d335,,"[""C2"",""C3""]",training,C3,2,s29,13,9,165,373,373,164,372,6cafcd86-5c31-46a7-83e8-471788f2c459:s29:t9,6cafcd86-5c31-46a7-83e8-471788f2c459:s29:t9:a1,1,6cafcd86-5c31-46a7-83e8-471788f2c459:segment1,180,20,3.321928094887362,631.578947368421,70.17543859649122,636.2176906520102,5833f780-308c-41c8-947c-f8b38a7cfc05,1,9,2,662.5630626782829,652.8029511640596,1221.7984473013628,359.29357934694247,672,673,324605.7999999523,1192,376,324990,384.2000000476837,true,true,0,1192,376,384.2000000476837,0,completed,,,2026-09-26T08:09:50.651Z,2026-09-26T08:09:51.035Z,2026-09-26T08:09:51.035Z,,379,324602.8
1.2.0,6cafcd86-5c31-46a7-83e8-471788f2c459,P002,pilot,pointing-pilot-selected-208-post104-continuous-v4,6f01dd8e6afd67eb78b863696a810bcbdbe09d09487ab1b75dcf1e8e4cb7d335,,"[""C2"",""C3""]",training,C3,2,s29,13,10,166,374,374,165,373,6cafcd86-5c31-46a7-83e8-471788f2c459:s29:t10,6cafcd86-5c31-46a7-83e8-471788f2c459:s29:t10:a1,1,6cafcd86-5c31-46a7-83e8-471788f2c459:segment1,180,20,3.321928094887362,631.578947368421,70.17543859649122,636.2176906520102,5833f780-308c-41c8-947c-f8b38a7cfc05,1,2,8,1221.7984473013628,359.29357934694247,749.0548168775097,778.1078898148132,1192,376,324990,744,736,325510.7999999523,520.7999999523163,false,true,1,754,776,727.6000000238419,206.80000007152557,completed,,,2026-09-26T08:09:51.035Z,2026-09-26T08:09:51.556Z,2026-09-26T08:09:51.762Z,,489,324990.7
1.2.0,6cafcd86-5c31-46a7-83e8-471788f2c459,P002,pilot,pointing-pilot-selected-208-post104-continuous-v4,6f01dd8e6afd67eb78b863696a810bcbdbe09d09487ab1b75dcf1e8e4cb7d335,,"[""C2"",""C3""]",training,C3,2,s29,13,11,167,375,375,166,374,6cafcd86-5c31-46a7-83e8-471788f2c459:s29:t11,6cafcd86-5c31-46a7-83e8-471788f2c459:s29:t11:a1,1,6cafcd86-5c31-46a7-83e8-471788f2c459:segment1,180,20,3.321928094887362,631.578947368421,70.17543859649122,636.2176906520102,5833f780-308c-41c8-947c-f8b38a7cfc05,1,8,1,749.0548168775097,778.1078898148132,1107.8325516550817,258.32860609250383,754,776,325717.60000002384,1100,245,326115.2999999523,397.6999999284744,true,true,0,1100,245,397.6999999284744,0,completed,,,2026-09-26T08:09:51.762Z,2026-09-26T08:09:52.160Z,2026-09-26T08:09:52.160Z,,527,325718
1.2.0,6cafcd86-5c31-46a7-83e8-471788f2c459,P002,pilot,pointing-pilot-selected-208-post104-continuous-v4,6f01dd8e6afd67eb78b863696a810bcbdbe09d09487ab1b75dcf1e8e4cb7d335,,"[""C2"",""C3""]",training,C3,2,s29,13,12,168,376,376,167,375,6cafcd86-5c31-46a7-83e8-471788f2c459:s29:t12,6cafcd86-5c31-46a7-83e8-471788f2c459:s29:t12:a1,1,6cafcd86-5c31-46a7-83e8-471788f2c459:segment1,180,20,3.321928094887362,631.578947368421,70.17543859649122,636.2176906520102,5833f780-308c-41c8-947c-f8b38a7cfc05,1,1,7,1107.8325516550817,258.32860609250383,883.8715703650593,848.8651804201343,1100,245,326115.2999999523,874,854,326711.6999999285,596.3999999761581,true,true,0,874,854,596.3999999761581,0,completed,,,2026-09-26T08:09:52.160Z,2026-09-26T08:09:52.756Z,2026-09-26T08:09:52.756Z,,572,326118
1.2.0,6cafcd86-5c31-46a7-83e8-471788f2c459,P002,pilot,pointing-pilot-selected-208-post104-continuous-v4,6f01dd8e6afd67eb78b863696a810bcbdbe09d09487ab1b75dcf1e8e4cb7d335,,"[""C2"",""C3""]",training,C3,2,s29,13,13,169,377,377,168,376,6cafcd86-5c31-46a7-83e8-471788f2c459:s29:t13,6cafcd86-5c31-46a7-83e8-471788f2c459:s29:t13:a1,1,6cafcd86-5c31-46a7-83e8-471788f2c459:segment1,180,20,3.321928094887362,631.578947368421,70.17543859649122,636.2176906520102,5833f780-308c-41c8-947c-f8b38a7cfc05,1,7,0,883.8715703650593,848.8651804201343,960,221.8911546739949,874,854,326711.6999999285,991,221,327165.60000002384,453.90000009536743,true,true,0,991,221,453.90000009536743,0,completed,,,2026-09-26T08:09:52.756Z,2026-09-26T08:09:53.210Z,2026-09-26T08:09:53.210Z,,511,326711.9
1.2.0,6cafcd86-5c31-46a7-83e8-471788f2c459,P002,pilot,pointing-pilot-selected-208-post104-continuous-v4,6f01dd8e6afd67eb78b863696a810bcbdbe09d09487ab1b75dcf1e8e4cb7d335,,"[""C2"",""C3""]",training,C3,2,s30,14,1,170,378,378,169,377,6cafcd86-5c31-46a7-83e8-471788f2c459:s30:t1,6cafcd86-5c31-46a7-83e8-471788f2c459:s30:t1:a1,1,6cafcd86-5c31-46a7-83e8-471788f2c459:segment1,180,20,3.321928094887362,631.578947368421,70.17543859649122,636.2176906520102,5833f780-308c-41c8-947c-f8b38a7cfc05,1,0,6,960,221.8911546739949,1036.1284296349409,848.8651804201343,991,221,327165.60000002384,1048,854,327786.6999999285,621.0999999046326,true,true,0,1048,854,621.0999999046326,0,completed,,,2026-09-26T08:09:53.210Z,2026-09-26T08:09:53.831Z,2026-09-26T08:09:53.831Z,,576,327160.4
1.2.0,6cafcd86-5c31-46a7-83e8-471788f2c459,P002,pilot,pointing-pilot-selected-208-post104-continuous-v4,6f01dd8e6afd67eb78b863696a810bcbdbe09d09487ab1b75dcf1e8e4cb7d335,,"[""C2"",""C3""]",training,C3,2,s30,14,2,171,379,379,170,378,6cafcd86-5c31-46a7-83e8-471788f2c459:s30:t2,6cafcd86-5c31-46a7-83e8-471788f2c459:s30:t2:a1,1,6cafcd86-5c31-46a7-83e8-471788f2c459:segment1,180,20,3.321928094887362,631.578947368421,70.17543859649122,636.2176906520102,5833f780-308c-41c8-947c-f8b38a7cfc05,1,6,12,1036.1284296349409,848.8651804201343,812.1674483449184,258.3286060925038,1048,854,327786.6999999285,808,260,328288.7999999523,502.10000002384186,true,true,0,808,260,502.10000002384186,0,completed,,,2026-09-26T08:09:53.831Z,2026-09-26T08:09:54.334Z,2026-09-26T08:09:54.334Z,,601,327784.5
1.2.0,6cafcd86-5c31-46a7-83e8-471788f2c459,P002,pilot,pointing-pilot-selected-208-post104-continuous-v4,6f01dd8e6afd67eb78b863696a810bcbdbe09d09487ab1b75dcf1e8e4cb7d335,,"[""C2"",""C3""]",training,C3,2,s30,14,3,172,380,380,171,379,6cafcd86-5c31-46a7-83e8-471788f2c459:s30:t3,6cafcd86-5c31-46a7-83e8-471788f2c459:s30:t3:a1,1,6cafcd86-5c31-46a7-83e8-471788f2c459:segment1,180,20,3.321928094887362,631.578947368421,70.17543859649122,636.2176906520102,5833f780-308c-41c8-947c-f8b38a7cfc05,1,12,5,812.1674483449184,258.3286060925038,1170.9451831224903,778.1078898148132,808,260,328288.7999999523,1165,779,328803.5,514.7000000476837,true,true,0,1165,779,514.7000000476837,0,completed,,,2026-09-26T08:09:54.334Z,2026-09-26T08:09:54.848Z,2026-09-26T08:09:54.848Z,,466,328293.6
1.2.0,6cafcd86-5c31-46a7-83e8-471788f2c459,P002,pilot,pointing-pilot-selected-208-post104-continuous-v4,6f01dd8e6afd67eb78b863696a810bcbdbe09d09487ab1b75dcf1e8e4cb7d335,,"[""C2"",""C3""]",training,C3,2,s30,14,4,173,381,381,172,380,6cafcd86-5c31-46a7-83e8-471788f2c459:s30:t4,6cafcd86-5c31-46a7-83e8-471788f2c459:s30:t4:a1,1,6cafcd86-5c31-46a7-83e8-471788f2c459:segment1,180,20,3.321928094887362,631.578947368421,70.17543859649122,636.2176906520102,5833f780-308c-41c8-947c-f8b38a7cfc05,1,5,11,1170.9451831224903,778.1078898148132,698.201552698637,359.2935793469428,1165,779,328803.5,702,368,329393.6999999285,590.1999999284744,true,true,0,702,368,590.1999999284744,0,completed,,,2026-09-26T08:09:54.848Z,2026-09-26T08:09:55.439Z,2026-09-26T08:09:55.439Z,,497,328808.8
1.2.0,6cafcd86-5c31-46a7-83e8-471788f2c459,P002,pilot,pointing-pilot-selected-208-post104-continuous-v4,6f01dd8e6afd67eb78b863696a810bcbdbe09d09487ab1b75dcf1e8e4cb7d335,,"[""C2"",""C3""]",training,C3,2,s30,14,5,174,382,382,173,381,6cafcd86-5c31-46a7-83e8-471788f2c459:s30:t5,6cafcd86-5c31-46a7-83e8-471788f2c459:s30:t5:a1,1,6cafcd86-5c31-46a7-83e8-471788f2c459:segment1,180,20,3.321928094887362,631.578947368421,70.17543859649122,636.2176906520102,5833f780-308c-41c8-947c-f8b38a7cfc05,1,11,4,698.201552698637,359.2935793469428,1257.436937321717,652.8029511640594,702,368,329393.6999999285,1245,662,329863.1999999285,469.5,true,true,0,1245,662,469.5,0,completed,,,2026-09-26T08:09:55.439Z,2026-09-26T08:09:55.908Z,2026-09-26T08:09:55.908Z,,377,329390.6
1.2.0,6cafcd86-5c31-46a7-83e8-471788f2c459,P002,pilot,pointing-pilot-selected-208-post104-continuous-v4,6f01dd8e6afd67eb78b863696a810bcbdbe09d09487ab1b75dcf1e8e4cb7d335,,"[""C2"",""C3""]",training,C3,2,s30,14,6,175,383,383,174,382,6cafcd86-5c31-46a7-83e8-471788f2c459:s30:t6,6cafcd86-5c31-46a7-83e8-471788f2c459:s30:t6:a1,1,6cafcd86-5c31-46a7-83e8-471788f2c459:segment1,180,20,3.321928094887362,631.578947368421,70.17543859649122,636.2176906520102,5833f780-308c-41c8-947c-f8b38a7cfc05,1,4,10,1257.436937321717,652.8029511640594,644.2105263157895,501.65621582454924,1245,662,329863.1999999285,637,527,330323.60000002384,460.40000009536743,true,true,0,637,527,460.40000009536743,0,completed,,,2026-09-26T08:09:55.908Z,2026-09-26T08:09:56.368Z,2026-09-26T08:09:56.368Z,,399,329863.3
1.2.0,6cafcd86-5c31-46a7-83e8-471788f2c459,P002,pilot,pointing-pilot-selected-208-post104-continuous-v4,6f01dd8e6afd67eb78b863696a810bcbdbe09d09487ab1b75dcf1e8e4cb7d335,,"[""C2"",""C3""]",training,C3,2,s30,14,7,176,384,384,175,383,6cafcd86-5c31-46a7-83e8-471788f2c459:s30:t7,6cafcd86-5c31-46a7-83e8-471788f2c459:s30:t7:a1,1,6cafcd86-5c31-46a7-83e8-471788f2c459:segment1,180,20,3.321928094887362,631.578947368421,70.17543859649122,636.2176906520102,5833f780-308c-41c8-947c-f8b38a7cfc05,1,10,3,644.2105263157895,501.65621582454924,1275.7894736842104,501.65621582454935,637,527,330323.60000002384,1294,505,330679.10000002384,355.5,true,true,0,1294,505,355.5,0,completed,,,2026-09-26T08:09:56.368Z,2026-09-26T08:09:56.724Z,2026-09-26T08:09:56.724Z,,329,330317.9
1.2.0,6cafcd86-5c31-46a7-83e8-471788f2c459,P002,pilot,pointing-pilot-selected-208-post104-continuous-v4,6f01dd8e6afd67eb78b863696a810bcbdbe09d09487ab1b75dcf1e8e4cb7d335,,"[""C2"",""C3""]",training,C3,2,s30,14,8,177,385,385,176,384,6cafcd86-5c31-46a7-83e8-471788f2c459:s30:t8,6cafcd86-5c31-46a7-83e8-471788f2c459:s30:t8:a1,1,6cafcd86-5c31-46a7-83e8-471788f2c459:segment1,180,20,3.321928094887362,631.578947368421,70.17543859649122,636.2176906520102,5833f780-308c-41c8-947c-f8b38a7cfc05,1,3,9,1275.7894736842104,501.65621582454935,662.5630626782829,652.8029511640596,1294,505,330679.10000002384,658,660,331093.1999999285,414.09999990463257,true,true,0,658,660,414.09999990463257,0,completed,,,2026-09-26T08:09:56.724Z,2026-09-26T08:09:57.138Z,2026-09-26T08:09:57.138Z,,344,330681.6
1.2.0,6cafcd86-5c31-46a7-83e8-471788f2c459,P002,pilot,pointing-pilot-selected-208-post104-continuous-v4,6f01dd8e6afd67eb78b863696a810bcbdbe09d09487ab1b75dcf1e8e4cb7d335,,"[""C2"",""C3""]",training,C3,2,s30,14,9,178,386,386,177,385,6cafcd86-5c31-46a7-83e8-471788f2c459:s30:t9,6cafcd86-5c31-46a7-83e8-471788f2c459:s30:t9:a1,1,6cafcd86-5c31-46a7-83e8-471788f2c459:segment1,180,20,3.321928094887362,631.578947368421,70.17543859649122,636.2176906520102,5833f780-308c-41c8-947c-f8b38a7cfc05,1,9,2,662.5630626782829,652.8029511640596,1221.7984473013628,359.29357934694247,658,660,331093.1999999285,1216,330,331458.60000002384,365.40000009536743,true,true,0,1216,330,365.40000009536743,0,completed,,,2026-09-26T08:09:57.138Z,2026-09-26T08:09:57.503Z,2026-09-26T08:09:57.503Z,,346,331087.6
1.2.0,6cafcd86-5c31-46a7-83e8-471788f2c459,P002,pilot,pointing-pilot-selected-208-post104-continuous-v4,6f01dd8e6afd67eb78b863696a810bcbdbe09d09487ab1b75dcf1e8e4cb7d335,,"[""C2"",""C3""]",training,C3,2,s30,14,10,179,387,387,178,386,6cafcd86-5c31-46a7-83e8-471788f2c459:s30:t10,6cafcd86-5c31-46a7-83e8-471788f2c459:s30:t10:a1,1,6cafcd86-5c31-46a7-83e8-471788f2c459:segment1,180,20,3.321928094887362,631.578947368421,70.17543859649122,636.2176906520102,5833f780-308c-41c8-947c-f8b38a7cfc05,1,2,8,1221.7984473013628,359.29357934694247,749.0548168775097,778.1078898148132,1216,330,331458.60000002384,779,820,331870,411.39999997615814,false,true,1,750,789,607.8999999761581,196.5,completed,,,2026-09-26T08:09:57.503Z,2026-09-26T08:09:57.915Z,2026-09-26T08:09:58.111Z,,459,331458.798
1.2.0,6cafcd86-5c31-46a7-83e8-471788f2c459,P002,pilot,pointing-pilot-selected-208-post104-continuous-v4,6f01dd8e6afd67eb78b863696a810bcbdbe09d09487ab1b75dcf1e8e4cb7d335,,"[""C2"",""C3""]",training,C3,2,s30,14,11,180,388,388,179,387,6cafcd86-5c31-46a7-83e8-471788f2c459:s30:t11,6cafcd86-5c31-46a7-83e8-471788f2c459:s30:t11:a1,1,6cafcd86-5c31-46a7-83e8-471788f2c459:segment1,180,20,3.321928094887362,631.578947368421,70.17543859649122,636.2176906520102,5833f780-308c-41c8-947c-f8b38a7cfc05,1,8,1,749.0548168775097,778.1078898148132,1107.8325516550817,258.32860609250383,750,789,332066.5,1123,241,332509.39999997616,442.89999997615814,true,true,0,1123,241,442.89999997615814,0,completed,,,2026-09-26T08:09:58.111Z,2026-09-26T08:09:58.554Z,2026-09-26T08:09:58.554Z,,521,332069.4
1.2.0,6cafcd86-5c31-46a7-83e8-471788f2c459,P002,pilot,pointing-pilot-selected-208-post104-continuous-v4,6f01dd8e6afd67eb78b863696a810bcbdbe09d09487ab1b75dcf1e8e4cb7d335,,"[""C2"",""C3""]",training,C3,2,s30,14,12,181,389,389,180,388,6cafcd86-5c31-46a7-83e8-471788f2c459:s30:t12,6cafcd86-5c31-46a7-83e8-471788f2c459:s30:t12:a1,1,6cafcd86-5c31-46a7-83e8-471788f2c459:segment1,180,20,3.321928094887362,631.578947368421,70.17543859649122,636.2176906520102,5833f780-308c-41c8-947c-f8b38a7cfc05,1,1,7,1107.8325516550817,258.32860609250383,883.8715703650593,848.8651804201343,1123,241,332509.39999997616,862,862,332906.6999999285,397.2999999523163,true,true,0,862,862,397.2999999523163,0,completed,,,2026-09-26T08:09:58.554Z,2026-09-26T08:09:58.952Z,2026-09-26T08:09:58.952Z,,398,332505.8
1.2.0,6cafcd86-5c31-46a7-83e8-471788f2c459,P002,pilot,pointing-pilot-selected-208-post104-continuous-v4,6f01dd8e6afd67eb78b863696a810bcbdbe09d09487ab1b75dcf1e8e4cb7d335,,"[""C2"",""C3""]",training,C3,2,s30,14,13,182,390,390,181,389,6cafcd86-5c31-46a7-83e8-471788f2c459:s30:t13,6cafcd86-5c31-46a7-83e8-471788f2c459:s30:t13:a1,1,6cafcd86-5c31-46a7-83e8-471788f2c459:segment1,180,20,3.321928094887362,631.578947368421,70.17543859649122,636.2176906520102,5833f780-308c-41c8-947c-f8b38a7cfc05,1,7,0,883.8715703650593,848.8651804201343,960,221.8911546739949,862,862,332906.6999999285,948,195,333281.2999999523,374.60000002384186,true,true,0,948,195,374.60000002384186,0,completed,,,2026-09-26T08:09:58.952Z,2026-09-26T08:09:59.326Z,2026-09-26T08:09:59.326Z,,459,332905.8
1.2.0,6cafcd86-5c31-46a7-83e8-471788f2c459,P002,pilot,pointing-pilot-selected-208-post104-continuous-v4,6f01dd8e6afd67eb78b863696a810bcbdbe09d09487ab1b75dcf1e8e4cb7d335,,"[""C2"",""C3""]",training,C3,2,s31,15,1,183,391,391,182,390,6cafcd86-5c31-46a7-83e8-471788f2c459:s31:t1,6cafcd86-5c31-46a7-83e8-471788f2c459:s31:t1:a1,1,6cafcd86-5c31-46a7-83e8-471788f2c459:segment1,180,20,3.321928094887362,631.578947368421,70.17543859649122,636.2176906520102,5833f780-308c-41c8-947c-f8b38a7cfc05,1,0,6,960,221.8911546739949,1036.1284296349409,848.8651804201343,948,195,333281.2999999523,1059,827,333635.2999999523,354,true,true,0,1059,827,354,0,completed,,,2026-09-26T08:09:59.326Z,2026-09-26T08:09:59.680Z,2026-09-26T08:09:59.680Z,,428,333281.6
1.2.0,6cafcd86-5c31-46a7-83e8-471788f2c459,P002,pilot,pointing-pilot-selected-208-post104-continuous-v4,6f01dd8e6afd67eb78b863696a810bcbdbe09d09487ab1b75dcf1e8e4cb7d335,,"[""C2"",""C3""]",training,C3,2,s31,15,2,184,392,392,183,391,6cafcd86-5c31-46a7-83e8-471788f2c459:s31:t2,6cafcd86-5c31-46a7-83e8-471788f2c459:s31:t2:a1,1,6cafcd86-5c31-46a7-83e8-471788f2c459:segment1,180,20,3.321928094887362,631.578947368421,70.17543859649122,636.2176906520102,5833f780-308c-41c8-947c-f8b38a7cfc05,1,6,12,1036.1284296349409,848.8651804201343,812.1674483449184,258.3286060925038,1059,827,333635.2999999523,778,258,334028.7999999523,393.5,true,true,0,778,258,393.5,0,completed,,,2026-09-26T08:09:59.680Z,2026-09-26T08:10:00.074Z,2026-09-26T08:10:00.074Z,,476,333639.1
1.2.0,6cafcd86-5c31-46a7-83e8-471788f2c459,P002,pilot,pointing-pilot-selected-208-post104-continuous-v4,6f01dd8e6afd67eb78b863696a810bcbdbe09d09487ab1b75dcf1e8e4cb7d335,,"[""C2"",""C3""]",training,C3,2,s31,15,3,185,393,393,184,392,6cafcd86-5c31-46a7-83e8-471788f2c459:s31:t3,6cafcd86-5c31-46a7-83e8-471788f2c459:s31:t3:a1,1,6cafcd86-5c31-46a7-83e8-471788f2c459:segment1,180,20,3.321928094887362,631.578947368421,70.17543859649122,636.2176906520102,5833f780-308c-41c8-947c-f8b38a7cfc05,1,12,5,812.1674483449184,258.3286060925038,1170.9451831224903,778.1078898148132,778,258,334028.7999999523,1197,758,334481.10000002384,452.3000000715256,true,true,0,1197,758,452.3000000715256,0,completed,,,2026-09-26T08:10:00.074Z,2026-09-26T08:10:00.526Z,2026-09-26T08:10:00.526Z,,406,334033
1.2.0,6cafcd86-5c31-46a7-83e8-471788f2c459,P002,pilot,pointing-pilot-selected-208-post104-continuous-v4,6f01dd8e6afd67eb78b863696a810bcbdbe09d09487ab1b75dcf1e8e4cb7d335,,"[""C2"",""C3""]",training,C3,2,s31,15,4,186,394,394,185,393,6cafcd86-5c31-46a7-83e8-471788f2c459:s31:t4,6cafcd86-5c31-46a7-83e8-471788f2c459:s31:t4:a1,1,6cafcd86-5c31-46a7-83e8-471788f2c459:segment1,180,20,3.321928094887362,631.578947368421,70.17543859649122,636.2176906520102,5833f780-308c-41c8-947c-f8b38a7cfc05,1,5,11,1170.9451831224903,778.1078898148132,698.201552698637,359.2935793469428,1197,758,334481.10000002384,750,359,334819.89999997616,338.7999999523163,false,true,1,721,368,572.2999999523163,233.5,completed,,,2026-09-26T08:10:00.526Z,2026-09-26T08:10:00.865Z,2026-09-26T08:10:01.098Z,,490,334483.3
1.2.0,6cafcd86-5c31-46a7-83e8-471788f2c459,P002,pilot,pointing-pilot-selected-208-post104-continuous-v4,6f01dd8e6afd67eb78b863696a810bcbdbe09d09487ab1b75dcf1e8e4cb7d335,,"[""C2"",""C3""]",training,C3,2,s31,15,5,187,395,395,186,394,6cafcd86-5c31-46a7-83e8-471788f2c459:s31:t5,6cafcd86-5c31-46a7-83e8-471788f2c459:s31:t5:a1,1,6cafcd86-5c31-46a7-83e8-471788f2c459:segment1,180,20,3.321928094887362,631.578947368421,70.17543859649122,636.2176906520102,5833f780-308c-41c8-947c-f8b38a7cfc05,1,11,4,698.201552698637,359.2935793469428,1257.436937321717,652.8029511640594,721,368,335053.39999997616,1207,640,335352,298.60000002384186,false,true,2,1284,637,1012.2999999523163,713.6999999284744,completed,,,2026-09-26T08:10:01.098Z,2026-09-26T08:10:01.397Z,2026-09-26T08:10:02.111Z,,858,335054.232
1.2.0,6cafcd86-5c31-46a7-83e8-471788f2c459,P002,pilot,pointing-pilot-selected-208-post104-continuous-v4,6f01dd8e6afd67eb78b863696a810bcbdbe09d09487ab1b75dcf1e8e4cb7d335,,"[""C2"",""C3""]",training,C3,2,s31,15,6,188,396,396,187,395,6cafcd86-5c31-46a7-83e8-471788f2c459:s31:t6,6cafcd86-5c31-46a7-83e8-471788f2c459:s31:t6:a1,1,6cafcd86-5c31-46a7-83e8-471788f2c459:segment1,180,20,3.321928094887362,631.578947368421,70.17543859649122,636.2176906520102,5833f780-308c-41c8-947c-f8b38a7cfc05,1,4,10,1257.436937321717,652.8029511640594,644.2105263157895,501.65621582454924,1284,637,336065.6999999285,626,480,336437.5,371.8000000715256,true,true,0,626,480,371.8000000715256,0,completed,,,2026-09-26T08:10:02.111Z,2026-09-26T08:10:02.482Z,2026-09-26T08:10:02.482Z,,355,336063.4
1.2.0,6cafcd86-5c31-46a7-83e8-471788f2c459,P002,pilot,pointing-pilot-selected-208-post104-continuous-v4,6f01dd8e6afd67eb78b863696a810bcbdbe09d09487ab1b75dcf1e8e4cb7d335,,"[""C2"",""C3""]",training,C3,2,s31,15,7,189,397,397,188,396,6cafcd86-5c31-46a7-83e8-471788f2c459:s31:t7,6cafcd86-5c31-46a7-83e8-471788f2c459:s31:t7:a1,1,6cafcd86-5c31-46a7-83e8-471788f2c459:segment1,180,20,3.321928094887362,631.578947368421,70.17543859649122,636.2176906520102,5833f780-308c-41c8-947c-f8b38a7cfc05,1,10,3,644.2105263157895,501.65621582454924,1275.7894736842104,501.65621582454935,626,480,336437.5,1228,509,336762.6999999285,325.1999999284744,false,true,1,1289,506,561.7999999523163,236.60000002384186,completed,,,2026-09-26T08:10:02.482Z,2026-09-26T08:10:02.807Z,2026-09-26T08:10:03.044Z,,379,336439.2
1.2.0,6cafcd86-5c31-46a7-83e8-471788f2c459,P002,pilot,pointing-pilot-selected-208-post104-continuous-v4,6f01dd8e6afd67eb78b863696a810bcbdbe09d09487ab1b75dcf1e8e4cb7d335,,"[""C2"",""C3""]",training,C3,2,s31,15,8,190,398,398,189,397,6cafcd86-5c31-46a7-83e8-471788f2c459:s31:t8,6cafcd86-5c31-46a7-83e8-471788f2c459:s31:t8:a1,1,6cafcd86-5c31-46a7-83e8-471788f2c459:segment1,180,20,3.321928094887362,631.578947368421,70.17543859649122,636.2176906520102,5833f780-308c-41c8-947c-f8b38a7cfc05,1,3,9,1275.7894736842104,501.65621582454935,662.5630626782829,652.8029511640596,1289,506,336999.2999999523,646,674,337382.39999997616,383.10000002384186,true,true,0,646,674,383.10000002384186,0,completed,,,2026-09-26T08:10:03.044Z,2026-09-26T08:10:03.427Z,2026-09-26T08:10:03.427Z,,449,336996.6
1.2.0,6cafcd86-5c31-46a7-83e8-471788f2c459,P002,pilot,pointing-pilot-selected-208-post104-continuous-v4,6f01dd8e6afd67eb78b863696a810bcbdbe09d09487ab1b75dcf1e8e4cb7d335,,"[""C2"",""C3""]",training,C3,2,s31,15,9,191,399,399,190,398,6cafcd86-5c31-46a7-83e8-471788f2c459:s31:t9,6cafcd86-5c31-46a7-83e8-471788f2c459:s31:t9:a1,1,6cafcd86-5c31-46a7-83e8-471788f2c459:segment1,180,20,3.321928094887362,631.578947368421,70.17543859649122,636.2176906520102,5833f780-308c-41c8-947c-f8b38a7cfc05,1,9,2,662.5630626782829,652.8029511640596,1221.7984473013628,359.29357934694247,646,674,337382.39999997616,1227,386,337764,381.60000002384186,true,true,0,1227,386,381.60000002384186,0,completed,,,2026-09-26T08:10:03.427Z,2026-09-26T08:10:03.809Z,2026-09-26T08:10:03.809Z,,405,337384.6
1.2.0,6cafcd86-5c31-46a7-83e8-471788f2c459,P002,pilot,pointing-pilot-selected-208-post104-continuous-v4,6f01dd8e6afd67eb78b863696a810bcbdbe09d09487ab1b75dcf1e8e4cb7d335,,"[""C2"",""C3""]",training,C3,2,s31,15,10,192,400,400,191,399,6cafcd86-5c31-46a7-83e8-471788f2c459:s31:t10,6cafcd86-5c31-46a7-83e8-471788f2c459:s31:t10:a1,1,6cafcd86-5c31-46a7-83e8-471788f2c459:segment1,180,20,3.321928094887362,631.578947368421,70.17543859649122,636.2176906520102,5833f780-308c-41c8-947c-f8b38a7cfc05,1,2,8,1221.7984473013628,359.29357934694247,749.0548168775097,778.1078898148132,1227,386,337764,776,785,338181,417,true,true,0,776,785,417,0,completed,,,2026-09-26T08:10:03.809Z,2026-09-26T08:10:04.226Z,2026-09-26T08:10:04.226Z,,422,337760.3
1.2.0,6cafcd86-5c31-46a7-83e8-471788f2c459,P002,pilot,pointing-pilot-selected-208-post104-continuous-v4,6f01dd8e6afd67eb78b863696a810bcbdbe09d09487ab1b75dcf1e8e4cb7d335,,"[""C2"",""C3""]",training,C3,2,s31,15,11,193,401,401,192,400,6cafcd86-5c31-46a7-83e8-471788f2c459:s31:t11,6cafcd86-5c31-46a7-83e8-471788f2c459:s31:t11:a1,1,6cafcd86-5c31-46a7-83e8-471788f2c459:segment1,180,20,3.321928094887362,631.578947368421,70.17543859649122,636.2176906520102,5833f780-308c-41c8-947c-f8b38a7cfc05,1,8,1,749.0548168775097,778.1078898148132,1107.8325516550817,258.32860609250383,776,785,338181,1167,227,338638.6999999285,457.6999999284744,false,true,1,1114,258,651.6999999284744,194,completed,,,2026-09-26T08:10:04.226Z,2026-09-26T08:10:04.684Z,2026-09-26T08:10:04.877Z,,553,338184.6
1.2.0,6cafcd86-5c31-46a7-83e8-471788f2c459,P002,pilot,pointing-pilot-selected-208-post104-continuous-v4,6f01dd8e6afd67eb78b863696a810bcbdbe09d09487ab1b75dcf1e8e4cb7d335,,"[""C2"",""C3""]",training,C3,2,s31,15,12,194,402,402,193,401,6cafcd86-5c31-46a7-83e8-471788f2c459:s31:t12,6cafcd86-5c31-46a7-83e8-471788f2c459:s31:t12:a1,1,6cafcd86-5c31-46a7-83e8-471788f2c459:segment1,180,20,3.321928094887362,631.578947368421,70.17543859649122,636.2176906520102,5833f780-308c-41c8-947c-f8b38a7cfc05,1,1,7,1107.8325516550817,258.32860609250383,883.8715703650593,848.8651804201343,1114,258,338832.6999999285,886,835,339277.1999999285,444.5,true,true,0,886,835,444.5,0,completed,,,2026-09-26T08:10:04.877Z,2026-09-26T08:10:05.322Z,2026-09-26T08:10:05.322Z,,516,338833
1.2.0,6cafcd86-5c31-46a7-83e8-471788f2c459,P002,pilot,pointing-pilot-selected-208-post104-continuous-v4,6f01dd8e6afd67eb78b863696a810bcbdbe09d09487ab1b75dcf1e8e4cb7d335,,"[""C2"",""C3""]",training,C3,2,s31,15,13,195,403,403,194,402,6cafcd86-5c31-46a7-83e8-471788f2c459:s31:t13,6cafcd86-5c31-46a7-83e8-471788f2c459:s31:t13:a1,1,6cafcd86-5c31-46a7-83e8-471788f2c459:segment1,180,20,3.321928094887362,631.578947368421,70.17543859649122,636.2176906520102,5833f780-308c-41c8-947c-f8b38a7cfc05,1,7,0,883.8715703650593,848.8651804201343,960,221.8911546739949,886,835,339277.1999999285,970,189,339653,375.8000000715256,true,true,0,970,189,375.8000000715256,0,completed,,,2026-09-26T08:10:05.322Z,2026-09-26T08:10:05.698Z,2026-09-26T08:10:05.698Z,,551,339275.5
1.2.0,6cafcd86-5c31-46a7-83e8-471788f2c459,P002,pilot,pointing-pilot-selected-208-post104-continuous-v4,6f01dd8e6afd67eb78b863696a810bcbdbe09d09487ab1b75dcf1e8e4cb7d335,,"[""C2"",""C3""]",training,C3,2,s32,16,1,196,404,404,195,403,6cafcd86-5c31-46a7-83e8-471788f2c459:s32:t1,6cafcd86-5c31-46a7-83e8-471788f2c459:s32:t1:a1,1,6cafcd86-5c31-46a7-83e8-471788f2c459:segment1,180,20,3.321928094887362,631.578947368421,70.17543859649122,636.2176906520102,5833f780-308c-41c8-947c-f8b38a7cfc05,1,0,6,960,221.8911546739949,1036.1284296349409,848.8651804201343,970,189,339653,1066,858,340020.10000002384,367.10000002384186,true,true,0,1066,858,367.10000002384186,0,completed,,,2026-09-26T08:10:05.698Z,2026-09-26T08:10:06.065Z,2026-09-26T08:10:06.065Z,,423,339657.2
1.2.0,6cafcd86-5c31-46a7-83e8-471788f2c459,P002,pilot,pointing-pilot-selected-208-post104-continuous-v4,6f01dd8e6afd67eb78b863696a810bcbdbe09d09487ab1b75dcf1e8e4cb7d335,,"[""C2"",""C3""]",training,C3,2,s32,16,2,197,405,405,196,404,6cafcd86-5c31-46a7-83e8-471788f2c459:s32:t2,6cafcd86-5c31-46a7-83e8-471788f2c459:s32:t2:a1,1,6cafcd86-5c31-46a7-83e8-471788f2c459:segment1,180,20,3.321928094887362,631.578947368421,70.17543859649122,636.2176906520102,5833f780-308c-41c8-947c-f8b38a7cfc05,1,6,12,1036.1284296349409,848.8651804201343,812.1674483449184,258.3286060925038,1066,858,340020.10000002384,793,260,340559.5,539.3999999761581,true,true,0,793,260,539.3999999761581,0,completed,,,2026-09-26T08:10:06.065Z,2026-09-26T08:10:06.604Z,2026-09-26T08:10:06.604Z,,609,340020.9
1.2.0,6cafcd86-5c31-46a7-83e8-471788f2c459,P002,pilot,pointing-pilot-selected-208-post104-continuous-v4,6f01dd8e6afd67eb78b863696a810bcbdbe09d09487ab1b75dcf1e8e4cb7d335,,"[""C2"",""C3""]",training,C3,2,s32,16,3,198,406,406,197,405,6cafcd86-5c31-46a7-83e8-471788f2c459:s32:t3,6cafcd86-5c31-46a7-83e8-471788f2c459:s32:t3:a1,1,6cafcd86-5c31-46a7-83e8-471788f2c459:segment1,180,20,3.321928094887362,631.578947368421,70.17543859649122,636.2176906520102,5833f780-308c-41c8-947c-f8b38a7cfc05,1,12,5,812.1674483449184,258.3286060925038,1170.9451831224903,778.1078898148132,793,260,340559.5,1198,749,340934.1999999285,374.6999999284744,false,true,1,1179,754,597.3999999761581,222.70000004768372,completed,,,2026-09-26T08:10:06.604Z,2026-09-26T08:10:06.979Z,2026-09-26T08:10:07.202Z,,424,340560.3
1.2.0,6cafcd86-5c31-46a7-83e8-471788f2c459,P002,pilot,pointing-pilot-selected-208-post104-continuous-v4,6f01dd8e6afd67eb78b863696a810bcbdbe09d09487ab1b75dcf1e8e4cb7d335,,"[""C2"",""C3""]",training,C3,2,s32,16,4,199,407,407,198,406,6cafcd86-5c31-46a7-83e8-471788f2c459:s32:t4,6cafcd86-5c31-46a7-83e8-471788f2c459:s32:t4:a1,1,6cafcd86-5c31-46a7-83e8-471788f2c459:segment1,180,20,3.321928094887362,631.578947368421,70.17543859649122,636.2176906520102,5833f780-308c-41c8-947c-f8b38a7cfc05,1,5,11,1170.9451831224903,778.1078898148132,698.201552698637,359.2935793469428,1179,754,341156.89999997616,697,350,341599.89999997616,443,true,true,0,697,350,443,0,completed,,,2026-09-26T08:10:07.202Z,2026-09-26T08:10:07.645Z,2026-09-26T08:10:07.645Z,,488,341160.3
1.2.0,6cafcd86-5c31-46a7-83e8-471788f2c459,P002,pilot,pointing-pilot-selected-208-post104-continuous-v4,6f01dd8e6afd67eb78b863696a810bcbdbe09d09487ab1b75dcf1e8e4cb7d335,,"[""C2"",""C3""]",training,C3,2,s32,16,5,200,408,408,199,407,6cafcd86-5c31-46a7-83e8-471788f2c459:s32:t5,6cafcd86-5c31-46a7-83e8-471788f2c459:s32:t5:a1,1,6cafcd86-5c31-46a7-83e8-471788f2c459:segment1,180,20,3.321928094887362,631.578947368421,70.17543859649122,636.2176906520102,5833f780-308c-41c8-947c-f8b38a7cfc05,1,11,4,698.201552698637,359.2935793469428,1257.436937321717,652.8029511640594,697,350,341599.89999997616,1273,676,342081.2999999523,481.39999997615814,true,true,0,1273,676,481.39999997615814,0,completed,,,2026-09-26T08:10:07.645Z,2026-09-26T08:10:08.126Z,2026-09-26T08:10:08.126Z,,499,341602.7
1.2.0,6cafcd86-5c31-46a7-83e8-471788f2c459,P002,pilot,pointing-pilot-selected-208-post104-continuous-v4,6f01dd8e6afd67eb78b863696a810bcbdbe09d09487ab1b75dcf1e8e4cb7d335,,"[""C2"",""C3""]",training,C3,2,s32,16,6,201,409,409,200,408,6cafcd86-5c31-46a7-83e8-471788f2c459:s32:t6,6cafcd86-5c31-46a7-83e8-471788f2c459:s32:t6:a1,1,6cafcd86-5c31-46a7-83e8-471788f2c459:segment1,180,20,3.321928094887362,631.578947368421,70.17543859649122,636.2176906520102,5833f780-308c-41c8-947c-f8b38a7cfc05,1,4,10,1257.436937321717,652.8029511640594,644.2105263157895,501.65621582454924,1273,676,342081.2999999523,571,526,342444.39999997616,363.10000002384186,false,true,3,667,482,1510.3999999761581,1147.2999999523163,completed,,,2026-09-26T08:10:08.126Z,2026-09-26T08:10:08.489Z,2026-09-26T08:10:09.636Z,,1483,342081.5
1.2.0,6cafcd86-5c31-46a7-83e8-471788f2c459,P002,pilot,pointing-pilot-selected-208-post104-continuous-v4,6f01dd8e6afd67eb78b863696a810bcbdbe09d09487ab1b75dcf1e8e4cb7d335,,"[""C2"",""C3""]",training,C3,2,s32,16,7,202,410,410,201,409,6cafcd86-5c31-46a7-83e8-471788f2c459:s32:t7,6cafcd86-5c31-46a7-83e8-471788f2c459:s32:t7:a1,1,6cafcd86-5c31-46a7-83e8-471788f2c459:segment1,180,20,3.321928094887362,631.578947368421,70.17543859649122,636.2176906520102,5833f780-308c-41c8-947c-f8b38a7cfc05,1,10,3,644.2105263157895,501.65621582454924,1275.7894736842104,501.65621582454935,667,482,343591.6999999285,1259,488,343957.89999997616,366.2000000476837,true,true,0,1259,488,366.2000000476837,0,completed,,,2026-09-26T08:10:09.636Z,2026-09-26T08:10:10.003Z,2026-09-26T08:10:10.003Z,,343,343596.7
1.2.0,6cafcd86-5c31-46a7-83e8-471788f2c459,P002,pilot,pointing-pilot-selected-208-post104-continuous-v4,6f01dd8e6afd67eb78b863696a810bcbdbe09d09487ab1b75dcf1e8e4cb7d335,,"[""C2"",""C3""]",training,C3,2,s32,16,8,203,411,411,202,410,6cafcd86-5c31-46a7-83e8-471788f2c459:s32:t8,6cafcd86-5c31-46a7-83e8-471788f2c459:s32:t8:a1,1,6cafcd86-5c31-46a7-83e8-471788f2c459:segment1,180,20,3.321928094887362,631.578947368421,70.17543859649122,636.2176906520102,5833f780-308c-41c8-947c-f8b38a7cfc05,1,3,9,1275.7894736842104,501.65621582454935,662.5630626782829,652.8029511640596,1259,488,343957.89999997616,679,645,344414.2999999523,456.39999997615814,true,true,0,679,645,456.39999997615814,0,completed,,,2026-09-26T08:10:10.003Z,2026-09-26T08:10:10.459Z,2026-09-26T08:10:10.459Z,,405,343960.3
1.2.0,6cafcd86-5c31-46a7-83e8-471788f2c459,P002,pilot,pointing-pilot-selected-208-post104-continuous-v4,6f01dd8e6afd67eb78b863696a810bcbdbe09d09487ab1b75dcf1e8e4cb7d335,,"[""C2"",""C3""]",training,C3,2,s32,16,9,204,412,412,203,411,6cafcd86-5c31-46a7-83e8-471788f2c459:s32:t9,6cafcd86-5c31-46a7-83e8-471788f2c459:s32:t9:a1,1,6cafcd86-5c31-46a7-83e8-471788f2c459:segment1,180,20,3.321928094887362,631.578947368421,70.17543859649122,636.2176906520102,5833f780-308c-41c8-947c-f8b38a7cfc05,1,9,2,662.5630626782829,652.8029511640596,1221.7984473013628,359.29357934694247,679,645,344414.2999999523,1241,347,344815.10000002384,400.8000000715256,true,true,0,1241,347,400.8000000715256,0,completed,,,2026-09-26T08:10:10.459Z,2026-09-26T08:10:10.860Z,2026-09-26T08:10:10.860Z,,452,344414.9
1.2.0,6cafcd86-5c31-46a7-83e8-471788f2c459,P002,pilot,pointing-pilot-selected-208-post104-continuous-v4,6f01dd8e6afd67eb78b863696a810bcbdbe09d09487ab1b75dcf1e8e4cb7d335,,"[""C2"",""C3""]",training,C3,2,s32,16,10,205,413,413,204,412,6cafcd86-5c31-46a7-83e8-471788f2c459:s32:t10,6cafcd86-5c31-46a7-83e8-471788f2c459:s32:t10:a1,1,6cafcd86-5c31-46a7-83e8-471788f2c459:segment1,180,20,3.321928094887362,631.578947368421,70.17543859649122,636.2176906520102,5833f780-308c-41c8-947c-f8b38a7cfc05,1,2,8,1221.7984473013628,359.29357934694247,749.0548168775097,778.1078898148132,1241,347,344815.10000002384,821,746,345223.1999999285,408.09999990463257,false,true,1,733,786,613,204.90000009536743,completed,,,2026-09-26T08:10:10.860Z,2026-09-26T08:10:11.268Z,2026-09-26T08:10:11.473Z,,546,344814.8
1.2.0,6cafcd86-5c31-46a7-83e8-471788f2c459,P002,pilot,pointing-pilot-selected-208-post104-continuous-v4,6f01dd8e6afd67eb78b863696a810bcbdbe09d09487ab1b75dcf1e8e4cb7d335,,"[""C2"",""C3""]",training,C3,2,s32,16,11,206,414,414,205,413,6cafcd86-5c31-46a7-83e8-471788f2c459:s32:t11,6cafcd86-5c31-46a7-83e8-471788f2c459:s32:t11:a1,1,6cafcd86-5c31-46a7-83e8-471788f2c459:segment1,180,20,3.321928094887362,631.578947368421,70.17543859649122,636.2176906520102,5833f780-308c-41c8-947c-f8b38a7cfc05,1,8,1,749.0548168775097,778.1078898148132,1107.8325516550817,258.32860609250383,733,786,345428.10000002384,1099,264,345868.2999999523,440.1999999284744,true,true,0,1099,264,440.1999999284744,0,completed,,,2026-09-26T08:10:11.473Z,2026-09-26T08:10:11.913Z,2026-09-26T08:10:11.913Z,,562,345426.9
1.2.0,6cafcd86-5c31-46a7-83e8-471788f2c459,P002,pilot,pointing-pilot-selected-208-post104-continuous-v4,6f01dd8e6afd67eb78b863696a810bcbdbe09d09487ab1b75dcf1e8e4cb7d335,,"[""C2"",""C3""]",training,C3,2,s32,16,12,207,415,415,206,414,6cafcd86-5c31-46a7-83e8-471788f2c459:s32:t12,6cafcd86-5c31-46a7-83e8-471788f2c459:s32:t12:a1,1,6cafcd86-5c31-46a7-83e8-471788f2c459:segment1,180,20,3.321928094887362,631.578947368421,70.17543859649122,636.2176906520102,5833f780-308c-41c8-947c-f8b38a7cfc05,1,1,7,1107.8325516550817,258.32860609250383,883.8715703650593,848.8651804201343,1099,264,345868.2999999523,869,833,346272.89999997616,404.60000002384186,true,true,0,869,833,404.60000002384186,0,completed,,,2026-09-26T08:10:11.913Z,2026-09-26T08:10:12.318Z,2026-09-26T08:10:12.318Z,,444,345869.4
1.2.0,6cafcd86-5c31-46a7-83e8-471788f2c459,P002,pilot,pointing-pilot-selected-208-post104-continuous-v4,6f01dd8e6afd67eb78b863696a810bcbdbe09d09487ab1b75dcf1e8e4cb7d335,,"[""C2"",""C3""]",training,C3,2,s32,16,13,208,416,416,207,415,6cafcd86-5c31-46a7-83e8-471788f2c459:s32:t13,6cafcd86-5c31-46a7-83e8-471788f2c459:s32:t13:a1,1,6cafcd86-5c31-46a7-83e8-471788f2c459:segment1,180,20,3.321928094887362,631.578947368421,70.17543859649122,636.2176906520102,5833f780-308c-41c8-947c-f8b38a7cfc05,1,7,0,883.8715703650593,848.8651804201343,960,221.8911546739949,869,833,346272.89999997616,968,155,346613.10000002384,340.2000000476837,false,true,1,958,248,710.3999999761581,370.1999999284744,completed,,,2026-09-26T08:10:12.318Z,2026-09-26T08:10:12.658Z,2026-09-26T08:10:13.028Z,,644,346272.432
1.2.0,6cafcd86-5c31-46a7-83e8-471788f2c459,P002,pilot,pointing-pilot-selected-208-post104-continuous-v4,6f01dd8e6afd67eb78b863696a810bcbdbe09d09487ab1b75dcf1e8e4cb7d335,,"[""C2"",""C3""]",post,C2,1,s33,1,1,1,1,417,208,416,6cafcd86-5c31-46a7-83e8-471788f2c459:s33:t1,6cafcd86-5c31-46a7-83e8-471788f2c459:s33:t1:a1,1,6cafcd86-5c31-46a7-83e8-471788f2c459:segment1,90,10,3.321928094887362,315.7894736842105,35.08771929824561,318.1088453260051,5833f780-308c-41c8-947c-f8b38a7cfc05,1,0,6,960,380.9455773369974,998.0642148174704,694.4325902100671,952,383,394356.5,999,715,394803.5,447,false,true,1,1000,686,705.3999999761581,258.39999997615814,completed,,,2026-09-26T08:11:00.402Z,2026-09-26T08:11:00.849Z,2026-09-26T08:11:01.107Z,,325,394354
1.2.0,6cafcd86-5c31-46a7-83e8-471788f2c459,P002,pilot,pointing-pilot-selected-208-post104-continuous-v4,6f01dd8e6afd67eb78b863696a810bcbdbe09d09487ab1b75dcf1e8e4cb7d335,,"[""C2"",""C3""]",post,C2,1,s33,1,2,2,2,418,209,417,6cafcd86-5c31-46a7-83e8-471788f2c459:s33:t2,6cafcd86-5c31-46a7-83e8-471788f2c459:s33:t2:a1,1,6cafcd86-5c31-46a7-83e8-471788f2c459:segment1,90,10,3.321928094887362,315.7894736842105,35.08771929824561,318.1088453260051,5833f780-308c-41c8-947c-f8b38a7cfc05,1,6,12,998.0642148174704,694.4325902100671,886.0837241724593,399.1643030462519,1000,686,395061.89999997616,887,408,395577.1999999285,515.2999999523163,true,true,0,887,408,515.2999999523163,0,completed,,,2026-09-26T08:11:01.107Z,2026-09-26T08:11:01.622Z,2026-09-26T08:11:01.622Z,,307,395057.1
1.2.0,6cafcd86-5c31-46a7-83e8-471788f2c459,P002,pilot,pointing-pilot-selected-208-post104-continuous-v4,6f01dd8e6afd67eb78b863696a810bcbdbe09d09487ab1b75dcf1e8e4cb7d335,,"[""C2"",""C3""]",post,C2,1,s33,1,3,3,3,419,210,418,6cafcd86-5c31-46a7-83e8-471788f2c459:s33:t3,6cafcd86-5c31-46a7-83e8-471788f2c459:s33:t3:a1,1,6cafcd86-5c31-46a7-83e8-471788f2c459:segment1,90,10,3.321928094887362,315.7894736842105,35.08771929824561,318.1088453260051,5833f780-308c-41c8-947c-f8b38a7cfc05,1,12,5,886.0837241724593,399.1643030462519,1065.4725915612453,659.0539449074066,887,408,395577.1999999285,1063,675,395974.39999997616,397.2000000476837,true,true,0,1063,675,397.2000000476837,0,completed,,,2026-09-26T08:11:01.622Z,2026-09-26T08:11:02.020Z,2026-09-26T08:11:02.020Z,,348,395578.3
1.2.0,6cafcd86-5c31-46a7-83e8-471788f2c459,P002,pilot,pointing-pilot-selected-208-post104-continuous-v4,6f01dd8e6afd67eb78b863696a810bcbdbe09d09487ab1b75dcf1e8e4cb7d335,,"[""C2"",""C3""]",post,C2,1,s33,1,4,4,4,420,211,419,6cafcd86-5c31-46a7-83e8-471788f2c459:s33:t4,6cafcd86-5c31-46a7-83e8-471788f2c459:s33:t4:a1,1,6cafcd86-5c31-46a7-83e8-471788f2c459:segment1,90,10,3.321928094887362,315.7894736842105,35.08771929824561,318.1088453260051,5833f780-308c-41c8-947c-f8b38a7cfc05,1,5,11,1065.4725915612453,659.0539449074066,829.1007763493185,449.6467896734714,1063,675,395974.39999997616,818,444,396526.10000002384,551.7000000476837,true,true,0,818,444,551.7000000476837,0,completed,,,2026-09-26T08:11:02.020Z,2026-09-26T08:11:02.571Z,2026-09-26T08:11:02.571Z,,367,395972.2
1.2.0,6cafcd86-5c31-46a7-83e8-471788f2c459,P002,pilot,pointing-pilot-selected-208-post104-continuous-v4,6f01dd8e6afd67eb78b863696a810bcbdbe09d09487ab1b75dcf1e8e4cb7d335,,"[""C2"",""C3""]",post,C2,1,s33,1,5,5,5,421,212,420,6cafcd86-5c31-46a7-83e8-471788f2c459:s33:t5,6cafcd86-5c31-46a7-83e8-471788f2c459:s33:t5:a1,1,6cafcd86-5c31-46a7-83e8-471788f2c459:segment1,90,10,3.321928094887362,315.7894736842105,35.08771929824561,318.1088453260051,5833f780-308c-41c8-947c-f8b38a7cfc05,1,11,4,829.1007763493185,449.6467896734714,1108.7184686608584,596.4014755820297,818,444,396526.10000002384,1105,590,396940.6999999285,414.59999990463257,true,true,0,1105,590,414.59999990463257,0,completed,,,2026-09-26T08:11:02.571Z,2026-09-26T08:11:02.986Z,2026-09-26T08:11:02.986Z,,313,396529.8
1.2.0,6cafcd86-5c31-46a7-83e8-471788f2c459,P002,pilot,pointing-pilot-selected-208-post104-continuous-v4,6f01dd8e6afd67eb78b863696a810bcbdbe09d09487ab1b75dcf1e8e4cb7d335,,"[""C2"",""C3""]",post,C2,1,s33,1,6,6,6,422,213,421,6cafcd86-5c31-46a7-83e8-471788f2c459:s33:t6,6cafcd86-5c31-46a7-83e8-471788f2c459:s33:t6:a1,1,6cafcd86-5c31-46a7-83e8-471788f2c459:segment1,90,10,3.321928094887362,315.7894736842105,35.08771929824561,318.1088453260051,5833f780-308c-41c8-947c-f8b38a7cfc05,1,4,10,1108.7184686608584,596.4014755820297,802.1052631578948,520.8281079122746,1105,590,396940.6999999285,797,520,397410.5,469.8000000715256,true,true,0,797,520,469.8000000715256,0,completed,,,2026-09-26T08:11:02.986Z,2026-09-26T08:11:03.456Z,2026-09-26T08:11:03.456Z,,281,396942
1.2.0,6cafcd86-5c31-46a7-83e8-471788f2c459,P002,pilot,pointing-pilot-selected-208-post104-continuous-v4,6f01dd8e6afd67eb78b863696a810bcbdbe09d09487ab1b75dcf1e8e4cb7d335,,"[""C2"",""C3""]",post,C2,1,s33,1,7,7,7,423,214,422,6cafcd86-5c31-46a7-83e8-471788f2c459:s33:t7,6cafcd86-5c31-46a7-83e8-471788f2c459:s33:t7:a1,1,6cafcd86-5c31-46a7-83e8-471788f2c459:segment1,90,10,3.321928094887362,315.7894736842105,35.08771929824561,318.1088453260051,5833f780-308c-41c8-947c-f8b38a7cfc05,1,10,3,802.1052631578948,520.8281079122746,1117.8947368421052,520.8281079122746,797,520,397410.5,1102,512,397827.2999999523,416.7999999523163,false,true,1,1114,524,1096.2999999523163,679.5,completed,,,2026-09-26T08:11:03.456Z,2026-09-26T08:11:03.872Z,2026-09-26T08:11:04.552Z,,595,397408.6
1.2.0,6cafcd86-5c31-46a7-83e8-471788f2c459,P002,pilot,pointing-pilot-selected-208-post104-continuous-v4,6f01dd8e6afd67eb78b863696a810bcbdbe09d09487ab1b75dcf1e8e4cb7d335,,"[""C2"",""C3""]",post,C2,1,s33,1,8,8,8,424,215,423,6cafcd86-5c31-46a7-83e8-471788f2c459:s33:t8,6cafcd86-5c31-46a7-83e8-471788f2c459:s33:t8:a1,1,6cafcd86-5c31-46a7-83e8-471788f2c459:segment1,90,10,3.321928094887362,315.7894736842105,35.08771929824561,318.1088453260051,5833f780-308c-41c8-947c-f8b38a7cfc05,1,3,9,1117.8947368421052,520.8281079122746,811.2815313391415,596.4014755820298,1114,524,398506.7999999523,822,605,398991.7999999523,485,true,true,0,822,605,485,0,completed,,,2026-09-26T08:11:04.552Z,2026-09-26T08:11:05.037Z,2026-09-26T08:11:05.037Z,,287,398511.7
1.2.0,6cafcd86-5c31-46a7-83e8-471788f2c459,P002,pilot,pointing-pilot-selected-208-post104-continuous-v4,6f01dd8e6afd67eb78b863696a810bcbdbe09d09487ab1b75dcf1e8e4cb7d335,,"[""C2"",""C3""]",post,C2,1,s33,1,9,9,9,425,216,424,6cafcd86-5c31-46a7-83e8-471788f2c459:s33:t9,6cafcd86-5c31-46a7-83e8-471788f2c459:s33:t9:a1,1,6cafcd86-5c31-46a7-83e8-471788f2c459:segment1,90,10,3.321928094887362,315.7894736842105,35.08771929824561,318.1088453260051,5833f780-308c-41c8-947c-f8b38a7cfc05,1,9,2,811.2815313391415,596.4014755820298,1090.8992236506815,449.64678967347123,822,605,398991.7999999523,1082,458,399425.39999997616,433.60000002384186,true,true,0,1082,458,433.60000002384186,0,completed,,,2026-09-26T08:11:05.037Z,2026-09-26T08:11:05.471Z,2026-09-26T08:11:05.471Z,,293,398991.898
1.2.0,6cafcd86-5c31-46a7-83e8-471788f2c459,P002,pilot,pointing-pilot-selected-208-post104-continuous-v4,6f01dd8e6afd67eb78b863696a810bcbdbe09d09487ab1b75dcf1e8e4cb7d335,,"[""C2"",""C3""]",post,C2,1,s33,1,10,10,10,426,217,425,6cafcd86-5c31-46a7-83e8-471788f2c459:s33:t10,6cafcd86-5c31-46a7-83e8-471788f2c459:s33:t10:a1,1,6cafcd86-5c31-46a7-83e8-471788f2c459:segment1,90,10,3.321928094887362,315.7894736842105,35.08771929824561,318.1088453260051,5833f780-308c-41c8-947c-f8b38a7cfc05,1,2,8,1090.8992236506815,449.64678967347123,854.5274084387548,659.0539449074066,1082,458,399425.39999997616,846,684,399859.2999999523,433.89999997615814,false,true,1,855,664,603.1000000238419,169.20000004768372,completed,,,2026-09-26T08:11:05.471Z,2026-09-26T08:11:05.905Z,2026-09-26T08:11:06.074Z,,351,399426.8
1.2.0,6cafcd86-5c31-46a7-83e8-471788f2c459,P002,pilot,pointing-pilot-selected-208-post104-continuous-v4,6f01dd8e6afd67eb78b863696a810bcbdbe09d09487ab1b75dcf1e8e4cb7d335,,"[""C2"",""C3""]",post,C2,1,s33,1,11,11,11,427,218,426,6cafcd86-5c31-46a7-83e8-471788f2c459:s33:t11,6cafcd86-5c31-46a7-83e8-471788f2c459:s33:t11:a1,1,6cafcd86-5c31-46a7-83e8-471788f2c459:segment1,90,10,3.321928094887362,315.7894736842105,35.08771929824561,318.1088453260051,5833f780-308c-41c8-947c-f8b38a7cfc05,1,8,1,854.5274084387548,659.0539449074066,1033.9162758275409,399.1643030462519,855,664,400028.5,1039,388,400552.89999997616,524.3999999761581,true,true,0,1039,388,524.3999999761581,0,completed,,,2026-09-26T08:11:06.074Z,2026-09-26T08:11:06.598Z,2026-09-26T08:11:06.598Z,,383,400026.7
1.2.0,6cafcd86-5c31-46a7-83e8-471788f2c459,P002,pilot,pointing-pilot-selected-208-post104-continuous-v4,6f01dd8e6afd67eb78b863696a810bcbdbe09d09487ab1b75dcf1e8e4cb7d335,,"[""C2"",""C3""]",post,C2,1,s33,1,12,12,12,428,219,427,6cafcd86-5c31-46a7-83e8-471788f2c459:s33:t12,6cafcd86-5c31-46a7-83e8-471788f2c459:s33:t12:a1,1,6cafcd86-5c31-46a7-83e8-471788f2c459:segment1,90,10,3.321928094887362,315.7894736842105,35.08771929824561,318.1088453260051,5833f780-308c-41c8-947c-f8b38a7cfc05,1,1,7,1033.9162758275409,399.1643030462519,921.9357851825296,694.4325902100671,1039,388,400552.89999997616,921,677,401021.5,468.60000002384186,true,true,0,921,677,468.60000002384186,0,completed,,,2026-09-26T08:11:06.598Z,2026-09-26T08:11:07.067Z,2026-09-26T08:11:07.067Z,,360,400548
1.2.0,6cafcd86-5c31-46a7-83e8-471788f2c459,P002,pilot,pointing-pilot-selected-208-post104-continuous-v4,6f01dd8e6afd67eb78b863696a810bcbdbe09d09487ab1b75dcf1e8e4cb7d335,,"[""C2"",""C3""]",post,C2,1,s33,1,13,13,13,429,220,428,6cafcd86-5c31-46a7-83e8-471788f2c459:s33:t13,6cafcd86-5c31-46a7-83e8-471788f2c459:s33:t13:a1,1,6cafcd86-5c31-46a7-83e8-471788f2c459:segment1,90,10,3.321928094887362,315.7894736842105,35.08771929824561,318.1088453260051,5833f780-308c-41c8-947c-f8b38a7cfc05,1,7,0,921.9357851825296,694.4325902100671,960,380.9455773369974,921,677,401021.5,959,390,401436.6999999285,415.1999999284744,true,true,0,959,390,415.1999999284744,0,completed,,,2026-09-26T08:11:07.067Z,2026-09-26T08:11:07.482Z,2026-09-26T08:11:07.482Z,,291,401026.8
1.2.0,6cafcd86-5c31-46a7-83e8-471788f2c459,P002,pilot,pointing-pilot-selected-208-post104-continuous-v4,6f01dd8e6afd67eb78b863696a810bcbdbe09d09487ab1b75dcf1e8e4cb7d335,,"[""C2"",""C3""]",post,C3,2,s34,1,1,1,14,430,208,429,6cafcd86-5c31-46a7-83e8-471788f2c459:s34:t1,6cafcd86-5c31-46a7-83e8-471788f2c459:s34:t1:a1,1,6cafcd86-5c31-46a7-83e8-471788f2c459:segment1,180,20,3.321928094887362,631.578947368421,70.17543859649122,636.2176906520102,5833f780-308c-41c8-947c-f8b38a7cfc05,1,0,6,960,221.8911546739949,1036.1284296349409,848.8651804201343,958,224,406174.5,1003,832,406705.5,531,false,true,1,1033,866,1094,563,completed,,,2026-09-26T08:11:12.220Z,2026-09-26T08:11:12.751Z,2026-09-26T08:11:13.314Z,,1041,406178.2
1.2.0,6cafcd86-5c31-46a7-83e8-471788f2c459,P002,pilot,pointing-pilot-selected-208-post104-continuous-v4,6f01dd8e6afd67eb78b863696a810bcbdbe09d09487ab1b75dcf1e8e4cb7d335,,"[""C2"",""C3""]",post,C3,2,s34,1,2,2,15,431,209,430,6cafcd86-5c31-46a7-83e8-471788f2c459:s34:t2,6cafcd86-5c31-46a7-83e8-471788f2c459:s34:t2:a1,1,6cafcd86-5c31-46a7-83e8-471788f2c459:segment1,180,20,3.321928094887362,631.578947368421,70.17543859649122,636.2176906520102,5833f780-308c-41c8-947c-f8b38a7cfc05,1,6,12,1036.1284296349409,848.8651804201343,812.1674483449184,258.3286060925038,1033,866,407268.5,805,254,407702.89999997616,434.39999997615814,true,true,0,805,254,434.39999997615814,0,completed,,,2026-09-26T08:11:13.314Z,2026-09-26T08:11:13.748Z,2026-09-26T08:11:13.748Z,,466,407263.2
1.2.0,6cafcd86-5c31-46a7-83e8-471788f2c459,P002,pilot,pointing-pilot-selected-208-post104-continuous-v4,6f01dd8e6afd67eb78b863696a810bcbdbe09d09487ab1b75dcf1e8e4cb7d335,,"[""C2"",""C3""]",post,C3,2,s34,1,3,3,16,432,210,431,6cafcd86-5c31-46a7-83e8-471788f2c459:s34:t3,6cafcd86-5c31-46a7-83e8-471788f2c459:s34:t3:a1,1,6cafcd86-5c31-46a7-83e8-471788f2c459:segment1,180,20,3.321928094887362,631.578947368421,70.17543859649122,636.2176906520102,5833f780-308c-41c8-947c-f8b38a7cfc05,1,12,5,812.1674483449184,258.3286060925038,1170.9451831224903,778.1078898148132,805,254,407702.89999997616,1158,797,408109.5,406.60000002384186,true,true,0,1158,797,406.60000002384186,0,completed,,,2026-09-26T08:11:13.748Z,2026-09-26T08:11:14.155Z,2026-09-26T08:11:14.155Z,,426,407704.03
1.2.0,6cafcd86-5c31-46a7-83e8-471788f2c459,P002,pilot,pointing-pilot-selected-208-post104-continuous-v4,6f01dd8e6afd67eb78b863696a810bcbdbe09d09487ab1b75dcf1e8e4cb7d335,,"[""C2"",""C3""]",post,C3,2,s34,1,4,4,17,433,211,432,6cafcd86-5c31-46a7-83e8-471788f2c459:s34:t4,6cafcd86-5c31-46a7-83e8-471788f2c459:s34:t4:a1,1,6cafcd86-5c31-46a7-83e8-471788f2c459:segment1,180,20,3.321928094887362,631.578947368421,70.17543859649122,636.2176906520102,5833f780-308c-41c8-947c-f8b38a7cfc05,1,5,11,1170.9451831224903,778.1078898148132,698.201552698637,359.2935793469428,1158,797,408109.5,714,397,408571.7999999523,462.2999999523163,false,true,1,688,376,753.2999999523163,291,completed,,,2026-09-26T08:11:14.155Z,2026-09-26T08:11:14.617Z,2026-09-26T08:11:14.908Z,,614,408105.564
1.2.0,6cafcd86-5c31-46a7-83e8-471788f2c459,P002,pilot,pointing-pilot-selected-208-post104-continuous-v4,6f01dd8e6afd67eb78b863696a810bcbdbe09d09487ab1b75dcf1e8e4cb7d335,,"[""C2"",""C3""]",post,C3,2,s34,1,5,5,18,434,212,433,6cafcd86-5c31-46a7-83e8-471788f2c459:s34:t5,6cafcd86-5c31-46a7-83e8-471788f2c459:s34:t5:a1,1,6cafcd86-5c31-46a7-83e8-471788f2c459:segment1,180,20,3.321928094887362,631.578947368421,70.17543859649122,636.2176906520102,5833f780-308c-41c8-947c-f8b38a7cfc05,1,11,4,698.201552698637,359.2935793469428,1257.436937321717,652.8029511640594,688,376,408862.7999999523,1237,638,409356.1999999285,493.39999997615814,true,true,0,1237,638,493.39999997615814,0,completed,,,2026-09-26T08:11:14.908Z,2026-09-26T08:11:15.401Z,2026-09-26T08:11:15.401Z,,458,408863.1
1.2.0,6cafcd86-5c31-46a7-83e8-471788f2c459,P002,pilot,pointing-pilot-selected-208-post104-continuous-v4,6f01dd8e6afd67eb78b863696a810bcbdbe09d09487ab1b75dcf1e8e4cb7d335,,"[""C2"",""C3""]",post,C3,2,s34,1,6,6,19,435,213,434,6cafcd86-5c31-46a7-83e8-471788f2c459:s34:t6,6cafcd86-5c31-46a7-83e8-471788f2c459:s34:t6:a1,1,6cafcd86-5c31-46a7-83e8-471788f2c459:segment1,180,20,3.321928094887362,631.578947368421,70.17543859649122,636.2176906520102,5833f780-308c-41c8-947c-f8b38a7cfc05,1,4,10,1257.436937321717,652.8029511640594,644.2105263157895,501.65621582454924,1237,638,409356.1999999285,646,527,409839.89999997616,483.7000000476837,true,true,0,646,527,483.7000000476837,0,completed,,,2026-09-26T08:11:15.401Z,2026-09-26T08:11:15.885Z,2026-09-26T08:11:15.885Z,,402,409360
1.2.0,6cafcd86-5c31-46a7-83e8-471788f2c459,P002,pilot,pointing-pilot-selected-208-post104-continuous-v4,6f01dd8e6afd67eb78b863696a810bcbdbe09d09487ab1b75dcf1e8e4cb7d335,,"[""C2"",""C3""]",post,C3,2,s34,1,7,7,20,436,214,435,6cafcd86-5c31-46a7-83e8-471788f2c459:s34:t7,6cafcd86-5c31-46a7-83e8-471788f2c459:s34:t7:a1,1,6cafcd86-5c31-46a7-83e8-471788f2c459:segment1,180,20,3.321928094887362,631.578947368421,70.17543859649122,636.2176906520102,5833f780-308c-41c8-947c-f8b38a7cfc05,1,10,3,644.2105263157895,501.65621582454924,1275.7894736842104,501.65621582454935,646,527,409839.89999997616,1263,496,410283.89999997616,444,true,true,0,1263,496,444,0,completed,,,2026-09-26T08:11:15.885Z,2026-09-26T08:11:16.329Z,2026-09-26T08:11:16.329Z,,308,409845
1.2.0,6cafcd86-5c31-46a7-83e8-471788f2c459,P002,pilot,pointing-pilot-selected-208-post104-continuous-v4,6f01dd8e6afd67eb78b863696a810bcbdbe09d09487ab1b75dcf1e8e4cb7d335,,"[""C2"",""C3""]",post,C3,2,s34,1,8,8,21,437,215,436,6cafcd86-5c31-46a7-83e8-471788f2c459:s34:t8,6cafcd86-5c31-46a7-83e8-471788f2c459:s34:t8:a1,1,6cafcd86-5c31-46a7-83e8-471788f2c459:segment1,180,20,3.321928094887362,631.578947368421,70.17543859649122,636.2176906520102,5833f780-308c-41c8-947c-f8b38a7cfc05,1,3,9,1275.7894736842104,501.65621582454935,662.5630626782829,652.8029511640596,1263,496,410283.89999997616,638,663,410744.7999999523,460.89999997615814,true,true,0,638,663,460.89999997615814,0,completed,,,2026-09-26T08:11:16.329Z,2026-09-26T08:11:16.790Z,2026-09-26T08:11:16.790Z,,441,410287.3
1.2.0,6cafcd86-5c31-46a7-83e8-471788f2c459,P002,pilot,pointing-pilot-selected-208-post104-continuous-v4,6f01dd8e6afd67eb78b863696a810bcbdbe09d09487ab1b75dcf1e8e4cb7d335,,"[""C2"",""C3""]",post,C3,2,s34,1,9,9,22,438,216,437,6cafcd86-5c31-46a7-83e8-471788f2c459:s34:t9,6cafcd86-5c31-46a7-83e8-471788f2c459:s34:t9:a1,1,6cafcd86-5c31-46a7-83e8-471788f2c459:segment1,180,20,3.321928094887362,631.578947368421,70.17543859649122,636.2176906520102,5833f780-308c-41c8-947c-f8b38a7cfc05,1,9,2,662.5630626782829,652.8029511640596,1221.7984473013628,359.29357934694247,638,663,410744.7999999523,1204,377,411195.39999997616,450.60000002384186,true,true,0,1204,377,450.60000002384186,0,completed,,,2026-09-26T08:11:16.790Z,2026-09-26T08:11:17.241Z,2026-09-26T08:11:17.241Z,,519,410741.9
1.2.0,6cafcd86-5c31-46a7-83e8-471788f2c459,P002,pilot,pointing-pilot-selected-208-post104-continuous-v4,6f01dd8e6afd67eb78b863696a810bcbdbe09d09487ab1b75dcf1e8e4cb7d335,,"[""C2"",""C3""]",post,C3,2,s34,1,10,10,23,439,217,438,6cafcd86-5c31-46a7-83e8-471788f2c459:s34:t10,6cafcd86-5c31-46a7-83e8-471788f2c459:s34:t10:a1,1,6cafcd86-5c31-46a7-83e8-471788f2c459:segment1,180,20,3.321928094887362,631.578947368421,70.17543859649122,636.2176906520102,5833f780-308c-41c8-947c-f8b38a7cfc05,1,2,8,1221.7984473013628,359.29357934694247,749.0548168775097,778.1078898148132,1204,377,411195.39999997616,780,764,411617.89999997616,422.5,true,true,0,780,764,422.5,0,completed,,,2026-09-26T08:11:17.241Z,2026-09-26T08:11:17.663Z,2026-09-26T08:11:17.663Z,,346,411196.4
1.2.0,6cafcd86-5c31-46a7-83e8-471788f2c459,P002,pilot,pointing-pilot-selected-208-post104-continuous-v4,6f01dd8e6afd67eb78b863696a810bcbdbe09d09487ab1b75dcf1e8e4cb7d335,,"[""C2"",""C3""]",post,C3,2,s34,1,11,11,24,440,218,439,6cafcd86-5c31-46a7-83e8-471788f2c459:s34:t11,6cafcd86-5c31-46a7-83e8-471788f2c459:s34:t11:a1,1,6cafcd86-5c31-46a7-83e8-471788f2c459:segment1,180,20,3.321928094887362,631.578947368421,70.17543859649122,636.2176906520102,5833f780-308c-41c8-947c-f8b38a7cfc05,1,8,1,749.0548168775097,778.1078898148132,1107.8325516550817,258.32860609250383,780,764,411617.89999997616,1093,266,412048.89999997616,431,true,true,0,1093,266,431,0,completed,,,2026-09-26T08:11:17.663Z,2026-09-26T08:11:18.094Z,2026-09-26T08:11:18.094Z,,428,411620.7
1.2.0,6cafcd86-5c31-46a7-83e8-471788f2c459,P002,pilot,pointing-pilot-selected-208-post104-continuous-v4,6f01dd8e6afd67eb78b863696a810bcbdbe09d09487ab1b75dcf1e8e4cb7d335,,"[""C2"",""C3""]",post,C3,2,s34,1,12,12,25,441,219,440,6cafcd86-5c31-46a7-83e8-471788f2c459:s34:t12,6cafcd86-5c31-46a7-83e8-471788f2c459:s34:t12:a1,1,6cafcd86-5c31-46a7-83e8-471788f2c459:segment1,180,20,3.321928094887362,631.578947368421,70.17543859649122,636.2176906520102,5833f780-308c-41c8-947c-f8b38a7cfc05,1,1,7,1107.8325516550817,258.32860609250383,883.8715703650593,848.8651804201343,1093,266,412048.89999997616,877,884,412399.89999997616,351,false,true,1,874,854,766.2999999523163,415.2999999523163,completed,,,2026-09-26T08:11:18.094Z,2026-09-26T08:11:18.445Z,2026-09-26T08:11:18.860Z,,891,412045
1.2.0,6cafcd86-5c31-46a7-83e8-471788f2c459,P002,pilot,pointing-pilot-selected-208-post104-continuous-v4,6f01dd8e6afd67eb78b863696a810bcbdbe09d09487ab1b75dcf1e8e4cb7d335,,"[""C2"",""C3""]",post,C3,2,s34,1,13,13,26,442,220,441,6cafcd86-5c31-46a7-83e8-471788f2c459:s34:t13,6cafcd86-5c31-46a7-83e8-471788f2c459:s34:t13:a1,1,6cafcd86-5c31-46a7-83e8-471788f2c459:segment1,180,20,3.321928094887362,631.578947368421,70.17543859649122,636.2176906520102,5833f780-308c-41c8-947c-f8b38a7cfc05,1,7,0,883.8715703650593,848.8651804201343,960,221.8911546739949,874,854,412815.1999999285,982,153,413258.60000002384,443.40000009536743,false,true,1,962,224,649.1000000238419,205.69999992847443,completed,,,2026-09-26T08:11:18.860Z,2026-09-26T08:11:19.304Z,2026-09-26T08:11:19.510Z,,595,412820.7
1.2.0,6cafcd86-5c31-46a7-83e8-471788f2c459,P002,pilot,pointing-pilot-selected-208-post104-continuous-v4,6f01dd8e6afd67eb78b863696a810bcbdbe09d09487ab1b75dcf1e8e4cb7d335,,"[""C2"",""C3""]",post,C1,3,s35,1,1,1,27,443,0,442,6cafcd86-5c31-46a7-83e8-471788f2c459:s35:t1,6cafcd86-5c31-46a7-83e8-471788f2c459:s35:t1:a1,1,6cafcd86-5c31-46a7-83e8-471788f2c459:segment1,90,20,2.4594316186372973,315.7894736842105,70.17543859649122,318.1088453260051,5833f780-308c-41c8-947c-f8b38a7cfc05,1,0,6,960,380.9455773369974,998.0642148174704,694.4325902100671,966,368,415281.60000002384,988,696,415647.39999997616,365.7999999523163,true,true,0,988,696,365.7999999523163,0,completed,,,2026-09-26T08:11:21.327Z,2026-09-26T08:11:21.693Z,2026-09-26T08:11:21.693Z,,328,415281.3
1.2.0,6cafcd86-5c31-46a7-83e8-471788f2c459,P002,pilot,pointing-pilot-selected-208-post104-continuous-v4,6f01dd8e6afd67eb78b863696a810bcbdbe09d09487ab1b75dcf1e8e4cb7d335,,"[""C2"",""C3""]",post,C1,3,s35,1,2,2,28,444,1,443,6cafcd86-5c31-46a7-83e8-471788f2c459:s35:t2,6cafcd86-5c31-46a7-83e8-471788f2c459:s35:t2:a1,1,6cafcd86-5c31-46a7-83e8-471788f2c459:segment1,90,20,2.4594316186372973,315.7894736842105,70.17543859649122,318.1088453260051,5833f780-308c-41c8-947c-f8b38a7cfc05,1,6,12,998.0642148174704,694.4325902100671,886.0837241724593,399.1643030462519,988,696,415647.39999997616,897,407,415965.39999997616,318,true,true,0,897,407,318,0,completed,,,2026-09-26T08:11:21.693Z,2026-09-26T08:11:22.011Z,2026-09-26T08:11:22.011Z,,299,415651
1.2.0,6cafcd86-5c31-46a7-83e8-471788f2c459,P002,pilot,pointing-pilot-selected-208-post104-continuous-v4,6f01dd8e6afd67eb78b863696a810bcbdbe09d09487ab1b75dcf1e8e4cb7d335,,"[""C2"",""C3""]",post,C1,3,s35,1,3,3,29,445,2,444,6cafcd86-5c31-46a7-83e8-471788f2c459:s35:t3,6cafcd86-5c31-46a7-83e8-471788f2c459:s35:t3:a1,1,6cafcd86-5c31-46a7-83e8-471788f2c459:segment1,90,20,2.4594316186372973,315.7894736842105,70.17543859649122,318.1088453260051,5833f780-308c-41c8-947c-f8b38a7cfc05,1,12,5,886.0837241724593,399.1643030462519,1065.4725915612453,659.0539449074066,897,407,415965.39999997616,1063,677,416248.7999999523,283.39999997615814,true,true,0,1063,677,283.39999997615814,0,completed,,,2026-09-26T08:11:22.011Z,2026-09-26T08:11:22.294Z,2026-09-26T08:11:22.294Z,,303,415963.032
1.2.0,6cafcd86-5c31-46a7-83e8-471788f2c459,P002,pilot,pointing-pilot-selected-208-post104-continuous-v4,6f01dd8e6afd67eb78b863696a810bcbdbe09d09487ab1b75dcf1e8e4cb7d335,,"[""C2"",""C3""]",post,C1,3,s35,1,4,4,30,446,3,445,6cafcd86-5c31-46a7-83e8-471788f2c459:s35:t4,6cafcd86-5c31-46a7-83e8-471788f2c459:s35:t4:a1,1,6cafcd86-5c31-46a7-83e8-471788f2c459:segment1,90,20,2.4594316186372973,315.7894736842105,70.17543859649122,318.1088453260051,5833f780-308c-41c8-947c-f8b38a7cfc05,1,5,11,1065.4725915612453,659.0539449074066,829.1007763493185,449.6467896734714,1063,677,416248.7999999523,840,445,416563.10000002384,314.3000000715256,true,true,0,840,445,314.3000000715256,0,completed,,,2026-09-26T08:11:22.294Z,2026-09-26T08:11:22.608Z,2026-09-26T08:11:22.608Z,,312,416251
1.2.0,6cafcd86-5c31-46a7-83e8-471788f2c459,P002,pilot,pointing-pilot-selected-208-post104-continuous-v4,6f01dd8e6afd67eb78b863696a810bcbdbe09d09487ab1b75dcf1e8e4cb7d335,,"[""C2"",""C3""]",post,C1,3,s35,1,5,5,31,447,4,446,6cafcd86-5c31-46a7-83e8-471788f2c459:s35:t5,6cafcd86-5c31-46a7-83e8-471788f2c459:s35:t5:a1,1,6cafcd86-5c31-46a7-83e8-471788f2c459:segment1,90,20,2.4594316186372973,315.7894736842105,70.17543859649122,318.1088453260051,5833f780-308c-41c8-947c-f8b38a7cfc05,1,11,4,829.1007763493185,449.6467896734714,1108.7184686608584,596.4014755820297,840,445,416563.10000002384,1086,616,416846.10000002384,283,true,true,0,1086,616,283,0,completed,,,2026-09-26T08:11:22.608Z,2026-09-26T08:11:22.891Z,2026-09-26T08:11:22.891Z,,265,416560.1
1.2.0,6cafcd86-5c31-46a7-83e8-471788f2c459,P002,pilot,pointing-pilot-selected-208-post104-continuous-v4,6f01dd8e6afd67eb78b863696a810bcbdbe09d09487ab1b75dcf1e8e4cb7d335,,"[""C2"",""C3""]",post,C1,3,s35,1,6,6,32,448,5,447,6cafcd86-5c31-46a7-83e8-471788f2c459:s35:t6,6cafcd86-5c31-46a7-83e8-471788f2c459:s35:t6:a1,1,6cafcd86-5c31-46a7-83e8-471788f2c459:segment1,90,20,2.4594316186372973,315.7894736842105,70.17543859649122,318.1088453260051,5833f780-308c-41c8-947c-f8b38a7cfc05,1,4,10,1108.7184686608584,596.4014755820297,802.1052631578948,520.8281079122746,1086,616,416846.10000002384,750,493,417132.39999997616,286.2999999523163,false,true,1,821,533,614,327.7000000476837,completed,,,2026-09-26T08:11:22.891Z,2026-09-26T08:11:23.178Z,2026-09-26T08:11:23.505Z,,468,416851
1.2.0,6cafcd86-5c31-46a7-83e8-471788f2c459,P002,pilot,pointing-pilot-selected-208-post104-continuous-v4,6f01dd8e6afd67eb78b863696a810bcbdbe09d09487ab1b75dcf1e8e4cb7d335,,"[""C2"",""C3""]",post,C1,3,s35,1,7,7,33,449,6,448,6cafcd86-5c31-46a7-83e8-471788f2c459:s35:t7,6cafcd86-5c31-46a7-83e8-471788f2c459:s35:t7:a1,1,6cafcd86-5c31-46a7-83e8-471788f2c459:segment1,90,20,2.4594316186372973,315.7894736842105,70.17543859649122,318.1088453260051,5833f780-308c-41c8-947c-f8b38a7cfc05,1,10,3,802.1052631578948,520.8281079122746,1117.8947368421052,520.8281079122746,821,533,417460.10000002384,1174,512,417755.10000002384,295,false,true,1,1129,522,482.09999990463257,187.09999990463257,completed,,,2026-09-26T08:11:23.505Z,2026-09-26T08:11:23.800Z,2026-09-26T08:11:23.987Z,,270,417460.132
1.2.0,6cafcd86-5c31-46a7-83e8-471788f2c459,P002,pilot,pointing-pilot-selected-208-post104-continuous-v4,6f01dd8e6afd67eb78b863696a810bcbdbe09d09487ab1b75dcf1e8e4cb7d335,,"[""C2"",""C3""]",post,C1,3,s35,1,8,8,34,450,7,449,6cafcd86-5c31-46a7-83e8-471788f2c459:s35:t8,6cafcd86-5c31-46a7-83e8-471788f2c459:s35:t8:a1,1,6cafcd86-5c31-46a7-83e8-471788f2c459:segment1,90,20,2.4594316186372973,315.7894736842105,70.17543859649122,318.1088453260051,5833f780-308c-41c8-947c-f8b38a7cfc05,1,3,9,1117.8947368421052,520.8281079122746,811.2815313391415,596.4014755820298,1129,522,417942.1999999285,826,600,418242.1999999285,300,true,true,0,826,600,300,0,completed,,,2026-09-26T08:11:23.987Z,2026-09-26T08:11:24.287Z,2026-09-26T08:11:24.287Z,,248,417941.9
1.2.0,6cafcd86-5c31-46a7-83e8-471788f2c459,P002,pilot,pointing-pilot-selected-208-post104-continuous-v4,6f01dd8e6afd67eb78b863696a810bcbdbe09d09487ab1b75dcf1e8e4cb7d335,,"[""C2"",""C3""]",post,C1,3,s35,1,9,9,35,451,8,450,6cafcd86-5c31-46a7-83e8-471788f2c459:s35:t9,6cafcd86-5c31-46a7-83e8-471788f2c459:s35:t9:a1,1,6cafcd86-5c31-46a7-83e8-471788f2c459:segment1,90,20,2.4594316186372973,315.7894736842105,70.17543859649122,318.1088453260051,5833f780-308c-41c8-947c-f8b38a7cfc05,1,9,2,811.2815313391415,596.4014755820298,1090.8992236506815,449.64678967347123,826,600,418242.1999999285,1075,484,418552.5,310.3000000715256,false,true,1,1077,467,629.9000000953674,319.60000002384186,completed,,,2026-09-26T08:11:24.287Z,2026-09-26T08:11:24.598Z,2026-09-26T08:11:24.917Z,,458,418238.8
1.2.0,6cafcd86-5c31-46a7-83e8-471788f2c459,P002,pilot,pointing-pilot-selected-208-post104-continuous-v4,6f01dd8e6afd67eb78b863696a810bcbdbe09d09487ab1b75dcf1e8e4cb7d335,,"[""C2"",""C3""]",post,C1,3,s35,1,10,10,36,452,9,451,6cafcd86-5c31-46a7-83e8-471788f2c459:s35:t10,6cafcd86-5c31-46a7-83e8-471788f2c459:s35:t10:a1,1,6cafcd86-5c31-46a7-83e8-471788f2c459:segment1,90,20,2.4594316186372973,315.7894736842105,70.17543859649122,318.1088453260051,5833f780-308c-41c8-947c-f8b38a7cfc05,1,2,8,1090.8992236506815,449.64678967347123,854.5274084387548,659.0539449074066,1077,467,418872.10000002384,864,678,419205.7999999523,333.6999999284744,true,true,0,864,678,333.6999999284744,0,completed,,,2026-09-26T08:11:24.917Z,2026-09-26T08:11:25.251Z,2026-09-26T08:11:25.251Z,,323,418869.2
1.2.0,6cafcd86-5c31-46a7-83e8-471788f2c459,P002,pilot,pointing-pilot-selected-208-post104-continuous-v4,6f01dd8e6afd67eb78b863696a810bcbdbe09d09487ab1b75dcf1e8e4cb7d335,,"[""C2"",""C3""]",post,C1,3,s35,1,11,11,37,453,10,452,6cafcd86-5c31-46a7-83e8-471788f2c459:s35:t11,6cafcd86-5c31-46a7-83e8-471788f2c459:s35:t11:a1,1,6cafcd86-5c31-46a7-83e8-471788f2c459:segment1,90,20,2.4594316186372973,315.7894736842105,70.17543859649122,318.1088453260051,5833f780-308c-41c8-947c-f8b38a7cfc05,1,8,1,854.5274084387548,659.0539449074066,1033.9162758275409,399.1643030462519,864,678,419205.7999999523,1030,428,419502.60000002384,296.8000000715256,true,true,0,1030,428,296.8000000715256,0,completed,,,2026-09-26T08:11:25.251Z,2026-09-26T08:11:25.548Z,2026-09-26T08:11:25.548Z,,289,419208.6
1.2.0,6cafcd86-5c31-46a7-83e8-471788f2c459,P002,pilot,pointing-pilot-selected-208-post104-continuous-v4,6f01dd8e6afd67eb78b863696a810bcbdbe09d09487ab1b75dcf1e8e4cb7d335,,"[""C2"",""C3""]",post,C1,3,s35,1,12,12,38,454,11,453,6cafcd86-5c31-46a7-83e8-471788f2c459:s35:t12,6cafcd86-5c31-46a7-83e8-471788f2c459:s35:t12:a1,1,6cafcd86-5c31-46a7-83e8-471788f2c459:segment1,90,20,2.4594316186372973,315.7894736842105,70.17543859649122,318.1088453260051,5833f780-308c-41c8-947c-f8b38a7cfc05,1,1,7,1033.9162758275409,399.1643030462519,921.9357851825296,694.4325902100671,1030,428,419502.60000002384,911,700,419842.1999999285,339.59999990463257,true,true,0,911,700,339.59999990463257,0,completed,,,2026-09-26T08:11:25.548Z,2026-09-26T08:11:25.887Z,2026-09-26T08:11:25.887Z,,275,419499.4
1.2.0,6cafcd86-5c31-46a7-83e8-471788f2c459,P002,pilot,pointing-pilot-selected-208-post104-continuous-v4,6f01dd8e6afd67eb78b863696a810bcbdbe09d09487ab1b75dcf1e8e4cb7d335,,"[""C2"",""C3""]",post,C1,3,s35,1,13,13,39,455,12,454,6cafcd86-5c31-46a7-83e8-471788f2c459:s35:t13,6cafcd86-5c31-46a7-83e8-471788f2c459:s35:t13:a1,1,6cafcd86-5c31-46a7-83e8-471788f2c459:segment1,90,20,2.4594316186372973,315.7894736842105,70.17543859649122,318.1088453260051,5833f780-308c-41c8-947c-f8b38a7cfc05,1,7,0,921.9357851825296,694.4325902100671,960,380.9455773369974,911,700,419842.1999999285,969,410,420145.60000002384,303.40000009536743,true,true,0,969,410,303.40000009536743,0,completed,,,2026-09-26T08:11:25.887Z,2026-09-26T08:11:26.191Z,2026-09-26T08:11:26.191Z,,289,419838.8
1.2.0,6cafcd86-5c31-46a7-83e8-471788f2c459,P002,pilot,pointing-pilot-selected-208-post104-continuous-v4,6f01dd8e6afd67eb78b863696a810bcbdbe09d09487ab1b75dcf1e8e4cb7d335,,"[""C2"",""C3""]",post,C4,4,s36,1,1,1,40,456,0,455,6cafcd86-5c31-46a7-83e8-471788f2c459:s36:t1,6cafcd86-5c31-46a7-83e8-471788f2c459:s36:t1:a1,1,6cafcd86-5c31-46a7-83e8-471788f2c459:segment1,180,10,4.247927513443585,631.578947368421,35.08771929824561,636.2176906520102,5833f780-308c-41c8-947c-f8b38a7cfc05,1,0,6,960,221.8911546739949,1036.1284296349409,848.8651804201343,965,229,422410.10000002384,1036,850,423007.10000002384,597,true,true,0,1036,850,597,0,completed,,,2026-09-26T08:11:28.456Z,2026-09-26T08:11:29.053Z,2026-09-26T08:11:29.053Z,,451,422408.6
1.2.0,6cafcd86-5c31-46a7-83e8-471788f2c459,P002,pilot,pointing-pilot-selected-208-post104-continuous-v4,6f01dd8e6afd67eb78b863696a810bcbdbe09d09487ab1b75dcf1e8e4cb7d335,,"[""C2"",""C3""]",post,C4,4,s36,1,2,2,41,457,1,456,6cafcd86-5c31-46a7-83e8-471788f2c459:s36:t2,6cafcd86-5c31-46a7-83e8-471788f2c459:s36:t2:a1,1,6cafcd86-5c31-46a7-83e8-471788f2c459:segment1,180,10,4.247927513443585,631.578947368421,35.08771929824561,636.2176906520102,5833f780-308c-41c8-947c-f8b38a7cfc05,1,6,12,1036.1284296349409,848.8651804201343,812.1674483449184,258.3286060925038,1036,850,423007.10000002384,800,264,423604.10000002384,597,true,true,0,800,264,597,0,completed,,,2026-09-26T08:11:29.053Z,2026-09-26T08:11:29.650Z,2026-09-26T08:11:29.650Z,,414,423002.4
1.2.0,6cafcd86-5c31-46a7-83e8-471788f2c459,P002,pilot,pointing-pilot-selected-208-post104-continuous-v4,6f01dd8e6afd67eb78b863696a810bcbdbe09d09487ab1b75dcf1e8e4cb7d335,,"[""C2"",""C3""]",post,C4,4,s36,1,3,3,42,458,2,457,6cafcd86-5c31-46a7-83e8-471788f2c459:s36:t3,6cafcd86-5c31-46a7-83e8-471788f2c459:s36:t3:a1,1,6cafcd86-5c31-46a7-83e8-471788f2c459:segment1,180,10,4.247927513443585,631.578947368421,35.08771929824561,636.2176906520102,5833f780-308c-41c8-947c-f8b38a7cfc05,1,12,5,812.1674483449184,258.3286060925038,1170.9451831224903,778.1078898148132,800,264,423604.10000002384,1144,773,424171.1999999285,567.0999999046326,false,true,2,1187,782,1111.7999999523163,544.7000000476837,completed,,,2026-09-26T08:11:29.650Z,2026-09-26T08:11:30.217Z,2026-09-26T08:11:30.761Z,,555,423602.4
1.2.0,6cafcd86-5c31-46a7-83e8-471788f2c459,P002,pilot,pointing-pilot-selected-208-post104-continuous-v4,6f01dd8e6afd67eb78b863696a810bcbdbe09d09487ab1b75dcf1e8e4cb7d335,,"[""C2"",""C3""]",post,C4,4,s36,1,4,4,43,459,3,458,6cafcd86-5c31-46a7-83e8-471788f2c459:s36:t4,6cafcd86-5c31-46a7-83e8-471788f2c459:s36:t4:a1,1,6cafcd86-5c31-46a7-83e8-471788f2c459:segment1,180,10,4.247927513443585,631.578947368421,35.08771929824561,636.2176906520102,5833f780-308c-41c8-947c-f8b38a7cfc05,1,5,11,1170.9451831224903,778.1078898148132,698.201552698637,359.2935793469428,1187,782,424715.89999997616,700,367,425303.89999997616,588,true,true,0,700,367,588,0,completed,,,2026-09-26T08:11:30.761Z,2026-09-26T08:11:31.349Z,2026-09-26T08:11:31.349Z,,519,424711.6
1.2.0,6cafcd86-5c31-46a7-83e8-471788f2c459,P002,pilot,pointing-pilot-selected-208-post104-continuous-v4,6f01dd8e6afd67eb78b863696a810bcbdbe09d09487ab1b75dcf1e8e4cb7d335,,"[""C2"",""C3""]",post,C4,4,s36,1,5,5,44,460,4,459,6cafcd86-5c31-46a7-83e8-471788f2c459:s36:t5,6cafcd86-5c31-46a7-83e8-471788f2c459:s36:t5:a1,1,6cafcd86-5c31-46a7-83e8-471788f2c459:segment1,180,10,4.247927513443585,631.578947368421,35.08771929824561,636.2176906520102,5833f780-308c-41c8-947c-f8b38a7cfc05,1,11,4,698.201552698637,359.2935793469428,1257.436937321717,652.8029511640594,700,367,425303.89999997616,1270,641,425795.89999997616,492,true,true,0,1270,641,492,0,completed,,,2026-09-26T08:11:31.349Z,2026-09-26T08:11:31.841Z,2026-09-26T08:11:31.841Z,,403,425300.998
1.2.0,6cafcd86-5c31-46a7-83e8-471788f2c459,P002,pilot,pointing-pilot-selected-208-post104-continuous-v4,6f01dd8e6afd67eb78b863696a810bcbdbe09d09487ab1b75dcf1e8e4cb7d335,,"[""C2"",""C3""]",post,C4,4,s36,1,6,6,45,461,5,460,6cafcd86-5c31-46a7-83e8-471788f2c459:s36:t6,6cafcd86-5c31-46a7-83e8-471788f2c459:s36:t6:a1,1,6cafcd86-5c31-46a7-83e8-471788f2c459:segment1,180,10,4.247927513443585,631.578947368421,35.08771929824561,636.2176906520102,5833f780-308c-41c8-947c-f8b38a7cfc05,1,4,10,1257.436937321717,652.8029511640594,644.2105263157895,501.65621582454924,1270,641,425795.89999997616,640,497,426364,568.1000000238419,true,true,0,640,497,568.1000000238419,0,completed,,,2026-09-26T08:11:31.841Z,2026-09-26T08:11:32.410Z,2026-09-26T08:11:32.410Z,,400,425790.4
1.2.0,6cafcd86-5c31-46a7-83e8-471788f2c459,P002,pilot,pointing-pilot-selected-208-post104-continuous-v4,6f01dd8e6afd67eb78b863696a810bcbdbe09d09487ab1b75dcf1e8e4cb7d335,,"[""C2"",""C3""]",post,C4,4,s36,1,7,7,46,462,6,461,6cafcd86-5c31-46a7-83e8-471788f2c459:s36:t7,6cafcd86-5c31-46a7-83e8-471788f2c459:s36:t7:a1,1,6cafcd86-5c31-46a7-83e8-471788f2c459:segment1,180,10,4.247927513443585,631.578947368421,35.08771929824561,636.2176906520102,5833f780-308c-41c8-947c-f8b38a7cfc05,1,10,3,644.2105263157895,501.65621582454924,1275.7894736842104,501.65621582454935,640,497,426364,1273,504,426942.6999999285,578.6999999284744,true,true,0,1273,504,578.6999999284744,0,completed,,,2026-09-26T08:11:32.410Z,2026-09-26T08:11:32.988Z,2026-09-26T08:11:32.988Z,,382,426360
1.2.0,6cafcd86-5c31-46a7-83e8-471788f2c459,P002,pilot,pointing-pilot-selected-208-post104-continuous-v4,6f01dd8e6afd67eb78b863696a810bcbdbe09d09487ab1b75dcf1e8e4cb7d335,,"[""C2"",""C3""]",post,C4,4,s36,1,8,8,47,463,7,462,6cafcd86-5c31-46a7-83e8-471788f2c459:s36:t8,6cafcd86-5c31-46a7-83e8-471788f2c459:s36:t8:a1,1,6cafcd86-5c31-46a7-83e8-471788f2c459:segment1,180,10,4.247927513443585,631.578947368421,35.08771929824561,636.2176906520102,5833f780-308c-41c8-947c-f8b38a7cfc05,1,3,9,1275.7894736842104,501.65621582454935,662.5630626782829,652.8029511640596,1273,504,426942.6999999285,664,674,427566.2999999523,623.6000000238419,false,true,1,662,662,843.1000000238419,219.5,completed,,,2026-09-26T08:11:32.988Z,2026-09-26T08:11:33.612Z,2026-09-26T08:11:33.831Z,,450,426941.8
1.2.0,6cafcd86-5c31-46a7-83e8-471788f2c459,P002,pilot,pointing-pilot-selected-208-post104-continuous-v4,6f01dd8e6afd67eb78b863696a810bcbdbe09d09487ab1b75dcf1e8e4cb7d335,,"[""C2"",""C3""]",post,C4,4,s36,1,9,9,48,464,8,463,6cafcd86-5c31-46a7-83e8-471788f2c459:s36:t9,6cafcd86-5c31-46a7-83e8-471788f2c459:s36:t9:a1,1,6cafcd86-5c31-46a7-83e8-471788f2c459:segment1,180,10,4.247927513443585,631.578947368421,35.08771929824561,636.2176906520102,5833f780-308c-41c8-947c-f8b38a7cfc05,1,9,2,662.5630626782829,652.8029511640596,1221.7984473013628,359.29357934694247,662,662,427785.7999999523,1201,361,428453.5,667.7000000476837,false,true,1,1206,360,967.5,299.7999999523163,completed,,,2026-09-26T08:11:33.831Z,2026-09-26T08:11:34.499Z,2026-09-26T08:11:34.799Z,,591,427784.2
1.2.0,6cafcd86-5c31-46a7-83e8-471788f2c459,P002,pilot,pointing-pilot-selected-208-post104-continuous-v4,6f01dd8e6afd67eb78b863696a810bcbdbe09d09487ab1b75dcf1e8e4cb7d335,,"[""C2"",""C3""]",post,C4,4,s36,1,10,10,49,465,9,464,6cafcd86-5c31-46a7-83e8-471788f2c459:s36:t10,6cafcd86-5c31-46a7-83e8-471788f2c459:s36:t10:a1,1,6cafcd86-5c31-46a7-83e8-471788f2c459:segment1,180,10,4.247927513443585,631.578947368421,35.08771929824561,636.2176906520102,5833f780-308c-41c8-947c-f8b38a7cfc05,1,2,8,1221.7984473013628,359.29357934694247,749.0548168775097,778.1078898148132,1206,360,428753.2999999523,733,785,429311.6999999285,558.3999999761581,true,true,0,733,785,558.3999999761581,0,completed,,,2026-09-26T08:11:34.799Z,2026-09-26T08:11:35.357Z,2026-09-26T08:11:35.357Z,,470,428747.9
1.2.0,6cafcd86-5c31-46a7-83e8-471788f2c459,P002,pilot,pointing-pilot-selected-208-post104-continuous-v4,6f01dd8e6afd67eb78b863696a810bcbdbe09d09487ab1b75dcf1e8e4cb7d335,,"[""C2"",""C3""]",post,C4,4,s36,1,11,11,50,466,10,465,6cafcd86-5c31-46a7-83e8-471788f2c459:s36:t11,6cafcd86-5c31-46a7-83e8-471788f2c459:s36:t11:a1,1,6cafcd86-5c31-46a7-83e8-471788f2c459:segment1,180,10,4.247927513443585,631.578947368421,35.08771929824561,636.2176906520102,5833f780-308c-41c8-947c-f8b38a7cfc05,1,8,1,749.0548168775097,778.1078898148132,1107.8325516550817,258.32860609250383,733,785,429311.6999999285,1107,258,429976.10000002384,664.4000000953674,true,true,0,1107,258,664.4000000953674,0,completed,,,2026-09-26T08:11:35.357Z,2026-09-26T08:11:36.022Z,2026-09-26T08:11:36.022Z,,605,429311.5
1.2.0,6cafcd86-5c31-46a7-83e8-471788f2c459,P002,pilot,pointing-pilot-selected-208-post104-continuous-v4,6f01dd8e6afd67eb78b863696a810bcbdbe09d09487ab1b75dcf1e8e4cb7d335,,"[""C2"",""C3""]",post,C4,4,s36,1,12,12,51,467,11,466,6cafcd86-5c31-46a7-83e8-471788f2c459:s36:t12,6cafcd86-5c31-46a7-83e8-471788f2c459:s36:t12:a1,1,6cafcd86-5c31-46a7-83e8-471788f2c459:segment1,180,10,4.247927513443585,631.578947368421,35.08771929824561,636.2176906520102,5833f780-308c-41c8-947c-f8b38a7cfc05,1,1,7,1107.8325516550817,258.32860609250383,883.8715703650593,848.8651804201343,1107,258,429976.10000002384,881,818,430506.10000002384,530,false,true,2,882,857,1198.2999999523163,668.2999999523163,completed,,,2026-09-26T08:11:36.022Z,2026-09-26T08:11:36.552Z,2026-09-26T08:11:37.220Z,,675,429978.2
1.2.0,6cafcd86-5c31-46a7-83e8-471788f2c459,P002,pilot,pointing-pilot-selected-208-post104-continuous-v4,6f01dd8e6afd67eb78b863696a810bcbdbe09d09487ab1b75dcf1e8e4cb7d335,,"[""C2"",""C3""]",post,C4,4,s36,1,13,13,52,468,12,467,6cafcd86-5c31-46a7-83e8-471788f2c459:s36:t13,6cafcd86-5c31-46a7-83e8-471788f2c459:s36:t13:a1,1,6cafcd86-5c31-46a7-83e8-471788f2c459:segment1,180,10,4.247927513443585,631.578947368421,35.08771929824561,636.2176906520102,5833f780-308c-41c8-947c-f8b38a7cfc05,1,7,0,883.8715703650593,848.8651804201343,960,221.8911546739949,882,857,431174.39999997616,957,212,431700.1999999285,525.7999999523163,true,true,0,957,212,525.7999999523163,0,completed,,,2026-09-26T08:11:37.220Z,2026-09-26T08:11:37.746Z,2026-09-26T08:11:37.746Z,,437,431178.2
1.2.0,6cafcd86-5c31-46a7-83e8-471788f2c459,P002,pilot,pointing-pilot-selected-208-post104-continuous-v4,6f01dd8e6afd67eb78b863696a810bcbdbe09d09487ab1b75dcf1e8e4cb7d335,,"[""C2"",""C3""]",post,C4,1,s37,2,1,14,53,469,13,468,6cafcd86-5c31-46a7-83e8-471788f2c459:s37:t1,6cafcd86-5c31-46a7-83e8-471788f2c459:s37:t1:a1,1,6cafcd86-5c31-46a7-83e8-471788f2c459:segment1,180,10,4.247927513443585,631.578947368421,35.08771929824561,636.2176906520102,5833f780-308c-41c8-947c-f8b38a7cfc05,1,0,6,960,221.8911546739949,1036.1284296349409,848.8651804201343,957,212,431700.1999999285,1033,850,432294.6999999285,594.5,true,true,0,1033,850,594.5,0,completed,,,2026-09-26T08:11:37.746Z,2026-09-26T08:11:38.340Z,2026-09-26T08:11:38.340Z,,444,431705.5
1.2.0,6cafcd86-5c31-46a7-83e8-471788f2c459,P002,pilot,pointing-pilot-selected-208-post104-continuous-v4,6f01dd8e6afd67eb78b863696a810bcbdbe09d09487ab1b75dcf1e8e4cb7d335,,"[""C2"",""C3""]",post,C4,1,s37,2,2,15,54,470,14,469,6cafcd86-5c31-46a7-83e8-471788f2c459:s37:t2,6cafcd86-5c31-46a7-83e8-471788f2c459:s37:t2:a1,1,6cafcd86-5c31-46a7-83e8-471788f2c459:segment1,180,10,4.247927513443585,631.578947368421,35.08771929824561,636.2176906520102,5833f780-308c-41c8-947c-f8b38a7cfc05,1,6,12,1036.1284296349409,848.8651804201343,812.1674483449184,258.3286060925038,1033,850,432294.6999999285,812,266,432913,618.3000000715256,true,true,0,812,266,618.3000000715256,0,completed,,,2026-09-26T08:11:38.340Z,2026-09-26T08:11:38.959Z,2026-09-26T08:11:38.959Z,,458,432299.4
1.2.0,6cafcd86-5c31-46a7-83e8-471788f2c459,P002,pilot,pointing-pilot-selected-208-post104-continuous-v4,6f01dd8e6afd67eb78b863696a810bcbdbe09d09487ab1b75dcf1e8e4cb7d335,,"[""C2"",""C3""]",post,C4,1,s37,2,3,16,55,471,15,470,6cafcd86-5c31-46a7-83e8-471788f2c459:s37:t3,6cafcd86-5c31-46a7-83e8-471788f2c459:s37:t3:a1,1,6cafcd86-5c31-46a7-83e8-471788f2c459:segment1,180,10,4.247927513443585,631.578947368421,35.08771929824561,636.2176906520102,5833f780-308c-41c8-947c-f8b38a7cfc05,1,12,5,812.1674483449184,258.3286060925038,1170.9451831224903,778.1078898148132,812,266,432913,1157,766,433435.5,522.5,false,true,2,1172,773,2239.7999999523163,1717.2999999523163,completed,,,2026-09-26T08:11:38.959Z,2026-09-26T08:11:39.481Z,2026-09-26T08:11:41.198Z,,1910,432917.6
1.2.0,6cafcd86-5c31-46a7-83e8-471788f2c459,P002,pilot,pointing-pilot-selected-208-post104-continuous-v4,6f01dd8e6afd67eb78b863696a810bcbdbe09d09487ab1b75dcf1e8e4cb7d335,,"[""C2"",""C3""]",post,C4,1,s37,2,4,17,56,472,16,471,6cafcd86-5c31-46a7-83e8-471788f2c459:s37:t4,6cafcd86-5c31-46a7-83e8-471788f2c459:s37:t4:a1,1,6cafcd86-5c31-46a7-83e8-471788f2c459:segment1,180,10,4.247927513443585,631.578947368421,35.08771929824561,636.2176906520102,5833f780-308c-41c8-947c-f8b38a7cfc05,1,5,11,1170.9451831224903,778.1078898148132,698.201552698637,359.2935793469428,1172,773,435152.7999999523,690,335,435617.2999999523,464.5,false,true,1,694,356,657.2000000476837,192.70000004768372,completed,,,2026-09-26T08:11:41.198Z,2026-09-26T08:11:41.663Z,2026-09-26T08:11:41.856Z,,439,435154
1.2.0,6cafcd86-5c31-46a7-83e8-471788f2c459,P002,pilot,pointing-pilot-selected-208-post104-continuous-v4,6f01dd8e6afd67eb78b863696a810bcbdbe09d09487ab1b75dcf1e8e4cb7d335,,"[""C2"",""C3""]",post,C4,1,s37,2,5,18,57,473,17,472,6cafcd86-5c31-46a7-83e8-471788f2c459:s37:t5,6cafcd86-5c31-46a7-83e8-471788f2c459:s37:t5:a1,1,6cafcd86-5c31-46a7-83e8-471788f2c459:segment1,180,10,4.247927513443585,631.578947368421,35.08771929824561,636.2176906520102,5833f780-308c-41c8-947c-f8b38a7cfc05,1,11,4,698.201552698637,359.2935793469428,1257.436937321717,652.8029511640594,694,356,435810,1256,656,436366.10000002384,556.1000000238419,true,true,0,1256,656,556.1000000238419,0,completed,,,2026-09-26T08:11:41.856Z,2026-09-26T08:11:42.412Z,2026-09-26T08:11:42.412Z,,453,435808.5
1.2.0,6cafcd86-5c31-46a7-83e8-471788f2c459,P002,pilot,pointing-pilot-selected-208-post104-continuous-v4,6f01dd8e6afd67eb78b863696a810bcbdbe09d09487ab1b75dcf1e8e4cb7d335,,"[""C2"",""C3""]",post,C4,1,s37,2,6,19,58,474,18,473,6cafcd86-5c31-46a7-83e8-471788f2c459:s37:t6,6cafcd86-5c31-46a7-83e8-471788f2c459:s37:t6:a1,1,6cafcd86-5c31-46a7-83e8-471788f2c459:segment1,180,10,4.247927513443585,631.578947368421,35.08771929824561,636.2176906520102,5833f780-308c-41c8-947c-f8b38a7cfc05,1,4,10,1257.436937321717,652.8029511640594,644.2105263157895,501.65621582454924,1256,656,436366.10000002384,616,504,436847.39999997616,481.2999999523163,false,true,2,651,492,1039.5999999046326,558.2999999523163,completed,,,2026-09-26T08:11:42.412Z,2026-09-26T08:11:42.893Z,2026-09-26T08:11:43.451Z,,585,436366.1
1.2.0,6cafcd86-5c31-46a7-83e8-471788f2c459,P002,pilot,pointing-pilot-selected-208-post104-continuous-v4,6f01dd8e6afd67eb78b863696a810bcbdbe09d09487ab1b75dcf1e8e4cb7d335,,"[""C2"",""C3""]",post,C4,1,s37,2,7,20,59,475,19,474,6cafcd86-5c31-46a7-83e8-471788f2c459:s37:t7,6cafcd86-5c31-46a7-83e8-471788f2c459:s37:t7:a1,1,6cafcd86-5c31-46a7-83e8-471788f2c459:segment1,180,10,4.247927513443585,631.578947368421,35.08771929824561,636.2176906520102,5833f780-308c-41c8-947c-f8b38a7cfc05,1,10,3,644.2105263157895,501.65621582454924,1275.7894736842104,501.65621582454935,651,492,437405.6999999285,1276,481,437955.6999999285,550,false,true,2,1270,512,1585.2000000476837,1035.2000000476837,completed,,,2026-09-26T08:11:43.451Z,2026-09-26T08:11:44.001Z,2026-09-26T08:11:45.036Z,,1128,437405.432
1.2.0,6cafcd86-5c31-46a7-83e8-471788f2c459,P002,pilot,pointing-pilot-selected-208-post104-continuous-v4,6f01dd8e6afd67eb78b863696a810bcbdbe09d09487ab1b75dcf1e8e4cb7d335,,"[""C2"",""C3""]",post,C4,1,s37,2,8,21,60,476,20,475,6cafcd86-5c31-46a7-83e8-471788f2c459:s37:t8,6cafcd86-5c31-46a7-83e8-471788f2c459:s37:t8:a1,1,6cafcd86-5c31-46a7-83e8-471788f2c459:segment1,180,10,4.247927513443585,631.578947368421,35.08771929824561,636.2176906520102,5833f780-308c-41c8-947c-f8b38a7cfc05,1,3,9,1275.7894736842104,501.65621582454935,662.5630626782829,652.8029511640596,1270,512,438990.89999997616,644,655,439476.10000002384,485.2000000476837,false,true,1,679,647,1159.7000000476837,674.5,completed,,,2026-09-26T08:11:45.036Z,2026-09-26T08:11:45.522Z,2026-09-26T08:11:46.196Z,,1179,438990.2
1.2.0,6cafcd86-5c31-46a7-83e8-471788f2c459,P002,pilot,pointing-pilot-selected-208-post104-continuous-v4,6f01dd8e6afd67eb78b863696a810bcbdbe09d09487ab1b75dcf1e8e4cb7d335,,"[""C2"",""C3""]",post,C4,1,s37,2,9,22,61,477,21,476,6cafcd86-5c31-46a7-83e8-471788f2c459:s37:t9,6cafcd86-5c31-46a7-83e8-471788f2c459:s37:t9:a1,1,6cafcd86-5c31-46a7-83e8-471788f2c459:segment1,180,10,4.247927513443585,631.578947368421,35.08771929824561,636.2176906520102,5833f780-308c-41c8-947c-f8b38a7cfc05,1,9,2,662.5630626782829,652.8029511640596,1221.7984473013628,359.29357934694247,679,647,440150.60000002384,1219,371,440756,605.3999999761581,true,true,0,1219,371,605.3999999761581,0,completed,,,2026-09-26T08:11:46.196Z,2026-09-26T08:11:46.802Z,2026-09-26T08:11:46.802Z,,430,440150.932
1.2.0,6cafcd86-5c31-46a7-83e8-471788f2c459,P002,pilot,pointing-pilot-selected-208-post104-continuous-v4,6f01dd8e6afd67eb78b863696a810bcbdbe09d09487ab1b75dcf1e8e4cb7d335,,"[""C2"",""C3""]",post,C4,1,s37,2,10,23,62,478,22,477,6cafcd86-5c31-46a7-83e8-471788f2c459:s37:t10,6cafcd86-5c31-46a7-83e8-471788f2c459:s37:t10:a1,1,6cafcd86-5c31-46a7-83e8-471788f2c459:segment1,180,10,4.247927513443585,631.578947368421,35.08771929824561,636.2176906520102,5833f780-308c-41c8-947c-f8b38a7cfc05,1,2,8,1221.7984473013628,359.29357934694247,749.0548168775097,778.1078898148132,1219,371,440756,732,790,441370.60000002384,614.6000000238419,false,true,1,751,784,846.3999999761581,231.79999995231628,completed,,,2026-09-26T08:11:46.802Z,2026-09-26T08:11:47.416Z,2026-09-26T08:11:47.648Z,,635,440760
1.2.0,6cafcd86-5c31-46a7-83e8-471788f2c459,P002,pilot,pointing-pilot-selected-208-post104-continuous-v4,6f01dd8e6afd67eb78b863696a810bcbdbe09d09487ab1b75dcf1e8e4cb7d335,,"[""C2"",""C3""]",post,C4,1,s37,2,11,24,63,479,23,478,6cafcd86-5c31-46a7-83e8-471788f2c459:s37:t11,6cafcd86-5c31-46a7-83e8-471788f2c459:s37:t11:a1,1,6cafcd86-5c31-46a7-83e8-471788f2c459:segment1,180,10,4.247927513443585,631.578947368421,35.08771929824561,636.2176906520102,5833f780-308c-41c8-947c-f8b38a7cfc05,1,8,1,749.0548168775097,778.1078898148132,1107.8325516550817,258.32860609250383,751,784,441602.39999997616,1105,260,442160,557.6000000238419,true,true,0,1105,260,557.6000000238419,0,completed,,,2026-09-26T08:11:47.648Z,2026-09-26T08:11:48.206Z,2026-09-26T08:11:48.206Z,,475,441602.4
1.2.0,6cafcd86-5c31-46a7-83e8-471788f2c459,P002,pilot,pointing-pilot-selected-208-post104-continuous-v4,6f01dd8e6afd67eb78b863696a810bcbdbe09d09487ab1b75dcf1e8e4cb7d335,,"[""C2"",""C3""]",post,C4,1,s37,2,12,25,64,480,24,479,6cafcd86-5c31-46a7-83e8-471788f2c459:s37:t12,6cafcd86-5c31-46a7-83e8-471788f2c459:s37:t12:a1,1,6cafcd86-5c31-46a7-83e8-471788f2c459:segment1,180,10,4.247927513443585,631.578947368421,35.08771929824561,636.2176906520102,5833f780-308c-41c8-947c-f8b38a7cfc05,1,1,7,1107.8325516550817,258.32860609250383,883.8715703650593,848.8651804201343,1105,260,442160,865,845,442744,584,false,true,1,882,851,1287.6999999284744,703.6999999284744,completed,,,2026-09-26T08:11:48.206Z,2026-09-26T08:11:48.790Z,2026-09-26T08:11:49.493Z,,992,442160
1.2.0,6cafcd86-5c31-46a7-83e8-471788f2c459,P002,pilot,pointing-pilot-selected-208-post104-continuous-v4,6f01dd8e6afd67eb78b863696a810bcbdbe09d09487ab1b75dcf1e8e4cb7d335,,"[""C2"",""C3""]",post,C4,1,s37,2,13,26,65,481,25,480,6cafcd86-5c31-46a7-83e8-471788f2c459:s37:t13,6cafcd86-5c31-46a7-83e8-471788f2c459:s37:t13:a1,1,6cafcd86-5c31-46a7-83e8-471788f2c459:segment1,180,10,4.247927513443585,631.578947368421,35.08771929824561,636.2176906520102,5833f780-308c-41c8-947c-f8b38a7cfc05,1,7,0,883.8715703650593,848.8651804201343,960,221.8911546739949,882,851,443447.6999999285,962,212,444112.60000002384,664.9000000953674,true,true,0,962,212,664.9000000953674,0,completed,,,2026-09-26T08:11:49.493Z,2026-09-26T08:11:50.158Z,2026-09-26T08:11:50.158Z,,630,443444.8
1.2.0,6cafcd86-5c31-46a7-83e8-471788f2c459,P002,pilot,pointing-pilot-selected-208-post104-continuous-v4,6f01dd8e6afd67eb78b863696a810bcbdbe09d09487ab1b75dcf1e8e4cb7d335,,"[""C2"",""C3""]",post,C1,2,s38,2,1,14,66,482,13,481,6cafcd86-5c31-46a7-83e8-471788f2c459:s38:t1,6cafcd86-5c31-46a7-83e8-471788f2c459:s38:t1:a1,1,6cafcd86-5c31-46a7-83e8-471788f2c459:segment1,90,20,2.4594316186372973,315.7894736842105,70.17543859649122,318.1088453260051,5833f780-308c-41c8-947c-f8b38a7cfc05,1,0,6,960,380.9455773369974,998.0642148174704,694.4325902100671,970,365,445437.60000002384,1009,696,445789.39999997616,351.7999999523163,true,true,0,1009,696,351.7999999523163,0,completed,,,2026-09-26T08:11:51.483Z,2026-09-26T08:11:51.835Z,2026-09-26T08:11:51.835Z,,324,445438.7
1.2.0,6cafcd86-5c31-46a7-83e8-471788f2c459,P002,pilot,pointing-pilot-selected-208-post104-continuous-v4,6f01dd8e6afd67eb78b863696a810bcbdbe09d09487ab1b75dcf1e8e4cb7d335,,"[""C2"",""C3""]",post,C1,2,s38,2,2,15,67,483,14,482,6cafcd86-5c31-46a7-83e8-471788f2c459:s38:t2,6cafcd86-5c31-46a7-83e8-471788f2c459:s38:t2:a1,1,6cafcd86-5c31-46a7-83e8-471788f2c459:segment1,90,20,2.4594316186372973,315.7894736842105,70.17543859649122,318.1088453260051,5833f780-308c-41c8-947c-f8b38a7cfc05,1,6,12,998.0642148174704,694.4325902100671,886.0837241724593,399.1643030462519,1009,696,445789.39999997616,899,424,446103.39999997616,314,true,true,0,899,424,314,0,completed,,,2026-09-26T08:11:51.835Z,2026-09-26T08:11:52.149Z,2026-09-26T08:11:52.149Z,,290,445784.2
1.2.0,6cafcd86-5c31-46a7-83e8-471788f2c459,P002,pilot,pointing-pilot-selected-208-post104-continuous-v4,6f01dd8e6afd67eb78b863696a810bcbdbe09d09487ab1b75dcf1e8e4cb7d335,,"[""C2"",""C3""]",post,C1,2,s38,2,3,16,68,484,15,483,6cafcd86-5c31-46a7-83e8-471788f2c459:s38:t3,6cafcd86-5c31-46a7-83e8-471788f2c459:s38:t3:a1,1,6cafcd86-5c31-46a7-83e8-471788f2c459:segment1,90,20,2.4594316186372973,315.7894736842105,70.17543859649122,318.1088453260051,5833f780-308c-41c8-947c-f8b38a7cfc05,1,12,5,886.0837241724593,399.1643030462519,1065.4725915612453,659.0539449074066,899,424,446103.39999997616,1066,683,446424.10000002384,320.7000000476837,true,true,0,1066,683,320.7000000476837,0,completed,,,2026-09-26T08:11:52.149Z,2026-09-26T08:11:52.470Z,2026-09-26T08:11:52.470Z,,295,446099.4
1.2.0,6cafcd86-5c31-46a7-83e8-471788f2c459,P002,pilot,pointing-pilot-selected-208-post104-continuous-v4,6f01dd8e6afd67eb78b863696a810bcbdbe09d09487ab1b75dcf1e8e4cb7d335,,"[""C2"",""C3""]",post,C1,2,s38,2,4,17,69,485,16,484,6cafcd86-5c31-46a7-83e8-471788f2c459:s38:t4,6cafcd86-5c31-46a7-83e8-471788f2c459:s38:t4:a1,1,6cafcd86-5c31-46a7-83e8-471788f2c459:segment1,90,20,2.4594316186372973,315.7894736842105,70.17543859649122,318.1088453260051,5833f780-308c-41c8-947c-f8b38a7cfc05,1,5,11,1065.4725915612453,659.0539449074066,829.1007763493185,449.6467896734714,1066,683,446424.10000002384,835,461,446753.5,329.39999997615814,true,true,0,835,461,329.39999997615814,0,completed,,,2026-09-26T08:11:52.470Z,2026-09-26T08:11:52.799Z,2026-09-26T08:11:52.799Z,,324,446420.6
1.2.0,6cafcd86-5c31-46a7-83e8-471788f2c459,P002,pilot,pointing-pilot-selected-208-post104-continuous-v4,6f01dd8e6afd67eb78b863696a810bcbdbe09d09487ab1b75dcf1e8e4cb7d335,,"[""C2"",""C3""]",post,C1,2,s38,2,5,18,70,486,17,485,6cafcd86-5c31-46a7-83e8-471788f2c459:s38:t5,6cafcd86-5c31-46a7-83e8-471788f2c459:s38:t5:a1,1,6cafcd86-5c31-46a7-83e8-471788f2c459:segment1,90,20,2.4594316186372973,315.7894736842105,70.17543859649122,318.1088453260051,5833f780-308c-41c8-947c-f8b38a7cfc05,1,11,4,829.1007763493185,449.6467896734714,1108.7184686608584,596.4014755820297,835,461,446753.5,1077,590,447039.2999999523,285.7999999523163,true,true,0,1077,590,285.7999999523163,0,completed,,,2026-09-26T08:11:52.799Z,2026-09-26T08:11:53.085Z,2026-09-26T08:11:53.085Z,,228,446753.9
1.2.0,6cafcd86-5c31-46a7-83e8-471788f2c459,P002,pilot,pointing-pilot-selected-208-post104-continuous-v4,6f01dd8e6afd67eb78b863696a810bcbdbe09d09487ab1b75dcf1e8e4cb7d335,,"[""C2"",""C3""]",post,C1,2,s38,2,6,19,71,487,18,486,6cafcd86-5c31-46a7-83e8-471788f2c459:s38:t6,6cafcd86-5c31-46a7-83e8-471788f2c459:s38:t6:a1,1,6cafcd86-5c31-46a7-83e8-471788f2c459:segment1,90,20,2.4594316186372973,315.7894736842105,70.17543859649122,318.1088453260051,5833f780-308c-41c8-947c-f8b38a7cfc05,1,4,10,1108.7184686608584,596.4014755820297,802.1052631578948,520.8281079122746,1077,590,447039.2999999523,801,506,447368.89999997616,329.60000002384186,true,true,0,801,506,329.60000002384186,0,completed,,,2026-09-26T08:11:53.085Z,2026-09-26T08:11:53.414Z,2026-09-26T08:11:53.414Z,,258,447038.764
1.2.0,6cafcd86-5c31-46a7-83e8-471788f2c459,P002,pilot,pointing-pilot-selected-208-post104-continuous-v4,6f01dd8e6afd67eb78b863696a810bcbdbe09d09487ab1b75dcf1e8e4cb7d335,,"[""C2"",""C3""]",post,C1,2,s38,2,7,20,72,488,19,487,6cafcd86-5c31-46a7-83e8-471788f2c459:s38:t7,6cafcd86-5c31-46a7-83e8-471788f2c459:s38:t7:a1,1,6cafcd86-5c31-46a7-83e8-471788f2c459:segment1,90,20,2.4594316186372973,315.7894736842105,70.17543859649122,318.1088453260051,5833f780-308c-41c8-947c-f8b38a7cfc05,1,10,3,802.1052631578948,520.8281079122746,1117.8947368421052,520.8281079122746,801,506,447368.89999997616,1129,518,447672.1999999285,303.2999999523163,true,true,0,1129,518,303.2999999523163,0,completed,,,2026-09-26T08:11:53.414Z,2026-09-26T08:11:53.718Z,2026-09-26T08:11:53.718Z,,227,447366
1.2.0,6cafcd86-5c31-46a7-83e8-471788f2c459,P002,pilot,pointing-pilot-selected-208-post104-continuous-v4,6f01dd8e6afd67eb78b863696a810bcbdbe09d09487ab1b75dcf1e8e4cb7d335,,"[""C2"",""C3""]",post,C1,2,s38,2,8,21,73,489,20,488,6cafcd86-5c31-46a7-83e8-471788f2c459:s38:t8,6cafcd86-5c31-46a7-83e8-471788f2c459:s38:t8:a1,1,6cafcd86-5c31-46a7-83e8-471788f2c459:segment1,90,20,2.4594316186372973,315.7894736842105,70.17543859649122,318.1088453260051,5833f780-308c-41c8-947c-f8b38a7cfc05,1,3,9,1117.8947368421052,520.8281079122746,811.2815313391415,596.4014755820298,1129,518,447672.1999999285,833,567,447992.5,320.3000000715256,false,true,1,819,596,902.8000000715256,582.5,completed,,,2026-09-26T08:11:53.718Z,2026-09-26T08:11:54.038Z,2026-09-26T08:11:54.621Z,,681,447670.598
1.2.0,6cafcd86-5c31-46a7-83e8-471788f2c459,P002,pilot,pointing-pilot-selected-208-post104-continuous-v4,6f01dd8e6afd67eb78b863696a810bcbdbe09d09487ab1b75dcf1e8e4cb7d335,,"[""C2"",""C3""]",post,C1,2,s38,2,9,22,74,490,21,489,6cafcd86-5c31-46a7-83e8-471788f2c459:s38:t9,6cafcd86-5c31-46a7-83e8-471788f2c459:s38:t9:a1,1,6cafcd86-5c31-46a7-83e8-471788f2c459:segment1,90,20,2.4594316186372973,315.7894736842105,70.17543859649122,318.1088453260051,5833f780-308c-41c8-947c-f8b38a7cfc05,1,9,2,811.2815313391415,596.4014755820298,1090.8992236506815,449.64678967347123,819,596,448575,1089,449,448893.89999997616,318.89999997615814,true,true,0,1089,449,318.89999997615814,0,completed,,,2026-09-26T08:11:54.621Z,2026-09-26T08:11:54.940Z,2026-09-26T08:11:54.940Z,,281,448572
1.2.0,6cafcd86-5c31-46a7-83e8-471788f2c459,P002,pilot,pointing-pilot-selected-208-post104-continuous-v4,6f01dd8e6afd67eb78b863696a810bcbdbe09d09487ab1b75dcf1e8e4cb7d335,,"[""C2"",""C3""]",post,C1,2,s38,2,10,23,75,491,22,490,6cafcd86-5c31-46a7-83e8-471788f2c459:s38:t10,6cafcd86-5c31-46a7-83e8-471788f2c459:s38:t10:a1,1,6cafcd86-5c31-46a7-83e8-471788f2c459:segment1,90,20,2.4594316186372973,315.7894736842105,70.17543859649122,318.1088453260051,5833f780-308c-41c8-947c-f8b38a7cfc05,1,2,8,1090.8992236506815,449.64678967347123,854.5274084387548,659.0539449074066,1089,449,448893.89999997616,850,675,449236.1999999285,342.2999999523163,true,true,0,850,675,342.2999999523163,0,completed,,,2026-09-26T08:11:54.940Z,2026-09-26T08:11:55.282Z,2026-09-26T08:11:55.282Z,,312,448893.3
1.2.0,6cafcd86-5c31-46a7-83e8-471788f2c459,P002,pilot,pointing-pilot-selected-208-post104-continuous-v4,6f01dd8e6afd67eb78b863696a810bcbdbe09d09487ab1b75dcf1e8e4cb7d335,,"[""C2"",""C3""]",post,C1,2,s38,2,11,24,76,492,23,491,6cafcd86-5c31-46a7-83e8-471788f2c459:s38:t11,6cafcd86-5c31-46a7-83e8-471788f2c459:s38:t11:a1,1,6cafcd86-5c31-46a7-83e8-471788f2c459:segment1,90,20,2.4594316186372973,315.7894736842105,70.17543859649122,318.1088453260051,5833f780-308c-41c8-947c-f8b38a7cfc05,1,8,1,854.5274084387548,659.0539449074066,1033.9162758275409,399.1643030462519,850,675,449236.1999999285,1018,426,449560.7999999523,324.60000002384186,true,true,0,1018,426,324.60000002384186,0,completed,,,2026-09-26T08:11:55.282Z,2026-09-26T08:11:55.606Z,2026-09-26T08:11:55.606Z,,291,449232.7
1.2.0,6cafcd86-5c31-46a7-83e8-471788f2c459,P002,pilot,pointing-pilot-selected-208-post104-continuous-v4,6f01dd8e6afd67eb78b863696a810bcbdbe09d09487ab1b75dcf1e8e4cb7d335,,"[""C2"",""C3""]",post,C1,2,s38,2,12,25,77,493,24,492,6cafcd86-5c31-46a7-83e8-471788f2c459:s38:t12,6cafcd86-5c31-46a7-83e8-471788f2c459:s38:t12:a1,1,6cafcd86-5c31-46a7-83e8-471788f2c459:segment1,90,20,2.4594316186372973,315.7894736842105,70.17543859649122,318.1088453260051,5833f780-308c-41c8-947c-f8b38a7cfc05,1,1,7,1033.9162758275409,399.1643030462519,921.9357851825296,694.4325902100671,1018,426,449560.7999999523,922,714,449923.5,362.7000000476837,true,true,0,922,714,362.7000000476837,0,completed,,,2026-09-26T08:11:55.606Z,2026-09-26T08:11:55.969Z,2026-09-26T08:11:55.969Z,,299,449566
1.2.0,6cafcd86-5c31-46a7-83e8-471788f2c459,P002,pilot,pointing-pilot-selected-208-post104-continuous-v4,6f01dd8e6afd67eb78b863696a810bcbdbe09d09487ab1b75dcf1e8e4cb7d335,,"[""C2"",""C3""]",post,C1,2,s38,2,13,26,78,494,25,493,6cafcd86-5c31-46a7-83e8-471788f2c459:s38:t13,6cafcd86-5c31-46a7-83e8-471788f2c459:s38:t13:a1,1,6cafcd86-5c31-46a7-83e8-471788f2c459:segment1,90,20,2.4594316186372973,315.7894736842105,70.17543859649122,318.1088453260051,5833f780-308c-41c8-947c-f8b38a7cfc05,1,7,0,921.9357851825296,694.4325902100671,960,380.9455773369974,922,714,449923.5,964,389,450252,328.5,true,true,0,964,389,328.5,0,completed,,,2026-09-26T08:11:55.969Z,2026-09-26T08:11:56.298Z,2026-09-26T08:11:56.298Z,,324,449923.6
1.2.0,6cafcd86-5c31-46a7-83e8-471788f2c459,P002,pilot,pointing-pilot-selected-208-post104-continuous-v4,6f01dd8e6afd67eb78b863696a810bcbdbe09d09487ab1b75dcf1e8e4cb7d335,,"[""C2"",""C3""]",post,C3,3,s39,2,1,14,79,495,221,494,6cafcd86-5c31-46a7-83e8-471788f2c459:s39:t1,6cafcd86-5c31-46a7-83e8-471788f2c459:s39:t1:a1,1,6cafcd86-5c31-46a7-83e8-471788f2c459:segment1,180,20,3.321928094887362,631.578947368421,70.17543859649122,636.2176906520102,5833f780-308c-41c8-947c-f8b38a7cfc05,1,0,6,960,221.8911546739949,1036.1284296349409,848.8651804201343,972,210,451570.6999999285,1031,716,451932.60000002384,361.90000009536743,false,true,1,1031,852,572.3000000715256,210.39999997615814,completed,,,2026-09-26T08:11:57.616Z,2026-09-26T08:11:57.978Z,2026-09-26T08:11:58.189Z,,473,451566
1.2.0,6cafcd86-5c31-46a7-83e8-471788f2c459,P002,pilot,pointing-pilot-selected-208-post104-continuous-v4,6f01dd8e6afd67eb78b863696a810bcbdbe09d09487ab1b75dcf1e8e4cb7d335,,"[""C2"",""C3""]",post,C3,3,s39,2,2,15,80,496,222,495,6cafcd86-5c31-46a7-83e8-471788f2c459:s39:t2,6cafcd86-5c31-46a7-83e8-471788f2c459:s39:t2:a1,1,6cafcd86-5c31-46a7-83e8-471788f2c459:segment1,180,20,3.321928094887362,631.578947368421,70.17543859649122,636.2176906520102,5833f780-308c-41c8-947c-f8b38a7cfc05,1,6,12,1036.1284296349409,848.8651804201343,812.1674483449184,258.3286060925038,1031,852,452143,853,281,452548.6999999285,405.6999999284744,false,true,1,816,264,615.3999999761581,209.70000004768372,completed,,,2026-09-26T08:11:58.189Z,2026-09-26T08:11:58.594Z,2026-09-26T08:11:58.804Z,,491,452147.9
1.2.0,6cafcd86-5c31-46a7-83e8-471788f2c459,P002,pilot,pointing-pilot-selected-208-post104-continuous-v4,6f01dd8e6afd67eb78b863696a810bcbdbe09d09487ab1b75dcf1e8e4cb7d335,,"[""C2"",""C3""]",post,C3,3,s39,2,3,16,81,497,223,496,6cafcd86-5c31-46a7-83e8-471788f2c459:s39:t3,6cafcd86-5c31-46a7-83e8-471788f2c459:s39:t3:a1,1,6cafcd86-5c31-46a7-83e8-471788f2c459:segment1,180,20,3.321928094887362,631.578947368421,70.17543859649122,636.2176906520102,5833f780-308c-41c8-947c-f8b38a7cfc05,1,12,5,812.1674483449184,258.3286060925038,1170.9451831224903,778.1078898148132,816,264,452758.39999997616,1185,778,453212.7999999523,454.39999997615814,true,true,0,1185,778,454.39999997615814,0,completed,,,2026-09-26T08:11:58.804Z,2026-09-26T08:11:59.258Z,2026-09-26T08:11:59.258Z,,401,452753.9
1.2.0,6cafcd86-5c31-46a7-83e8-471788f2c459,P002,pilot,pointing-pilot-selected-208-post104-continuous-v4,6f01dd8e6afd67eb78b863696a810bcbdbe09d09487ab1b75dcf1e8e4cb7d335,,"[""C2"",""C3""]",post,C3,3,s39,2,4,17,82,498,224,497,6cafcd86-5c31-46a7-83e8-471788f2c459:s39:t4,6cafcd86-5c31-46a7-83e8-471788f2c459:s39:t4:a1,1,6cafcd86-5c31-46a7-83e8-471788f2c459:segment1,180,20,3.321928094887362,631.578947368421,70.17543859649122,636.2176906520102,5833f780-308c-41c8-947c-f8b38a7cfc05,1,5,11,1170.9451831224903,778.1078898148132,698.201552698637,359.2935793469428,1185,778,453212.7999999523,697,370,453861.10000002384,648.3000000715256,true,true,0,697,370,648.3000000715256,0,completed,,,2026-09-26T08:11:59.258Z,2026-09-26T08:11:59.907Z,2026-09-26T08:11:59.907Z,,652,453208.4
1.2.0,6cafcd86-5c31-46a7-83e8-471788f2c459,P002,pilot,pointing-pilot-selected-208-post104-continuous-v4,6f01dd8e6afd67eb78b863696a810bcbdbe09d09487ab1b75dcf1e8e4cb7d335,,"[""C2"",""C3""]",post,C3,3,s39,2,5,18,83,499,225,498,6cafcd86-5c31-46a7-83e8-471788f2c459:s39:t5,6cafcd86-5c31-46a7-83e8-471788f2c459:s39:t5:a1,1,6cafcd86-5c31-46a7-83e8-471788f2c459:segment1,180,20,3.321928094887362,631.578947368421,70.17543859649122,636.2176906520102,5833f780-308c-41c8-947c-f8b38a7cfc05,1,11,4,698.201552698637,359.2935793469428,1257.436937321717,652.8029511640594,697,370,453861.10000002384,1261,640,454295.5,434.39999997615814,true,true,0,1261,640,434.39999997615814,0,completed,,,2026-09-26T08:11:59.907Z,2026-09-26T08:12:00.341Z,2026-09-26T08:12:00.341Z,,386,453863
1.2.0,6cafcd86-5c31-46a7-83e8-471788f2c459,P002,pilot,pointing-pilot-selected-208-post104-continuous-v4,6f01dd8e6afd67eb78b863696a810bcbdbe09d09487ab1b75dcf1e8e4cb7d335,,"[""C2"",""C3""]",post,C3,3,s39,2,6,19,84,500,226,499,6cafcd86-5c31-46a7-83e8-471788f2c459:s39:t6,6cafcd86-5c31-46a7-83e8-471788f2c459:s39:t6:a1,1,6cafcd86-5c31-46a7-83e8-471788f2c459:segment1,180,20,3.321928094887362,631.578947368421,70.17543859649122,636.2176906520102,5833f780-308c-41c8-947c-f8b38a7cfc05,1,4,10,1257.436937321717,652.8029511640594,644.2105263157895,501.65621582454924,1261,640,454295.5,624,494,454650.6999999285,355.1999999284744,true,true,0,624,494,355.1999999284744,0,completed,,,2026-09-26T08:12:00.341Z,2026-09-26T08:12:00.696Z,2026-09-26T08:12:00.696Z,,388,454293.2
1.2.0,6cafcd86-5c31-46a7-83e8-471788f2c459,P002,pilot,pointing-pilot-selected-208-post104-continuous-v4,6f01dd8e6afd67eb78b863696a810bcbdbe09d09487ab1b75dcf1e8e4cb7d335,,"[""C2"",""C3""]",post,C3,3,s39,2,7,20,85,501,227,500,6cafcd86-5c31-46a7-83e8-471788f2c459:s39:t7,6cafcd86-5c31-46a7-83e8-471788f2c459:s39:t7:a1,1,6cafcd86-5c31-46a7-83e8-471788f2c459:segment1,180,20,3.321928094887362,631.578947368421,70.17543859649122,636.2176906520102,5833f780-308c-41c8-947c-f8b38a7cfc05,1,10,3,644.2105263157895,501.65621582454924,1275.7894736842104,501.65621582454935,624,494,454650.6999999285,1255,480,455022.89999997616,372.2000000476837,true,true,0,1255,480,372.2000000476837,0,completed,,,2026-09-26T08:12:00.696Z,2026-09-26T08:12:01.069Z,2026-09-26T08:12:01.069Z,,316,454650.8
1.2.0,6cafcd86-5c31-46a7-83e8-471788f2c459,P002,pilot,pointing-pilot-selected-208-post104-continuous-v4,6f01dd8e6afd67eb78b863696a810bcbdbe09d09487ab1b75dcf1e8e4cb7d335,,"[""C2"",""C3""]",post,C3,3,s39,2,8,21,86,502,228,501,6cafcd86-5c31-46a7-83e8-471788f2c459:s39:t8,6cafcd86-5c31-46a7-83e8-471788f2c459:s39:t8:a1,1,6cafcd86-5c31-46a7-83e8-471788f2c459:segment1,180,20,3.321928094887362,631.578947368421,70.17543859649122,636.2176906520102,5833f780-308c-41c8-947c-f8b38a7cfc05,1,3,9,1275.7894736842104,501.65621582454935,662.5630626782829,652.8029511640596,1255,480,455022.89999997616,708,654,455441.6999999285,418.7999999523163,false,true,1,661,662,592.7000000476837,173.90000009536743,completed,,,2026-09-26T08:12:01.069Z,2026-09-26T08:12:01.487Z,2026-09-26T08:12:01.661Z,,313,455020.5
1.2.0,6cafcd86-5c31-46a7-83e8-471788f2c459,P002,pilot,pointing-pilot-selected-208-post104-continuous-v4,6f01dd8e6afd67eb78b863696a810bcbdbe09d09487ab1b75dcf1e8e4cb7d335,,"[""C2"",""C3""]",post,C3,3,s39,2,9,22,87,503,229,502,6cafcd86-5c31-46a7-83e8-471788f2c459:s39:t9,6cafcd86-5c31-46a7-83e8-471788f2c459:s39:t9:a1,1,6cafcd86-5c31-46a7-83e8-471788f2c459:segment1,180,20,3.321928094887362,631.578947368421,70.17543859649122,636.2176906520102,5833f780-308c-41c8-947c-f8b38a7cfc05,1,9,2,662.5630626782829,652.8029511640596,1221.7984473013628,359.29357934694247,661,662,455615.60000002384,1243,356,455993.89999997616,378.2999999523163,true,true,0,1243,356,378.2999999523163,0,completed,,,2026-09-26T08:12:01.661Z,2026-09-26T08:12:02.039Z,2026-09-26T08:12:02.039Z,,409,455614.5
1.2.0,6cafcd86-5c31-46a7-83e8-471788f2c459,P002,pilot,pointing-pilot-selected-208-post104-continuous-v4,6f01dd8e6afd67eb78b863696a810bcbdbe09d09487ab1b75dcf1e8e4cb7d335,,"[""C2"",""C3""]",post,C3,3,s39,2,10,23,88,504,230,503,6cafcd86-5c31-46a7-83e8-471788f2c459:s39:t10,6cafcd86-5c31-46a7-83e8-471788f2c459:s39:t10:a1,1,6cafcd86-5c31-46a7-83e8-471788f2c459:segment1,180,20,3.321928094887362,631.578947368421,70.17543859649122,636.2176906520102,5833f780-308c-41c8-947c-f8b38a7cfc05,1,2,8,1221.7984473013628,359.29357934694247,749.0548168775097,778.1078898148132,1243,356,455993.89999997616,770,800,456411.10000002384,417.2000000476837,true,true,0,770,800,417.2000000476837,0,completed,,,2026-09-26T08:12:02.039Z,2026-09-26T08:12:02.457Z,2026-09-26T08:12:02.457Z,,448,455990.2
1.2.0,6cafcd86-5c31-46a7-83e8-471788f2c459,P002,pilot,pointing-pilot-selected-208-post104-continuous-v4,6f01dd8e6afd67eb78b863696a810bcbdbe09d09487ab1b75dcf1e8e4cb7d335,,"[""C2"",""C3""]",post,C3,3,s39,2,11,24,89,505,231,504,6cafcd86-5c31-46a7-83e8-471788f2c459:s39:t11,6cafcd86-5c31-46a7-83e8-471788f2c459:s39:t11:a1,1,6cafcd86-5c31-46a7-83e8-471788f2c459:segment1,180,20,3.321928094887362,631.578947368421,70.17543859649122,636.2176906520102,5833f780-308c-41c8-947c-f8b38a7cfc05,1,8,1,749.0548168775097,778.1078898148132,1107.8325516550817,258.32860609250383,770,800,456411.10000002384,1055,285,456858.60000002384,447.5,false,true,1,1096,260,624.1999999284744,176.69999992847443,completed,,,2026-09-26T08:12:02.457Z,2026-09-26T08:12:02.904Z,2026-09-26T08:12:03.081Z,,584,456408.4
1.2.0,6cafcd86-5c31-46a7-83e8-471788f2c459,P002,pilot,pointing-pilot-selected-208-post104-continuous-v4,6f01dd8e6afd67eb78b863696a810bcbdbe09d09487ab1b75dcf1e8e4cb7d335,,"[""C2"",""C3""]",post,C3,3,s39,2,12,25,90,506,232,505,6cafcd86-5c31-46a7-83e8-471788f2c459:s39:t12,6cafcd86-5c31-46a7-83e8-471788f2c459:s39:t12:a1,1,6cafcd86-5c31-46a7-83e8-471788f2c459:segment1,180,20,3.321928094887362,631.578947368421,70.17543859649122,636.2176906520102,5833f780-308c-41c8-947c-f8b38a7cfc05,1,1,7,1107.8325516550817,258.32860609250383,883.8715703650593,848.8651804201343,1096,260,457035.2999999523,864,853,457586.89999997616,551.6000000238419,true,true,0,864,853,551.6000000238419,0,completed,,,2026-09-26T08:12:03.081Z,2026-09-26T08:12:03.632Z,2026-09-26T08:12:03.632Z,,449,457035.732
1.2.0,6cafcd86-5c31-46a7-83e8-471788f2c459,P002,pilot,pointing-pilot-selected-208-post104-continuous-v4,6f01dd8e6afd67eb78b863696a810bcbdbe09d09487ab1b75dcf1e8e4cb7d335,,"[""C2"",""C3""]",post,C3,3,s39,2,13,26,91,507,233,506,6cafcd86-5c31-46a7-83e8-471788f2c459:s39:t13,6cafcd86-5c31-46a7-83e8-471788f2c459:s39:t13:a1,1,6cafcd86-5c31-46a7-83e8-471788f2c459:segment1,180,20,3.321928094887362,631.578947368421,70.17543859649122,636.2176906520102,5833f780-308c-41c8-947c-f8b38a7cfc05,1,7,0,883.8715703650593,848.8651804201343,960,221.8911546739949,864,853,457586.89999997616,970,233,458094.60000002384,507.7000000476837,true,true,0,970,233,507.7000000476837,0,completed,,,2026-09-26T08:12:03.632Z,2026-09-26T08:12:04.140Z,2026-09-26T08:12:04.140Z,,516,457590.3
1.2.0,6cafcd86-5c31-46a7-83e8-471788f2c459,P002,pilot,pointing-pilot-selected-208-post104-continuous-v4,6f01dd8e6afd67eb78b863696a810bcbdbe09d09487ab1b75dcf1e8e4cb7d335,,"[""C2"",""C3""]",post,C2,4,s40,2,1,14,92,508,221,507,6cafcd86-5c31-46a7-83e8-471788f2c459:s40:t1,6cafcd86-5c31-46a7-83e8-471788f2c459:s40:t1:a1,1,6cafcd86-5c31-46a7-83e8-471788f2c459:segment1,90,10,3.321928094887362,315.7894736842105,35.08771929824561,318.1088453260051,5833f780-308c-41c8-947c-f8b38a7cfc05,1,0,6,960,380.9455773369974,998.0642148174704,694.4325902100671,977,377,459373.89999997616,1000,686,459855.6999999285,481.7999999523163,true,true,0,1000,686,481.7999999523163,0,completed,,,2026-09-26T08:12:05.419Z,2026-09-26T08:12:05.901Z,2026-09-26T08:12:05.901Z,,297,459372.1
1.2.0,6cafcd86-5c31-46a7-83e8-471788f2c459,P002,pilot,pointing-pilot-selected-208-post104-continuous-v4,6f01dd8e6afd67eb78b863696a810bcbdbe09d09487ab1b75dcf1e8e4cb7d335,,"[""C2"",""C3""]",post,C2,4,s40,2,2,15,93,509,222,508,6cafcd86-5c31-46a7-83e8-471788f2c459:s40:t2,6cafcd86-5c31-46a7-83e8-471788f2c459:s40:t2:a1,1,6cafcd86-5c31-46a7-83e8-471788f2c459:segment1,90,10,3.321928094887362,315.7894736842105,35.08771929824561,318.1088453260051,5833f780-308c-41c8-947c-f8b38a7cfc05,1,6,12,998.0642148174704,694.4325902100671,886.0837241724593,399.1643030462519,1000,686,459855.6999999285,892,407,460216.10000002384,360.40000009536743,true,true,0,892,407,360.40000009536743,0,completed,,,2026-09-26T08:12:05.901Z,2026-09-26T08:12:06.262Z,2026-09-26T08:12:06.262Z,,264,459850.8
1.2.0,6cafcd86-5c31-46a7-83e8-471788f2c459,P002,pilot,pointing-pilot-selected-208-post104-continuous-v4,6f01dd8e6afd67eb78b863696a810bcbdbe09d09487ab1b75dcf1e8e4cb7d335,,"[""C2"",""C3""]",post,C2,4,s40,2,3,16,94,510,223,509,6cafcd86-5c31-46a7-83e8-471788f2c459:s40:t3,6cafcd86-5c31-46a7-83e8-471788f2c459:s40:t3:a1,1,6cafcd86-5c31-46a7-83e8-471788f2c459:segment1,90,10,3.321928094887362,315.7894736842105,35.08771929824561,318.1088453260051,5833f780-308c-41c8-947c-f8b38a7cfc05,1,12,5,886.0837241724593,399.1643030462519,1065.4725915612453,659.0539449074066,892,407,460216.10000002384,1070,659,460717.2999999523,501.1999999284744,true,true,0,1070,659,501.1999999284744,0,completed,,,2026-09-26T08:12:06.262Z,2026-09-26T08:12:06.763Z,2026-09-26T08:12:06.763Z,,376,460214.5
1.2.0,6cafcd86-5c31-46a7-83e8-471788f2c459,P002,pilot,pointing-pilot-selected-208-post104-continuous-v4,6f01dd8e6afd67eb78b863696a810bcbdbe09d09487ab1b75dcf1e8e4cb7d335,,"[""C2"",""C3""]",post,C2,4,s40,2,4,17,95,511,224,510,6cafcd86-5c31-46a7-83e8-471788f2c459:s40:t4,6cafcd86-5c31-46a7-83e8-471788f2c459:s40:t4:a1,1,6cafcd86-5c31-46a7-83e8-471788f2c459:segment1,90,10,3.321928094887362,315.7894736842105,35.08771929824561,318.1088453260051,5833f780-308c-41c8-947c-f8b38a7cfc05,1,5,11,1065.4725915612453,659.0539449074066,829.1007763493185,449.6467896734714,1070,659,460717.2999999523,844,443,461088.60000002384,371.3000000715256,true,true,0,844,443,371.3000000715256,0,completed,,,2026-09-26T08:12:06.763Z,2026-09-26T08:12:07.134Z,2026-09-26T08:12:07.134Z,,286,460723.5
1.2.0,6cafcd86-5c31-46a7-83e8-471788f2c459,P002,pilot,pointing-pilot-selected-208-post104-continuous-v4,6f01dd8e6afd67eb78b863696a810bcbdbe09d09487ab1b75dcf1e8e4cb7d335,,"[""C2"",""C3""]",post,C2,4,s40,2,5,18,96,512,225,511,6cafcd86-5c31-46a7-83e8-471788f2c459:s40:t5,6cafcd86-5c31-46a7-83e8-471788f2c459:s40:t5:a1,1,6cafcd86-5c31-46a7-83e8-471788f2c459:segment1,90,10,3.321928094887362,315.7894736842105,35.08771929824561,318.1088453260051,5833f780-308c-41c8-947c-f8b38a7cfc05,1,11,4,829.1007763493185,449.6467896734714,1108.7184686608584,596.4014755820297,844,443,461088.60000002384,1119,618,461545.5,456.89999997615814,false,true,1,1107,599,686.6999999284744,229.79999995231628,completed,,,2026-09-26T08:12:07.134Z,2026-09-26T08:12:07.591Z,2026-09-26T08:12:07.821Z,,355,461087.264
1.2.0,6cafcd86-5c31-46a7-83e8-471788f2c459,P002,pilot,pointing-pilot-selected-208-post104-continuous-v4,6f01dd8e6afd67eb78b863696a810bcbdbe09d09487ab1b75dcf1e8e4cb7d335,,"[""C2"",""C3""]",post,C2,4,s40,2,6,19,97,513,226,512,6cafcd86-5c31-46a7-83e8-471788f2c459:s40:t6,6cafcd86-5c31-46a7-83e8-471788f2c459:s40:t6:a1,1,6cafcd86-5c31-46a7-83e8-471788f2c459:segment1,90,10,3.321928094887362,315.7894736842105,35.08771929824561,318.1088453260051,5833f780-308c-41c8-947c-f8b38a7cfc05,1,4,10,1108.7184686608584,596.4014755820297,802.1052631578948,520.8281079122746,1107,599,461775.2999999523,801,527,462217.5,442.2000000476837,true,true,0,801,527,442.2000000476837,0,completed,,,2026-09-26T08:12:07.821Z,2026-09-26T08:12:08.263Z,2026-09-26T08:12:08.263Z,,274,461779.6
1.2.0,6cafcd86-5c31-46a7-83e8-471788f2c459,P002,pilot,pointing-pilot-selected-208-post104-continuous-v4,6f01dd8e6afd67eb78b863696a810bcbdbe09d09487ab1b75dcf1e8e4cb7d335,,"[""C2"",""C3""]",post,C2,4,s40,2,7,20,98,514,227,513,6cafcd86-5c31-46a7-83e8-471788f2c459:s40:t7,6cafcd86-5c31-46a7-83e8-471788f2c459:s40:t7:a1,1,6cafcd86-5c31-46a7-83e8-471788f2c459:segment1,90,10,3.321928094887362,315.7894736842105,35.08771929824561,318.1088453260051,5833f780-308c-41c8-947c-f8b38a7cfc05,1,10,3,802.1052631578948,520.8281079122746,1117.8947368421052,520.8281079122746,801,527,462217.5,1125,513,462618.39999997616,400.89999997615814,true,true,0,1125,513,400.89999997615814,0,completed,,,2026-09-26T08:12:08.263Z,2026-09-26T08:12:08.664Z,2026-09-26T08:12:08.664Z,,241,462214.4
1.2.0,6cafcd86-5c31-46a7-83e8-471788f2c459,P002,pilot,pointing-pilot-selected-208-post104-continuous-v4,6f01dd8e6afd67eb78b863696a810bcbdbe09d09487ab1b75dcf1e8e4cb7d335,,"[""C2"",""C3""]",post,C2,4,s40,2,8,21,99,515,228,514,6cafcd86-5c31-46a7-83e8-471788f2c459:s40:t8,6cafcd86-5c31-46a7-83e8-471788f2c459:s40:t8:a1,1,6cafcd86-5c31-46a7-83e8-471788f2c459:segment1,90,10,3.321928094887362,315.7894736842105,35.08771929824561,318.1088453260051,5833f780-308c-41c8-947c-f8b38a7cfc05,1,3,9,1117.8947368421052,520.8281079122746,811.2815313391415,596.4014755820298,1125,513,462618.39999997616,804,593,463102,483.60000002384186,true,true,0,804,593,483.60000002384186,0,completed,,,2026-09-26T08:12:08.664Z,2026-09-26T08:12:09.148Z,2026-09-26T08:12:09.148Z,,327,462614.5
1.2.0,6cafcd86-5c31-46a7-83e8-471788f2c459,P002,pilot,pointing-pilot-selected-208-post104-continuous-v4,6f01dd8e6afd67eb78b863696a810bcbdbe09d09487ab1b75dcf1e8e4cb7d335,,"[""C2"",""C3""]",post,C2,4,s40,2,9,22,100,516,229,515,6cafcd86-5c31-46a7-83e8-471788f2c459:s40:t9,6cafcd86-5c31-46a7-83e8-471788f2c459:s40:t9:a1,1,6cafcd86-5c31-46a7-83e8-471788f2c459:segment1,90,10,3.321928094887362,315.7894736842105,35.08771929824561,318.1088453260051,5833f780-308c-41c8-947c-f8b38a7cfc05,1,9,2,811.2815313391415,596.4014755820298,1090.8992236506815,449.64678967347123,804,593,463102,1099,448,463520.1999999285,418.1999999284744,true,true,0,1099,448,418.1999999284744,0,completed,,,2026-09-26T08:12:09.148Z,2026-09-26T08:12:09.566Z,2026-09-26T08:12:09.566Z,,319,463099.3
1.2.0,6cafcd86-5c31-46a7-83e8-471788f2c459,P002,pilot,pointing-pilot-selected-208-post104-continuous-v4,6f01dd8e6afd67eb78b863696a810bcbdbe09d09487ab1b75dcf1e8e4cb7d335,,"[""C2"",""C3""]",post,C2,4,s40,2,10,23,101,517,230,516,6cafcd86-5c31-46a7-83e8-471788f2c459:s40:t10,6cafcd86-5c31-46a7-83e8-471788f2c459:s40:t10:a1,1,6cafcd86-5c31-46a7-83e8-471788f2c459:segment1,90,10,3.321928094887362,315.7894736842105,35.08771929824561,318.1088453260051,5833f780-308c-41c8-947c-f8b38a7cfc05,1,2,8,1090.8992236506815,449.64678967347123,854.5274084387548,659.0539449074066,1099,448,463520.1999999285,867,653,463937.39999997616,417.2000000476837,true,true,0,867,653,417.2000000476837,0,completed,,,2026-09-26T08:12:09.566Z,2026-09-26T08:12:09.983Z,2026-09-26T08:12:09.983Z,,319,463523.6
1.2.0,6cafcd86-5c31-46a7-83e8-471788f2c459,P002,pilot,pointing-pilot-selected-208-post104-continuous-v4,6f01dd8e6afd67eb78b863696a810bcbdbe09d09487ab1b75dcf1e8e4cb7d335,,"[""C2"",""C3""]",post,C2,4,s40,2,11,24,102,518,231,517,6cafcd86-5c31-46a7-83e8-471788f2c459:s40:t11,6cafcd86-5c31-46a7-83e8-471788f2c459:s40:t11:a1,1,6cafcd86-5c31-46a7-83e8-471788f2c459:segment1,90,10,3.321928094887362,315.7894736842105,35.08771929824561,318.1088453260051,5833f780-308c-41c8-947c-f8b38a7cfc05,1,8,1,854.5274084387548,659.0539449074066,1033.9162758275409,399.1643030462519,867,653,463937.39999997616,1027,415,464405.7999999523,468.39999997615814,true,true,0,1027,415,468.39999997615814,0,completed,,,2026-09-26T08:12:09.983Z,2026-09-26T08:12:10.451Z,2026-09-26T08:12:10.451Z,,315,463941.7
1.2.0,6cafcd86-5c31-46a7-83e8-471788f2c459,P002,pilot,pointing-pilot-selected-208-post104-continuous-v4,6f01dd8e6afd67eb78b863696a810bcbdbe09d09487ab1b75dcf1e8e4cb7d335,,"[""C2"",""C3""]",post,C2,4,s40,2,12,25,103,519,232,518,6cafcd86-5c31-46a7-83e8-471788f2c459:s40:t12,6cafcd86-5c31-46a7-83e8-471788f2c459:s40:t12:a1,1,6cafcd86-5c31-46a7-83e8-471788f2c459:segment1,90,10,3.321928094887362,315.7894736842105,35.08771929824561,318.1088453260051,5833f780-308c-41c8-947c-f8b38a7cfc05,1,1,7,1033.9162758275409,399.1643030462519,921.9357851825296,694.4325902100671,1027,415,464405.7999999523,916,693,464947.39999997616,541.6000000238419,true,true,0,916,693,541.6000000238419,0,completed,,,2026-09-26T08:12:10.451Z,2026-09-26T08:12:10.993Z,2026-09-26T08:12:10.993Z,,325,464408.4
1.2.0,6cafcd86-5c31-46a7-83e8-471788f2c459,P002,pilot,pointing-pilot-selected-208-post104-continuous-v4,6f01dd8e6afd67eb78b863696a810bcbdbe09d09487ab1b75dcf1e8e4cb7d335,,"[""C2"",""C3""]",post,C2,4,s40,2,13,26,104,520,233,519,6cafcd86-5c31-46a7-83e8-471788f2c459:s40:t13,6cafcd86-5c31-46a7-83e8-471788f2c459:s40:t13:a1,1,6cafcd86-5c31-46a7-83e8-471788f2c459:segment1,90,10,3.321928094887362,315.7894736842105,35.08771929824561,318.1088453260051,5833f780-308c-41c8-947c-f8b38a7cfc05,1,7,0,921.9357851825296,694.4325902100671,960,380.9455773369974,916,693,464947.39999997616,964,385,465496.6999999285,549.2999999523163,true,true,0,964,385,549.2999999523163,0,completed,,,2026-09-26T08:12:10.993Z,2026-09-26T08:12:11.542Z,2026-09-26T08:12:11.542Z,,304,464941.7
