schemaVersion,sessionId,participantId,experimentMode,protocolId,configHash,trainingCondition,trainingConditions,phase,conditionId,conditionOrder,sequenceId,sequenceIndexInCondition,trialInSequence,trialInCondition,trialInPhase,countedTotal,priorSameConditionFirstClicks,priorAllConditionFirstClicks,plannedTrialId,attemptId,attemptIndex,segmentId,amplitudeMm,widthMm,nominalId,amplitudeCssPx,widthCssPx,layoutDiameterCssPx,calibrationId,geometryRevision,fromTargetIndex,toTargetIndex,fromCenterX,fromCenterY,toCenterX,toCenterY,startClickX,startClickY,startAtMonotonicMs,firstClickX,firstClickY,firstClickAtMonotonicMs,mtFirstMs,firstHit,countedAsTrial,correctionClickCount,completionX,completionY,mtCompletionMs,correctionDurationMs,completionStatus,interruptionReason,interruptedAtIso,startedAtIso,firstClickAtIso,completedAtIso,recoveredAtIso,trajectorySampleCount,targetPaintAtMonotonicMs
1.2.0,29e40d9d-fcba-4886-8a14-dd6d3c6b3f5d,001,main,pointing-single-208-post104-continuous-v3,539807cd564d571194824c9e9a5986a9c009b1b63ed371ea94a24f47d2ef96d9,C3,"[""C3""]",training,C3,1,s1,1,1,1,1,1,0,0,29e40d9d-fcba-4886-8a14-dd6d3c6b3f5d:s1:t1,29e40d9d-fcba-4886-8a14-dd6d3c6b3f5d:s1:t1:a1,1,29e40d9d-fcba-4886-8a14-dd6d3c6b3f5d:segment1,180,20,3.321928094887362,878.0487804878048,97.5609756097561,884.4977650527946,0335b2c8-8084-4c33-9a3c-1e849357e589,1,0,6,1440,367.7511174736027,1545.8370851022348,1239.3979337548208,1452,394,87858.5,1551,1245,88358.80000019073,500.30000019073486,true,true,0,1551,1245,500.30000019073486,0,completed,,,2026-09-24T08:54:21.850Z,2026-09-24T08:54:22.351Z,2026-09-24T08:54:22.351Z,,26,87866.732
1.2.0,29e40d9d-fcba-4886-8a14-dd6d3c6b3f5d,001,main,pointing-single-208-post104-continuous-v3,539807cd564d571194824c9e9a5986a9c009b1b63ed371ea94a24f47d2ef96d9,C3,"[""C3""]",training,C3,1,s1,1,2,2,2,2,1,1,29e40d9d-fcba-4886-8a14-dd6d3c6b3f5d:s1:t2,29e40d9d-fcba-4886-8a14-dd6d3c6b3f5d:s1:t2:a1,1,29e40d9d-fcba-4886-8a14-dd6d3c6b3f5d:segment1,180,20,3.321928094887362,878.0487804878048,97.5609756097561,884.4977650527946,0335b2c8-8084-4c33-9a3c-1e849357e589,1,6,12,1545.8370851022348,1239.3979337548208,1234.4766964795208,418.40806212860286,1551,1245,88358.80000019073,1233,455,88991.70000004768,632.8999998569489,true,true,0,1233,455,632.8999998569489,0,completed,,,2026-09-24T08:54:22.351Z,2026-09-24T08:54:22.983Z,2026-09-24T08:54:22.983Z,,31,88350.03
1.2.0,29e40d9d-fcba-4886-8a14-dd6d3c6b3f5d,001,main,pointing-single-208-post104-continuous-v3,539807cd564d571194824c9e9a5986a9c009b1b63ed371ea94a24f47d2ef96d9,C3,"[""C3""]",training,C3,1,s1,1,3,3,3,3,2,2,29e40d9d-fcba-4886-8a14-dd6d3c6b3f5d:s1:t3,29e40d9d-fcba-4886-8a14-dd6d3c6b3f5d:s1:t3:a1,1,29e40d9d-fcba-4886-8a14-dd6d3c6b3f5d:segment1,180,20,3.321928094887362,878.0487804878048,97.5609756097561,884.4977650527946,0335b2c8-8084-4c33-9a3c-1e849357e589,1,12,5,1234.4766964795208,418.40806212860286,1733.2652545849257,1141.0280419376672,1233,455,88991.70000004768,1753,1124,89658.70000004768,667,true,true,0,1753,1124,667,0,completed,,,2026-09-24T08:54:22.983Z,2026-09-24T08:54:23.650Z,2026-09-24T08:54:23.650Z,,31,88983.386
1.2.0,29e40d9d-fcba-4886-8a14-dd6d3c6b3f5d,001,main,pointing-single-208-post104-continuous-v3,539807cd564d571194824c9e9a5986a9c009b1b63ed371ea94a24f47d2ef96d9,C3,"[""C3""]",training,C3,1,s1,1,4,4,4,4,3,3,29e40d9d-fcba-4886-8a14-dd6d3c6b3f5d:s1:t4,29e40d9d-fcba-4886-8a14-dd6d3c6b3f5d:s1:t4:a1,1,29e40d9d-fcba-4886-8a14-dd6d3c6b3f5d:segment1,180,20,3.321928094887362,878.0487804878048,97.5609756097561,884.4977650527946,0335b2c8-8084-4c33-9a3c-1e849357e589,1,5,11,1733.2652545849257,1141.0280419376672,1076.0363049712757,558.7740005555058,1753,1124,89658.70000004768,1096,565,90258.30000019073,599.6000001430511,true,true,0,1096,565,599.6000001430511,0,completed,,,2026-09-24T08:54:23.650Z,2026-09-24T08:54:24.250Z,2026-09-24T08:54:24.250Z,,26,89666.7
1.2.0,29e40d9d-fcba-4886-8a14-dd6d3c6b3f5d,001,main,pointing-single-208-post104-continuous-v3,539807cd564d571194824c9e9a5986a9c009b1b63ed371ea94a24f47d2ef96d9,C3,"[""C3""]",training,C3,1,s1,1,5,5,5,5,4,4,29e40d9d-fcba-4886-8a14-dd6d3c6b3f5d:s1:t5,29e40d9d-fcba-4886-8a14-dd6d3c6b3f5d:s1:t5:a1,1,29e40d9d-fcba-4886-8a14-dd6d3c6b3f5d:segment1,180,20,3.321928094887362,878.0487804878048,97.5609756097561,884.4977650527946,0335b2c8-8084-4c33-9a3c-1e849357e589,1,11,4,1076.0363049712757,558.7740005555058,1853.5098884716554,966.8236150329607,1096,565,90258.30000019073,1846,949,90841.70000004768,583.3999998569489,true,true,0,1846,949,583.3999998569489,0,completed,,,2026-09-24T08:54:24.250Z,2026-09-24T08:54:24.833Z,2026-09-24T08:54:24.833Z,,31,90250.06
1.2.0,29e40d9d-fcba-4886-8a14-dd6d3c6b3f5d,001,main,pointing-single-208-post104-continuous-v3,539807cd564d571194824c9e9a5986a9c009b1b63ed371ea94a24f47d2ef96d9,C3,"[""C3""]",training,C3,1,s1,1,6,6,6,6,5,5,29e40d9d-fcba-4886-8a14-dd6d3c6b3f5d:s1:t6,29e40d9d-fcba-4886-8a14-dd6d3c6b3f5d:s1:t6:a1,1,29e40d9d-fcba-4886-8a14-dd6d3c6b3f5d:segment1,180,20,3.321928094887362,878.0487804878048,97.5609756097561,884.4977650527946,0335b2c8-8084-4c33-9a3c-1e849357e589,1,4,10,1853.5098884716554,966.8236150329607,1000.9756097560976,756.6927878536417,1846,949,90841.70000004768,1035,769,91491.90000009537,650.2000000476837,true,true,0,1035,769,650.2000000476837,0,completed,,,2026-09-24T08:54:24.833Z,2026-09-24T08:54:25.484Z,2026-09-24T08:54:25.484Z,,34,90849.9
1.2.0,29e40d9d-fcba-4886-8a14-dd6d3c6b3f5d,001,main,pointing-single-208-post104-continuous-v3,539807cd564d571194824c9e9a5986a9c009b1b63ed371ea94a24f47d2ef96d9,C3,"[""C3""]",training,C3,1,s1,1,7,7,7,7,6,6,29e40d9d-fcba-4886-8a14-dd6d3c6b3f5d:s1:t7,29e40d9d-fcba-4886-8a14-dd6d3c6b3f5d:s1:t7:a1,1,29e40d9d-fcba-4886-8a14-dd6d3c6b3f5d:segment1,180,20,3.321928094887362,878.0487804878048,97.5609756097561,884.4977650527946,0335b2c8-8084-4c33-9a3c-1e849357e589,1,10,3,1000.9756097560976,756.6927878536417,1879.0243902439024,756.6927878536418,1035,769,91491.90000009537,1887,746,92208.5,716.5999999046326,true,true,0,1887,746,716.5999999046326,0,completed,,,2026-09-24T08:54:25.484Z,2026-09-24T08:54:26.200Z,2026-09-24T08:54:26.200Z,,34,91483.364
1.2.0,29e40d9d-fcba-4886-8a14-dd6d3c6b3f5d,001,main,pointing-single-208-post104-continuous-v3,539807cd564d571194824c9e9a5986a9c009b1b63ed371ea94a24f47d2ef96d9,C3,"[""C3""]",training,C3,1,s1,1,8,8,8,8,7,7,29e40d9d-fcba-4886-8a14-dd6d3c6b3f5d:s1:t8,29e40d9d-fcba-4886-8a14-dd6d3c6b3f5d:s1:t8:a1,1,29e40d9d-fcba-4886-8a14-dd6d3c6b3f5d:segment1,180,20,3.321928094887362,878.0487804878048,97.5609756097561,884.4977650527946,0335b2c8-8084-4c33-9a3c-1e849357e589,1,3,9,1879.0243902439024,756.6927878536418,1026.4901115283446,966.8236150329608,1887,746,92208.5,1071,982,92725.40000009537,516.9000000953674,true,true,0,1071,982,516.9000000953674,0,completed,,,2026-09-24T08:54:26.200Z,2026-09-24T08:54:26.717Z,2026-09-24T08:54:26.717Z,,27,92200.044
1.2.0,29e40d9d-fcba-4886-8a14-dd6d3c6b3f5d,001,main,pointing-single-208-post104-continuous-v3,539807cd564d571194824c9e9a5986a9c009b1b63ed371ea94a24f47d2ef96d9,C3,"[""C3""]",training,C3,1,s1,1,9,9,9,9,8,8,29e40d9d-fcba-4886-8a14-dd6d3c6b3f5d:s1:t9,29e40d9d-fcba-4886-8a14-dd6d3c6b3f5d:s1:t9:a1,1,29e40d9d-fcba-4886-8a14-dd6d3c6b3f5d:segment1,180,20,3.321928094887362,878.0487804878048,97.5609756097561,884.4977650527946,0335b2c8-8084-4c33-9a3c-1e849357e589,1,9,2,1026.4901115283446,966.8236150329608,1803.963695028724,558.7740005555054,1071,982,92725.40000009537,1748,559,93325.40000009537,600,false,true,1,1796,569,866.2000000476837,266.2000000476837,completed,,,2026-09-24T08:54:26.717Z,2026-09-24T08:54:27.317Z,2026-09-24T08:54:27.583Z,,39,92733.3
1.2.0,29e40d9d-fcba-4886-8a14-dd6d3c6b3f5d,001,main,pointing-single-208-post104-continuous-v3,539807cd564d571194824c9e9a5986a9c009b1b63ed371ea94a24f47d2ef96d9,C3,"[""C3""]",training,C3,1,s1,1,10,10,10,10,9,9,29e40d9d-fcba-4886-8a14-dd6d3c6b3f5d:s1:t10,29e40d9d-fcba-4886-8a14-dd6d3c6b3f5d:s1:t10:a1,1,29e40d9d-fcba-4886-8a14-dd6d3c6b3f5d:segment1,180,20,3.321928094887362,878.0487804878048,97.5609756097561,884.4977650527946,0335b2c8-8084-4c33-9a3c-1e849357e589,1,2,8,1803.963695028724,558.7740005555054,1146.7347454150745,1141.0280419376672,1796,569,93591.60000014305,1121,1156,94159.70000004768,568.0999999046326,true,true,0,1121,1156,568.0999999046326,0,completed,,,2026-09-24T08:54:27.583Z,2026-09-24T08:54:28.151Z,2026-09-24T08:54:28.151Z,,34,93600.032
1.2.0,29e40d9d-fcba-4886-8a14-dd6d3c6b3f5d,001,main,pointing-single-208-post104-continuous-v3,539807cd564d571194824c9e9a5986a9c009b1b63ed371ea94a24f47d2ef96d9,C3,"[""C3""]",training,C3,1,s1,1,11,11,11,11,10,10,29e40d9d-fcba-4886-8a14-dd6d3c6b3f5d:s1:t11,29e40d9d-fcba-4886-8a14-dd6d3c6b3f5d:s1:t11:a1,1,29e40d9d-fcba-4886-8a14-dd6d3c6b3f5d:segment1,180,20,3.321928094887362,878.0487804878048,97.5609756097561,884.4977650527946,0335b2c8-8084-4c33-9a3c-1e849357e589,1,8,1,1146.7347454150745,1141.0280419376672,1645.5233035204794,418.4080621286029,1121,1156,94159.70000004768,1668,400,94691.90000009537,532.2000000476837,true,true,0,1668,400,532.2000000476837,0,completed,,,2026-09-24T08:54:28.151Z,2026-09-24T08:54:28.683Z,2026-09-24T08:54:28.683Z,,31,94166.7
1.2.0,29e40d9d-fcba-4886-8a14-dd6d3c6b3f5d,001,main,pointing-single-208-post104-continuous-v3,539807cd564d571194824c9e9a5986a9c009b1b63ed371ea94a24f47d2ef96d9,C3,"[""C3""]",training,C3,1,s1,1,12,12,12,12,11,11,29e40d9d-fcba-4886-8a14-dd6d3c6b3f5d:s1:t12,29e40d9d-fcba-4886-8a14-dd6d3c6b3f5d:s1:t12:a1,1,29e40d9d-fcba-4886-8a14-dd6d3c6b3f5d:segment1,180,20,3.321928094887362,878.0487804878048,97.5609756097561,884.4977650527946,0335b2c8-8084-4c33-9a3c-1e849357e589,1,1,7,1645.5233035204794,418.4080621286029,1334.1629148977652,1239.3979337548208,1668,400,94691.90000009537,1319,1239,95242,550.0999999046326,true,true,0,1319,1239,550.0999999046326,0,completed,,,2026-09-24T08:54:28.683Z,2026-09-24T08:54:29.233Z,2026-09-24T08:54:29.233Z,,29,94700
1.2.0,29e40d9d-fcba-4886-8a14-dd6d3c6b3f5d,001,main,pointing-single-208-post104-continuous-v3,539807cd564d571194824c9e9a5986a9c009b1b63ed371ea94a24f47d2ef96d9,C3,"[""C3""]",training,C3,1,s1,1,13,13,13,13,12,12,29e40d9d-fcba-4886-8a14-dd6d3c6b3f5d:s1:t13,29e40d9d-fcba-4886-8a14-dd6d3c6b3f5d:s1:t13:a1,1,29e40d9d-fcba-4886-8a14-dd6d3c6b3f5d:segment1,180,20,3.321928094887362,878.0487804878048,97.5609756097561,884.4977650527946,0335b2c8-8084-4c33-9a3c-1e849357e589,1,7,0,1334.1629148977652,1239.3979337548208,1440,367.7511174736027,1319,1239,95242,1471,365,95908.40000009537,666.4000000953674,true,true,0,1471,365,666.4000000953674,0,completed,,,2026-09-24T08:54:29.233Z,2026-09-24T08:54:29.900Z,2026-09-24T08:54:29.900Z,,28,95249.9
1.2.0,29e40d9d-fcba-4886-8a14-dd6d3c6b3f5d,001,main,pointing-single-208-post104-continuous-v3,539807cd564d571194824c9e9a5986a9c009b1b63ed371ea94a24f47d2ef96d9,C3,"[""C3""]",training,C3,1,s2,2,1,14,14,14,13,13,29e40d9d-fcba-4886-8a14-dd6d3c6b3f5d:s2:t1,29e40d9d-fcba-4886-8a14-dd6d3c6b3f5d:s2:t1:a1,1,29e40d9d-fcba-4886-8a14-dd6d3c6b3f5d:segment1,180,20,3.321928094887362,878.0487804878048,97.5609756097561,884.4977650527946,0335b2c8-8084-4c33-9a3c-1e849357e589,1,0,6,1440,367.7511174736027,1545.8370851022348,1239.3979337548208,1471,365,95908.40000009537,1550,1184,96424.90000009537,516.5,false,true,1,1575,1240,1200.4000000953674,683.9000000953674,completed,,,2026-09-24T08:54:29.900Z,2026-09-24T08:54:30.416Z,2026-09-24T08:54:31.100Z,,54,95899.9
1.2.0,29e40d9d-fcba-4886-8a14-dd6d3c6b3f5d,001,main,pointing-single-208-post104-continuous-v3,539807cd564d571194824c9e9a5986a9c009b1b63ed371ea94a24f47d2ef96d9,C3,"[""C3""]",training,C3,1,s2,2,2,15,15,15,14,14,29e40d9d-fcba-4886-8a14-dd6d3c6b3f5d:s2:t2,29e40d9d-fcba-4886-8a14-dd6d3c6b3f5d:s2:t2:a1,1,29e40d9d-fcba-4886-8a14-dd6d3c6b3f5d:segment1,180,20,3.321928094887362,878.0487804878048,97.5609756097561,884.4977650527946,0335b2c8-8084-4c33-9a3c-1e849357e589,1,6,12,1545.8370851022348,1239.3979337548208,1234.4766964795208,418.40806212860286,1575,1240,97108.80000019073,1240,422,97608.5,499.69999980926514,true,true,0,1240,422,499.69999980926514,0,completed,,,2026-09-24T08:54:31.100Z,2026-09-24T08:54:31.600Z,2026-09-24T08:54:31.600Z,,27,97100.026
1.2.0,29e40d9d-fcba-4886-8a14-dd6d3c6b3f5d,001,main,pointing-single-208-post104-continuous-v3,539807cd564d571194824c9e9a5986a9c009b1b63ed371ea94a24f47d2ef96d9,C3,"[""C3""]",training,C3,1,s2,2,3,16,16,16,15,15,29e40d9d-fcba-4886-8a14-dd6d3c6b3f5d:s2:t3,29e40d9d-fcba-4886-8a14-dd6d3c6b3f5d:s2:t3:a1,1,29e40d9d-fcba-4886-8a14-dd6d3c6b3f5d:segment1,180,20,3.321928094887362,878.0487804878048,97.5609756097561,884.4977650527946,0335b2c8-8084-4c33-9a3c-1e849357e589,1,12,5,1234.4766964795208,418.40806212860286,1733.2652545849257,1141.0280419376672,1240,422,97608.5,1732,1162,98125,516.5,true,true,0,1732,1162,516.5,0,completed,,,2026-09-24T08:54:31.600Z,2026-09-24T08:54:32.116Z,2026-09-24T08:54:32.116Z,,26,97600
1.2.0,29e40d9d-fcba-4886-8a14-dd6d3c6b3f5d,001,main,pointing-single-208-post104-continuous-v3,539807cd564d571194824c9e9a5986a9c009b1b63ed371ea94a24f47d2ef96d9,C3,"[""C3""]",training,C3,1,s2,2,4,17,17,17,16,16,29e40d9d-fcba-4886-8a14-dd6d3c6b3f5d:s2:t4,29e40d9d-fcba-4886-8a14-dd6d3c6b3f5d:s2:t4:a1,1,29e40d9d-fcba-4886-8a14-dd6d3c6b3f5d:segment1,180,20,3.321928094887362,878.0487804878048,97.5609756097561,884.4977650527946,0335b2c8-8084-4c33-9a3c-1e849357e589,1,5,11,1733.2652545849257,1141.0280419376672,1076.0363049712757,558.7740005555058,1732,1162,98125,1069,587,98725.20000004768,600.2000000476837,true,true,0,1069,587,600.2000000476837,0,completed,,,2026-09-24T08:54:32.116Z,2026-09-24T08:54:32.717Z,2026-09-24T08:54:32.717Z,,32,98116.632
1.2.0,29e40d9d-fcba-4886-8a14-dd6d3c6b3f5d,001,main,pointing-single-208-post104-continuous-v3,539807cd564d571194824c9e9a5986a9c009b1b63ed371ea94a24f47d2ef96d9,C3,"[""C3""]",training,C3,1,s2,2,5,18,18,18,17,17,29e40d9d-fcba-4886-8a14-dd6d3c6b3f5d:s2:t5,29e40d9d-fcba-4886-8a14-dd6d3c6b3f5d:s2:t5:a1,1,29e40d9d-fcba-4886-8a14-dd6d3c6b3f5d:segment1,180,20,3.321928094887362,878.0487804878048,97.5609756097561,884.4977650527946,0335b2c8-8084-4c33-9a3c-1e849357e589,1,11,4,1076.0363049712757,558.7740005555058,1853.5098884716554,966.8236150329607,1069,587,98725.20000004768,1827,945,99275,549.7999999523163,true,true,0,1827,945,549.7999999523163,0,completed,,,2026-09-24T08:54:32.717Z,2026-09-24T08:54:33.266Z,2026-09-24T08:54:33.266Z,,23,98733.3
1.2.0,29e40d9d-fcba-4886-8a14-dd6d3c6b3f5d,001,main,pointing-single-208-post104-continuous-v3,539807cd564d571194824c9e9a5986a9c009b1b63ed371ea94a24f47d2ef96d9,C3,"[""C3""]",training,C3,1,s2,2,6,19,19,19,18,18,29e40d9d-fcba-4886-8a14-dd6d3c6b3f5d:s2:t6,29e40d9d-fcba-4886-8a14-dd6d3c6b3f5d:s2:t6:a1,1,29e40d9d-fcba-4886-8a14-dd6d3c6b3f5d:segment1,180,20,3.321928094887362,878.0487804878048,97.5609756097561,884.4977650527946,0335b2c8-8084-4c33-9a3c-1e849357e589,1,4,10,1853.5098884716554,966.8236150329607,1000.9756097560976,756.6927878536417,1827,945,99275,1039,774,99758.70000004768,483.7000000476837,true,true,0,1039,774,483.7000000476837,0,completed,,,2026-09-24T08:54:33.266Z,2026-09-24T08:54:33.750Z,2026-09-24T08:54:33.750Z,,27,99266.7
1.2.0,29e40d9d-fcba-4886-8a14-dd6d3c6b3f5d,001,main,pointing-single-208-post104-continuous-v3,539807cd564d571194824c9e9a5986a9c009b1b63ed371ea94a24f47d2ef96d9,C3,"[""C3""]",training,C3,1,s2,2,7,20,20,20,19,19,29e40d9d-fcba-4886-8a14-dd6d3c6b3f5d:s2:t7,29e40d9d-fcba-4886-8a14-dd6d3c6b3f5d:s2:t7:a1,1,29e40d9d-fcba-4886-8a14-dd6d3c6b3f5d:segment1,180,20,3.321928094887362,878.0487804878048,97.5609756097561,884.4977650527946,0335b2c8-8084-4c33-9a3c-1e849357e589,1,10,3,1000.9756097560976,756.6927878536417,1879.0243902439024,756.6927878536418,1039,774,99758.70000004768,1853,779,100241.90000009537,483.2000000476837,true,true,0,1853,779,483.2000000476837,0,completed,,,2026-09-24T08:54:33.750Z,2026-09-24T08:54:34.233Z,2026-09-24T08:54:34.233Z,,22,99750.032
1.2.0,29e40d9d-fcba-4886-8a14-dd6d3c6b3f5d,001,main,pointing-single-208-post104-continuous-v3,539807cd564d571194824c9e9a5986a9c009b1b63ed371ea94a24f47d2ef96d9,C3,"[""C3""]",training,C3,1,s2,2,8,21,21,21,20,20,29e40d9d-fcba-4886-8a14-dd6d3c6b3f5d:s2:t8,29e40d9d-fcba-4886-8a14-dd6d3c6b3f5d:s2:t8:a1,1,29e40d9d-fcba-4886-8a14-dd6d3c6b3f5d:segment1,180,20,3.321928094887362,878.0487804878048,97.5609756097561,884.4977650527946,0335b2c8-8084-4c33-9a3c-1e849357e589,1,3,9,1879.0243902439024,756.6927878536418,1026.4901115283446,966.8236150329608,1853,779,100241.90000009537,1013,1009,100708.5,466.59999990463257,true,true,0,1013,1009,466.59999990463257,0,completed,,,2026-09-24T08:54:34.233Z,2026-09-24T08:54:34.700Z,2026-09-24T08:54:34.700Z,,24,100233.358
1.2.0,29e40d9d-fcba-4886-8a14-dd6d3c6b3f5d,001,main,pointing-single-208-post104-continuous-v3,539807cd564d571194824c9e9a5986a9c009b1b63ed371ea94a24f47d2ef96d9,C3,"[""C3""]",training,C3,1,s2,2,9,22,22,22,21,21,29e40d9d-fcba-4886-8a14-dd6d3c6b3f5d:s2:t9,29e40d9d-fcba-4886-8a14-dd6d3c6b3f5d:s2:t9:a1,1,29e40d9d-fcba-4886-8a14-dd6d3c6b3f5d:segment1,180,20,3.321928094887362,878.0487804878048,97.5609756097561,884.4977650527946,0335b2c8-8084-4c33-9a3c-1e849357e589,1,9,2,1026.4901115283446,966.8236150329608,1803.963695028724,558.7740005555054,1013,1009,100708.5,1760,537,101225.10000014305,516.6000001430511,false,true,1,1777,543,1583.1000001430511,1066.5,completed,,,2026-09-24T08:54:34.700Z,2026-09-24T08:54:35.216Z,2026-09-24T08:54:36.283Z,,75,100716.6
1.2.0,29e40d9d-fcba-4886-8a14-dd6d3c6b3f5d,001,main,pointing-single-208-post104-continuous-v3,539807cd564d571194824c9e9a5986a9c009b1b63ed371ea94a24f47d2ef96d9,C3,"[""C3""]",training,C3,1,s2,2,10,23,23,23,22,22,29e40d9d-fcba-4886-8a14-dd6d3c6b3f5d:s2:t10,29e40d9d-fcba-4886-8a14-dd6d3c6b3f5d:s2:t10:a1,1,29e40d9d-fcba-4886-8a14-dd6d3c6b3f5d:segment1,180,20,3.321928094887362,878.0487804878048,97.5609756097561,884.4977650527946,0335b2c8-8084-4c33-9a3c-1e849357e589,1,2,8,1803.963695028724,558.7740005555054,1146.7347454150745,1141.0280419376672,1777,543,102291.60000014305,1159,1122,102842,550.3999998569489,true,true,0,1159,1122,550.3999998569489,0,completed,,,2026-09-24T08:54:36.283Z,2026-09-24T08:54:36.833Z,2026-09-24T08:54:36.833Z,,31,102299.994
1.2.0,29e40d9d-fcba-4886-8a14-dd6d3c6b3f5d,001,main,pointing-single-208-post104-continuous-v3,539807cd564d571194824c9e9a5986a9c009b1b63ed371ea94a24f47d2ef96d9,C3,"[""C3""]",training,C3,1,s2,2,11,24,24,24,23,23,29e40d9d-fcba-4886-8a14-dd6d3c6b3f5d:s2:t11,29e40d9d-fcba-4886-8a14-dd6d3c6b3f5d:s2:t11:a1,1,29e40d9d-fcba-4886-8a14-dd6d3c6b3f5d:segment1,180,20,3.321928094887362,878.0487804878048,97.5609756097561,884.4977650527946,0335b2c8-8084-4c33-9a3c-1e849357e589,1,8,1,1146.7347454150745,1141.0280419376672,1645.5233035204794,418.4080621286029,1159,1122,102842,1679,365,103308.40000009537,466.40000009536743,false,true,1,1659,394,700.1000001430511,233.70000004768372,completed,,,2026-09-24T08:54:36.833Z,2026-09-24T08:54:37.300Z,2026-09-24T08:54:37.533Z,,34,102849.996
1.2.0,29e40d9d-fcba-4886-8a14-dd6d3c6b3f5d,001,main,pointing-single-208-post104-continuous-v3,539807cd564d571194824c9e9a5986a9c009b1b63ed371ea94a24f47d2ef96d9,C3,"[""C3""]",training,C3,1,s2,2,12,25,25,25,24,24,29e40d9d-fcba-4886-8a14-dd6d3c6b3f5d:s2:t12,29e40d9d-fcba-4886-8a14-dd6d3c6b3f5d:s2:t12:a1,1,29e40d9d-fcba-4886-8a14-dd6d3c6b3f5d:segment1,180,20,3.321928094887362,878.0487804878048,97.5609756097561,884.4977650527946,0335b2c8-8084-4c33-9a3c-1e849357e589,1,1,7,1645.5233035204794,418.4080621286029,1334.1629148977652,1239.3979337548208,1659,394,103542.10000014305,1370,1232,104091.90000009537,549.7999999523163,true,true,0,1370,1232,549.7999999523163,0,completed,,,2026-09-24T08:54:37.533Z,2026-09-24T08:54:38.083Z,2026-09-24T08:54:38.083Z,,28,103550
1.2.0,29e40d9d-fcba-4886-8a14-dd6d3c6b3f5d,001,main,pointing-single-208-post104-continuous-v3,539807cd564d571194824c9e9a5986a9c009b1b63ed371ea94a24f47d2ef96d9,C3,"[""C3""]",training,C3,1,s2,2,13,26,26,26,25,25,29e40d9d-fcba-4886-8a14-dd6d3c6b3f5d:s2:t13,29e40d9d-fcba-4886-8a14-dd6d3c6b3f5d:s2:t13:a1,1,29e40d9d-fcba-4886-8a14-dd6d3c6b3f5d:segment1,180,20,3.321928094887362,878.0487804878048,97.5609756097561,884.4977650527946,0335b2c8-8084-4c33-9a3c-1e849357e589,1,7,0,1334.1629148977652,1239.3979337548208,1440,367.7511174736027,1370,1232,104091.90000009537,1414,371,104791.90000009537,700,true,true,0,1414,371,700,0,completed,,,2026-09-24T08:54:38.083Z,2026-09-24T08:54:38.783Z,2026-09-24T08:54:38.783Z,,38,104099.9
1.2.0,29e40d9d-fcba-4886-8a14-dd6d3c6b3f5d,001,main,pointing-single-208-post104-continuous-v3,539807cd564d571194824c9e9a5986a9c009b1b63ed371ea94a24f47d2ef96d9,C3,"[""C3""]",training,C3,1,s3,3,1,27,27,27,26,26,29e40d9d-fcba-4886-8a14-dd6d3c6b3f5d:s3:t1,29e40d9d-fcba-4886-8a14-dd6d3c6b3f5d:s3:t1:a1,1,29e40d9d-fcba-4886-8a14-dd6d3c6b3f5d:segment1,180,20,3.321928094887362,878.0487804878048,97.5609756097561,884.4977650527946,0335b2c8-8084-4c33-9a3c-1e849357e589,1,0,6,1440,367.7511174736027,1545.8370851022348,1239.3979337548208,1414,371,104791.90000009537,1551,1230,105358.20000004768,566.2999999523163,true,true,0,1551,1230,566.2999999523163,0,completed,,,2026-09-24T08:54:38.783Z,2026-09-24T08:54:39.349Z,2026-09-24T08:54:39.349Z,,30,104799.966
1.2.0,29e40d9d-fcba-4886-8a14-dd6d3c6b3f5d,001,main,pointing-single-208-post104-continuous-v3,539807cd564d571194824c9e9a5986a9c009b1b63ed371ea94a24f47d2ef96d9,C3,"[""C3""]",training,C3,1,s3,3,2,28,28,28,27,27,29e40d9d-fcba-4886-8a14-dd6d3c6b3f5d:s3:t2,29e40d9d-fcba-4886-8a14-dd6d3c6b3f5d:s3:t2:a1,1,29e40d9d-fcba-4886-8a14-dd6d3c6b3f5d:segment1,180,20,3.321928094887362,878.0487804878048,97.5609756097561,884.4977650527946,0335b2c8-8084-4c33-9a3c-1e849357e589,1,6,12,1545.8370851022348,1239.3979337548208,1234.4766964795208,418.40806212860286,1551,1230,105358.20000004768,1247,390,105958.70000004768,600.5,true,true,0,1247,390,600.5,0,completed,,,2026-09-24T08:54:39.349Z,2026-09-24T08:54:39.950Z,2026-09-24T08:54:39.950Z,,26,105366.66
1.2.0,29e40d9d-fcba-4886-8a14-dd6d3c6b3f5d,001,main,pointing-single-208-post104-continuous-v3,539807cd564d571194824c9e9a5986a9c009b1b63ed371ea94a24f47d2ef96d9,C3,"[""C3""]",training,C3,1,s3,3,3,29,29,29,28,28,29e40d9d-fcba-4886-8a14-dd6d3c6b3f5d:s3:t3,29e40d9d-fcba-4886-8a14-dd6d3c6b3f5d:s3:t3:a1,1,29e40d9d-fcba-4886-8a14-dd6d3c6b3f5d:segment1,180,20,3.321928094887362,878.0487804878048,97.5609756097561,884.4977650527946,0335b2c8-8084-4c33-9a3c-1e849357e589,1,12,5,1234.4766964795208,418.40806212860286,1733.2652545849257,1141.0280419376672,1247,390,105958.70000004768,1721,1155,106508.30000019073,549.6000001430511,true,true,0,1721,1155,549.6000001430511,0,completed,,,2026-09-24T08:54:39.950Z,2026-09-24T08:54:40.499Z,2026-09-24T08:54:40.499Z,,21,105949.96
1.2.0,29e40d9d-fcba-4886-8a14-dd6d3c6b3f5d,001,main,pointing-single-208-post104-continuous-v3,539807cd564d571194824c9e9a5986a9c009b1b63ed371ea94a24f47d2ef96d9,C3,"[""C3""]",training,C3,1,s3,3,4,30,30,30,29,29,29e40d9d-fcba-4886-8a14-dd6d3c6b3f5d:s3:t4,29e40d9d-fcba-4886-8a14-dd6d3c6b3f5d:s3:t4:a1,1,29e40d9d-fcba-4886-8a14-dd6d3c6b3f5d:segment1,180,20,3.321928094887362,878.0487804878048,97.5609756097561,884.4977650527946,0335b2c8-8084-4c33-9a3c-1e849357e589,1,5,11,1733.2652545849257,1141.0280419376672,1076.0363049712757,558.7740005555058,1721,1155,106508.30000019073,1043,589,107041.80000019073,533.5,true,true,0,1043,589,533.5,0,completed,,,2026-09-24T08:54:40.499Z,2026-09-24T08:54:41.033Z,2026-09-24T08:54:41.033Z,,19,106516.6
1.2.0,29e40d9d-fcba-4886-8a14-dd6d3c6b3f5d,001,main,pointing-single-208-post104-continuous-v3,539807cd564d571194824c9e9a5986a9c009b1b63ed371ea94a24f47d2ef96d9,C3,"[""C3""]",training,C3,1,s3,3,5,31,31,31,30,30,29e40d9d-fcba-4886-8a14-dd6d3c6b3f5d:s3:t5,29e40d9d-fcba-4886-8a14-dd6d3c6b3f5d:s3:t5:a1,1,29e40d9d-fcba-4886-8a14-dd6d3c6b3f5d:segment1,180,20,3.321928094887362,878.0487804878048,97.5609756097561,884.4977650527946,0335b2c8-8084-4c33-9a3c-1e849357e589,1,11,4,1076.0363049712757,558.7740005555058,1853.5098884716554,966.8236150329607,1043,589,107041.80000019073,1838,952,107642,600.1999998092651,true,true,0,1838,952,600.1999998092651,0,completed,,,2026-09-24T08:54:41.033Z,2026-09-24T08:54:41.633Z,2026-09-24T08:54:41.633Z,,26,107033.298
1.2.0,29e40d9d-fcba-4886-8a14-dd6d3c6b3f5d,001,main,pointing-single-208-post104-continuous-v3,539807cd564d571194824c9e9a5986a9c009b1b63ed371ea94a24f47d2ef96d9,C3,"[""C3""]",training,C3,1,s3,3,6,32,32,32,31,31,29e40d9d-fcba-4886-8a14-dd6d3c6b3f5d:s3:t6,29e40d9d-fcba-4886-8a14-dd6d3c6b3f5d:s3:t6:a1,1,29e40d9d-fcba-4886-8a14-dd6d3c6b3f5d:segment1,180,20,3.321928094887362,878.0487804878048,97.5609756097561,884.4977650527946,0335b2c8-8084-4c33-9a3c-1e849357e589,1,4,10,1853.5098884716554,966.8236150329607,1000.9756097560976,756.6927878536417,1838,952,107642,967,777,108141.5,499.5,true,true,0,967,777,499.5,0,completed,,,2026-09-24T08:54:41.633Z,2026-09-24T08:54:42.133Z,2026-09-24T08:54:42.133Z,,19,107649.998
1.2.0,29e40d9d-fcba-4886-8a14-dd6d3c6b3f5d,001,main,pointing-single-208-post104-continuous-v3,539807cd564d571194824c9e9a5986a9c009b1b63ed371ea94a24f47d2ef96d9,C3,"[""C3""]",training,C3,1,s3,3,7,33,33,33,32,32,29e40d9d-fcba-4886-8a14-dd6d3c6b3f5d:s3:t7,29e40d9d-fcba-4886-8a14-dd6d3c6b3f5d:s3:t7:a1,1,29e40d9d-fcba-4886-8a14-dd6d3c6b3f5d:segment1,180,20,3.321928094887362,878.0487804878048,97.5609756097561,884.4977650527946,0335b2c8-8084-4c33-9a3c-1e849357e589,1,10,3,1000.9756097560976,756.6927878536417,1879.0243902439024,756.6927878536418,967,777,108141.5,1827,762,108725.10000014305,583.6000001430511,false,true,1,1846,768,850,266.39999985694885,completed,,,2026-09-24T08:54:42.133Z,2026-09-24T08:54:42.716Z,2026-09-24T08:54:42.983Z,,41,108133.3
1.2.0,29e40d9d-fcba-4886-8a14-dd6d3c6b3f5d,001,main,pointing-single-208-post104-continuous-v3,539807cd564d571194824c9e9a5986a9c009b1b63ed371ea94a24f47d2ef96d9,C3,"[""C3""]",training,C3,1,s3,3,8,34,34,34,33,33,29e40d9d-fcba-4886-8a14-dd6d3c6b3f5d:s3:t8,29e40d9d-fcba-4886-8a14-dd6d3c6b3f5d:s3:t8:a1,1,29e40d9d-fcba-4886-8a14-dd6d3c6b3f5d:segment1,180,20,3.321928094887362,878.0487804878048,97.5609756097561,884.4977650527946,0335b2c8-8084-4c33-9a3c-1e849357e589,1,3,9,1879.0243902439024,756.6927878536418,1026.4901115283446,966.8236150329608,1846,768,108991.5,1060,957,109491.70000004768,500.2000000476837,true,true,0,1060,957,500.2000000476837,0,completed,,,2026-09-24T08:54:42.983Z,2026-09-24T08:54:43.483Z,2026-09-24T08:54:43.483Z,,29,108999.7
1.2.0,29e40d9d-fcba-4886-8a14-dd6d3c6b3f5d,001,main,pointing-single-208-post104-continuous-v3,539807cd564d571194824c9e9a5986a9c009b1b63ed371ea94a24f47d2ef96d9,C3,"[""C3""]",training,C3,1,s3,3,9,35,35,35,34,34,29e40d9d-fcba-4886-8a14-dd6d3c6b3f5d:s3:t9,29e40d9d-fcba-4886-8a14-dd6d3c6b3f5d:s3:t9:a1,1,29e40d9d-fcba-4886-8a14-dd6d3c6b3f5d:segment1,180,20,3.321928094887362,878.0487804878048,97.5609756097561,884.4977650527946,0335b2c8-8084-4c33-9a3c-1e849357e589,1,9,2,1026.4901115283446,966.8236150329608,1803.963695028724,558.7740005555054,1060,957,109491.70000004768,1808,586,109975.20000004768,483.5,true,true,0,1808,586,483.5,0,completed,,,2026-09-24T08:54:43.483Z,2026-09-24T08:54:43.966Z,2026-09-24T08:54:43.966Z,,26,109499.866
1.2.0,29e40d9d-fcba-4886-8a14-dd6d3c6b3f5d,001,main,pointing-single-208-post104-continuous-v3,539807cd564d571194824c9e9a5986a9c009b1b63ed371ea94a24f47d2ef96d9,C3,"[""C3""]",training,C3,1,s3,3,10,36,36,36,35,35,29e40d9d-fcba-4886-8a14-dd6d3c6b3f5d:s3:t10,29e40d9d-fcba-4886-8a14-dd6d3c6b3f5d:s3:t10:a1,1,29e40d9d-fcba-4886-8a14-dd6d3c6b3f5d:segment1,180,20,3.321928094887362,878.0487804878048,97.5609756097561,884.4977650527946,0335b2c8-8084-4c33-9a3c-1e849357e589,1,2,8,1803.963695028724,558.7740005555054,1146.7347454150745,1141.0280419376672,1808,586,109975.20000004768,1086,1148,110475.20000004768,500,false,true,1,1133,1111,1183.2999999523163,683.2999999523163,completed,,,2026-09-24T08:54:43.966Z,2026-09-24T08:54:44.466Z,2026-09-24T08:54:45.150Z,,66,109982.5
1.2.0,29e40d9d-fcba-4886-8a14-dd6d3c6b3f5d,001,main,pointing-single-208-post104-continuous-v3,539807cd564d571194824c9e9a5986a9c009b1b63ed371ea94a24f47d2ef96d9,C3,"[""C3""]",training,C3,1,s3,3,11,37,37,37,36,36,29e40d9d-fcba-4886-8a14-dd6d3c6b3f5d:s3:t11,29e40d9d-fcba-4886-8a14-dd6d3c6b3f5d:s3:t11:a1,1,29e40d9d-fcba-4886-8a14-dd6d3c6b3f5d:segment1,180,20,3.321928094887362,878.0487804878048,97.5609756097561,884.4977650527946,0335b2c8-8084-4c33-9a3c-1e849357e589,1,8,1,1146.7347454150745,1141.0280419376672,1645.5233035204794,418.4080621286029,1133,1111,111158.5,1633,426,111641.80000019073,483.30000019073486,true,true,0,1633,426,483.30000019073486,0,completed,,,2026-09-24T08:54:45.150Z,2026-09-24T08:54:45.633Z,2026-09-24T08:54:45.633Z,,27,111166.6
1.2.0,29e40d9d-fcba-4886-8a14-dd6d3c6b3f5d,001,main,pointing-single-208-post104-continuous-v3,539807cd564d571194824c9e9a5986a9c009b1b63ed371ea94a24f47d2ef96d9,C3,"[""C3""]",training,C3,1,s3,3,12,38,38,38,37,37,29e40d9d-fcba-4886-8a14-dd6d3c6b3f5d:s3:t12,29e40d9d-fcba-4886-8a14-dd6d3c6b3f5d:s3:t12:a1,1,29e40d9d-fcba-4886-8a14-dd6d3c6b3f5d:segment1,180,20,3.321928094887362,878.0487804878048,97.5609756097561,884.4977650527946,0335b2c8-8084-4c33-9a3c-1e849357e589,1,1,7,1645.5233035204794,418.4080621286029,1334.1629148977652,1239.3979337548208,1633,426,111641.80000019073,1322,1229,112191.70000004768,549.8999998569489,true,true,0,1322,1229,549.8999998569489,0,completed,,,2026-09-24T08:54:45.633Z,2026-09-24T08:54:46.183Z,2026-09-24T08:54:46.183Z,,29,111649.962
1.2.0,29e40d9d-fcba-4886-8a14-dd6d3c6b3f5d,001,main,pointing-single-208-post104-continuous-v3,539807cd564d571194824c9e9a5986a9c009b1b63ed371ea94a24f47d2ef96d9,C3,"[""C3""]",training,C3,1,s3,3,13,39,39,39,38,38,29e40d9d-fcba-4886-8a14-dd6d3c6b3f5d:s3:t13,29e40d9d-fcba-4886-8a14-dd6d3c6b3f5d:s3:t13:a1,1,29e40d9d-fcba-4886-8a14-dd6d3c6b3f5d:segment1,180,20,3.321928094887362,878.0487804878048,97.5609756097561,884.4977650527946,0335b2c8-8084-4c33-9a3c-1e849357e589,1,7,0,1334.1629148977652,1239.3979337548208,1440,367.7511174736027,1322,1229,112191.70000004768,1426,370,112841.80000019073,650.1000001430511,true,true,0,1426,370,650.1000001430511,0,completed,,,2026-09-24T08:54:46.183Z,2026-09-24T08:54:46.833Z,2026-09-24T08:54:46.833Z,,37,112199.9
1.2.0,29e40d9d-fcba-4886-8a14-dd6d3c6b3f5d,001,main,pointing-single-208-post104-continuous-v3,539807cd564d571194824c9e9a5986a9c009b1b63ed371ea94a24f47d2ef96d9,C3,"[""C3""]",training,C3,1,s4,4,1,40,40,40,39,39,29e40d9d-fcba-4886-8a14-dd6d3c6b3f5d:s4:t1,29e40d9d-fcba-4886-8a14-dd6d3c6b3f5d:s4:t1:a1,1,29e40d9d-fcba-4886-8a14-dd6d3c6b3f5d:segment1,180,20,3.321928094887362,878.0487804878048,97.5609756097561,884.4977650527946,0335b2c8-8084-4c33-9a3c-1e849357e589,1,0,6,1440,367.7511174736027,1545.8370851022348,1239.3979337548208,1426,370,112841.80000019073,1558,1273,113375.20000004768,533.3999998569489,true,true,0,1558,1273,533.3999998569489,0,completed,,,2026-09-24T08:54:46.833Z,2026-09-24T08:54:47.366Z,2026-09-24T08:54:47.366Z,,26,112849.9
1.2.0,29e40d9d-fcba-4886-8a14-dd6d3c6b3f5d,001,main,pointing-single-208-post104-continuous-v3,539807cd564d571194824c9e9a5986a9c009b1b63ed371ea94a24f47d2ef96d9,C3,"[""C3""]",training,C3,1,s4,4,2,41,41,41,40,40,29e40d9d-fcba-4886-8a14-dd6d3c6b3f5d:s4:t2,29e40d9d-fcba-4886-8a14-dd6d3c6b3f5d:s4:t2:a1,1,29e40d9d-fcba-4886-8a14-dd6d3c6b3f5d:segment1,180,20,3.321928094887362,878.0487804878048,97.5609756097561,884.4977650527946,0335b2c8-8084-4c33-9a3c-1e849357e589,1,6,12,1545.8370851022348,1239.3979337548208,1234.4766964795208,418.40806212860286,1558,1273,113375.20000004768,1236,438,113841.70000004768,466.5,true,true,0,1236,438,466.5,0,completed,,,2026-09-24T08:54:47.366Z,2026-09-24T08:54:47.833Z,2026-09-24T08:54:47.833Z,,22,113366.6
1.2.0,29e40d9d-fcba-4886-8a14-dd6d3c6b3f5d,001,main,pointing-single-208-post104-continuous-v3,539807cd564d571194824c9e9a5986a9c009b1b63ed371ea94a24f47d2ef96d9,C3,"[""C3""]",training,C3,1,s4,4,3,42,42,42,41,41,29e40d9d-fcba-4886-8a14-dd6d3c6b3f5d:s4:t3,29e40d9d-fcba-4886-8a14-dd6d3c6b3f5d:s4:t3:a1,1,29e40d9d-fcba-4886-8a14-dd6d3c6b3f5d:segment1,180,20,3.321928094887362,878.0487804878048,97.5609756097561,884.4977650527946,0335b2c8-8084-4c33-9a3c-1e849357e589,1,12,5,1234.4766964795208,418.40806212860286,1733.2652545849257,1141.0280419376672,1236,438,113841.70000004768,1697,1153,114625.30000019073,783.6000001430511,true,true,0,1697,1153,783.6000001430511,0,completed,,,2026-09-24T08:54:47.833Z,2026-09-24T08:54:48.616Z,2026-09-24T08:54:48.616Z,,43,113849.93
1.2.0,29e40d9d-fcba-4886-8a14-dd6d3c6b3f5d,001,main,pointing-single-208-post104-continuous-v3,539807cd564d571194824c9e9a5986a9c009b1b63ed371ea94a24f47d2ef96d9,C3,"[""C3""]",training,C3,1,s4,4,4,43,43,43,42,42,29e40d9d-fcba-4886-8a14-dd6d3c6b3f5d:s4:t4,29e40d9d-fcba-4886-8a14-dd6d3c6b3f5d:s4:t4:a1,1,29e40d9d-fcba-4886-8a14-dd6d3c6b3f5d:segment1,180,20,3.321928094887362,878.0487804878048,97.5609756097561,884.4977650527946,0335b2c8-8084-4c33-9a3c-1e849357e589,1,5,11,1733.2652545849257,1141.0280419376672,1076.0363049712757,558.7740005555058,1697,1153,114625.30000019073,1106,579,115158.5,533.1999998092651,true,true,0,1106,579,533.1999998092651,0,completed,,,2026-09-24T08:54:48.616Z,2026-09-24T08:54:49.149Z,2026-09-24T08:54:49.149Z,,32,114616.626
1.2.0,29e40d9d-fcba-4886-8a14-dd6d3c6b3f5d,001,main,pointing-single-208-post104-continuous-v3,539807cd564d571194824c9e9a5986a9c009b1b63ed371ea94a24f47d2ef96d9,C3,"[""C3""]",training,C3,1,s4,4,5,44,44,44,43,43,29e40d9d-fcba-4886-8a14-dd6d3c6b3f5d:s4:t5,29e40d9d-fcba-4886-8a14-dd6d3c6b3f5d:s4:t5:a1,1,29e40d9d-fcba-4886-8a14-dd6d3c6b3f5d:segment1,180,20,3.321928094887362,878.0487804878048,97.5609756097561,884.4977650527946,0335b2c8-8084-4c33-9a3c-1e849357e589,1,11,4,1076.0363049712757,558.7740005555058,1853.5098884716554,966.8236150329607,1106,579,115158.5,1902,958,115692,533.5,false,true,1,1820,941,766.7000000476837,233.20000004768372,completed,,,2026-09-24T08:54:49.149Z,2026-09-24T08:54:49.683Z,2026-09-24T08:54:49.916Z,,29,115183.296
1.2.0,29e40d9d-fcba-4886-8a14-dd6d3c6b3f5d,001,main,pointing-single-208-post104-continuous-v3,539807cd564d571194824c9e9a5986a9c009b1b63ed371ea94a24f47d2ef96d9,C3,"[""C3""]",training,C3,1,s4,4,6,45,45,45,44,44,29e40d9d-fcba-4886-8a14-dd6d3c6b3f5d:s4:t6,29e40d9d-fcba-4886-8a14-dd6d3c6b3f5d:s4:t6:a1,1,29e40d9d-fcba-4886-8a14-dd6d3c6b3f5d:segment1,180,20,3.321928094887362,878.0487804878048,97.5609756097561,884.4977650527946,0335b2c8-8084-4c33-9a3c-1e849357e589,1,4,10,1853.5098884716554,966.8236150329607,1000.9756097560976,756.6927878536417,1820,941,115925.20000004768,969,745,116392,466.7999999523163,true,true,0,969,745,466.7999999523163,0,completed,,,2026-09-24T08:54:49.916Z,2026-09-24T08:54:50.383Z,2026-09-24T08:54:50.383Z,,23,115916.6
1.2.0,29e40d9d-fcba-4886-8a14-dd6d3c6b3f5d,001,main,pointing-single-208-post104-continuous-v3,539807cd564d571194824c9e9a5986a9c009b1b63ed371ea94a24f47d2ef96d9,C3,"[""C3""]",training,C3,1,s4,4,7,46,46,46,45,45,29e40d9d-fcba-4886-8a14-dd6d3c6b3f5d:s4:t7,29e40d9d-fcba-4886-8a14-dd6d3c6b3f5d:s4:t7:a1,1,29e40d9d-fcba-4886-8a14-dd6d3c6b3f5d:segment1,180,20,3.321928094887362,878.0487804878048,97.5609756097561,884.4977650527946,0335b2c8-8084-4c33-9a3c-1e849357e589,1,10,3,1000.9756097560976,756.6927878536417,1879.0243902439024,756.6927878536418,969,745,116392,1835,786,116891.60000014305,499.60000014305115,false,true,1,1864,756,1049.8000001907349,550.2000000476837,completed,,,2026-09-24T08:54:50.383Z,2026-09-24T08:54:50.883Z,2026-09-24T08:54:51.433Z,,48,116383.184
1.2.0,29e40d9d-fcba-4886-8a14-dd6d3c6b3f5d,001,main,pointing-single-208-post104-continuous-v3,539807cd564d571194824c9e9a5986a9c009b1b63ed371ea94a24f47d2ef96d9,C3,"[""C3""]",training,C3,1,s4,4,8,47,47,47,46,46,29e40d9d-fcba-4886-8a14-dd6d3c6b3f5d:s4:t8,29e40d9d-fcba-4886-8a14-dd6d3c6b3f5d:s4:t8:a1,1,29e40d9d-fcba-4886-8a14-dd6d3c6b3f5d:segment1,180,20,3.321928094887362,878.0487804878048,97.5609756097561,884.4977650527946,0335b2c8-8084-4c33-9a3c-1e849357e589,1,3,9,1879.0243902439024,756.6927878536418,1026.4901115283446,966.8236150329608,1864,756,117441.80000019073,992,1007,117958.80000019073,517,false,true,1,994,978,1750.0999999046326,1233.0999999046326,completed,,,2026-09-24T08:54:51.433Z,2026-09-24T08:54:51.950Z,2026-09-24T08:54:53.183Z,,98,117449.9
1.2.0,29e40d9d-fcba-4886-8a14-dd6d3c6b3f5d,001,main,pointing-single-208-post104-continuous-v3,539807cd564d571194824c9e9a5986a9c009b1b63ed371ea94a24f47d2ef96d9,C3,"[""C3""]",training,C3,1,s4,4,9,48,48,48,47,47,29e40d9d-fcba-4886-8a14-dd6d3c6b3f5d:s4:t9,29e40d9d-fcba-4886-8a14-dd6d3c6b3f5d:s4:t9:a1,1,29e40d9d-fcba-4886-8a14-dd6d3c6b3f5d:segment1,180,20,3.321928094887362,878.0487804878048,97.5609756097561,884.4977650527946,0335b2c8-8084-4c33-9a3c-1e849357e589,1,9,2,1026.4901115283446,966.8236150329608,1803.963695028724,558.7740005555054,994,978,119191.90000009537,1782,567,119725.20000004768,533.2999999523163,true,true,0,1782,567,533.2999999523163,0,completed,,,2026-09-24T08:54:53.183Z,2026-09-24T08:54:53.716Z,2026-09-24T08:54:53.716Z,,31,119199.8
1.2.0,29e40d9d-fcba-4886-8a14-dd6d3c6b3f5d,001,main,pointing-single-208-post104-continuous-v3,539807cd564d571194824c9e9a5986a9c009b1b63ed371ea94a24f47d2ef96d9,C3,"[""C3""]",training,C3,1,s4,4,10,49,49,49,48,48,29e40d9d-fcba-4886-8a14-dd6d3c6b3f5d:s4:t10,29e40d9d-fcba-4886-8a14-dd6d3c6b3f5d:s4:t10:a1,1,29e40d9d-fcba-4886-8a14-dd6d3c6b3f5d:segment1,180,20,3.321928094887362,878.0487804878048,97.5609756097561,884.4977650527946,0335b2c8-8084-4c33-9a3c-1e849357e589,1,2,8,1803.963695028724,558.7740005555054,1146.7347454150745,1141.0280419376672,1782,567,119725.20000004768,1202,1150,120225.20000004768,500,false,true,2,1139,1170,1216.5,716.5,completed,,,2026-09-24T08:54:53.716Z,2026-09-24T08:54:54.216Z,2026-09-24T08:54:54.932Z,,53,119733.216
1.2.0,29e40d9d-fcba-4886-8a14-dd6d3c6b3f5d,001,main,pointing-single-208-post104-continuous-v3,539807cd564d571194824c9e9a5986a9c009b1b63ed371ea94a24f47d2ef96d9,C3,"[""C3""]",training,C3,1,s4,4,11,50,50,50,49,49,29e40d9d-fcba-4886-8a14-dd6d3c6b3f5d:s4:t11,29e40d9d-fcba-4886-8a14-dd6d3c6b3f5d:s4:t11:a1,1,29e40d9d-fcba-4886-8a14-dd6d3c6b3f5d:segment1,180,20,3.321928094887362,878.0487804878048,97.5609756097561,884.4977650527946,0335b2c8-8084-4c33-9a3c-1e849357e589,1,8,1,1146.7347454150745,1141.0280419376672,1645.5233035204794,418.4080621286029,1139,1170,120941.70000004768,1608,410,121641.60000014305,699.9000000953674,true,true,0,1608,410,699.9000000953674,0,completed,,,2026-09-24T08:54:54.932Z,2026-09-24T08:54:55.632Z,2026-09-24T08:54:55.632Z,,38,120933.226
1.2.0,29e40d9d-fcba-4886-8a14-dd6d3c6b3f5d,001,main,pointing-single-208-post104-continuous-v3,539807cd564d571194824c9e9a5986a9c009b1b63ed371ea94a24f47d2ef96d9,C3,"[""C3""]",training,C3,1,s4,4,12,51,51,51,50,50,29e40d9d-fcba-4886-8a14-dd6d3c6b3f5d:s4:t12,29e40d9d-fcba-4886-8a14-dd6d3c6b3f5d:s4:t12:a1,1,29e40d9d-fcba-4886-8a14-dd6d3c6b3f5d:segment1,180,20,3.321928094887362,878.0487804878048,97.5609756097561,884.4977650527946,0335b2c8-8084-4c33-9a3c-1e849357e589,1,1,7,1645.5233035204794,418.4080621286029,1334.1629148977652,1239.3979337548208,1608,410,121641.60000014305,1313,1287,122242,600.3999998569489,false,true,1,1339,1213,900,299.60000014305115,completed,,,2026-09-24T08:54:55.632Z,2026-09-24T08:54:56.233Z,2026-09-24T08:54:56.532Z,,39,121649.924
1.2.0,29e40d9d-fcba-4886-8a14-dd6d3c6b3f5d,001,main,pointing-single-208-post104-continuous-v3,539807cd564d571194824c9e9a5986a9c009b1b63ed371ea94a24f47d2ef96d9,C3,"[""C3""]",training,C3,1,s4,4,13,52,52,52,51,51,29e40d9d-fcba-4886-8a14-dd6d3c6b3f5d:s4:t13,29e40d9d-fcba-4886-8a14-dd6d3c6b3f5d:s4:t13:a1,1,29e40d9d-fcba-4886-8a14-dd6d3c6b3f5d:segment1,180,20,3.321928094887362,878.0487804878048,97.5609756097561,884.4977650527946,0335b2c8-8084-4c33-9a3c-1e849357e589,1,7,0,1334.1629148977652,1239.3979337548208,1440,367.7511174736027,1339,1213,122541.60000014305,1403,360,123074.90000009537,533.2999999523163,true,true,0,1403,360,533.2999999523163,0,completed,,,2026-09-24T08:54:56.532Z,2026-09-24T08:54:57.066Z,2026-09-24T08:54:57.066Z,,25,122533.2
1.2.0,29e40d9d-fcba-4886-8a14-dd6d3c6b3f5d,001,main,pointing-single-208-post104-continuous-v3,539807cd564d571194824c9e9a5986a9c009b1b63ed371ea94a24f47d2ef96d9,C3,"[""C3""]",training,C3,1,s5,5,1,53,53,53,52,52,29e40d9d-fcba-4886-8a14-dd6d3c6b3f5d:s5:t1,29e40d9d-fcba-4886-8a14-dd6d3c6b3f5d:s5:t1:a1,1,29e40d9d-fcba-4886-8a14-dd6d3c6b3f5d:segment1,180,20,3.321928094887362,878.0487804878048,97.5609756097561,884.4977650527946,0335b2c8-8084-4c33-9a3c-1e849357e589,1,0,6,1440,367.7511174736027,1545.8370851022348,1239.3979337548208,1403,360,123074.90000009537,1585,1232,123658.60000014305,583.7000000476837,true,true,0,1585,1232,583.7000000476837,0,completed,,,2026-09-24T08:54:57.066Z,2026-09-24T08:54:57.649Z,2026-09-24T08:54:57.649Z,,30,123066.526
1.2.0,29e40d9d-fcba-4886-8a14-dd6d3c6b3f5d,001,main,pointing-single-208-post104-continuous-v3,539807cd564d571194824c9e9a5986a9c009b1b63ed371ea94a24f47d2ef96d9,C3,"[""C3""]",training,C3,1,s5,5,2,54,54,54,53,53,29e40d9d-fcba-4886-8a14-dd6d3c6b3f5d:s5:t2,29e40d9d-fcba-4886-8a14-dd6d3c6b3f5d:s5:t2:a1,1,29e40d9d-fcba-4886-8a14-dd6d3c6b3f5d:segment1,180,20,3.321928094887362,878.0487804878048,97.5609756097561,884.4977650527946,0335b2c8-8084-4c33-9a3c-1e849357e589,1,6,12,1545.8370851022348,1239.3979337548208,1234.4766964795208,418.40806212860286,1585,1232,123658.60000014305,1252,438,124208.5,549.8999998569489,true,true,0,1252,438,549.8999998569489,0,completed,,,2026-09-24T08:54:57.649Z,2026-09-24T08:54:58.199Z,2026-09-24T08:54:58.199Z,,29,123666.59
1.2.0,29e40d9d-fcba-4886-8a14-dd6d3c6b3f5d,001,main,pointing-single-208-post104-continuous-v3,539807cd564d571194824c9e9a5986a9c009b1b63ed371ea94a24f47d2ef96d9,C3,"[""C3""]",training,C3,1,s5,5,3,55,55,55,54,54,29e40d9d-fcba-4886-8a14-dd6d3c6b3f5d:s5:t3,29e40d9d-fcba-4886-8a14-dd6d3c6b3f5d:s5:t3:a1,1,29e40d9d-fcba-4886-8a14-dd6d3c6b3f5d:segment1,180,20,3.321928094887362,878.0487804878048,97.5609756097561,884.4977650527946,0335b2c8-8084-4c33-9a3c-1e849357e589,1,12,5,1234.4766964795208,418.40806212860286,1733.2652545849257,1141.0280419376672,1252,438,124208.5,1726,1139,124808.10000014305,599.6000001430511,true,true,0,1726,1139,599.6000001430511,0,completed,,,2026-09-24T08:54:58.199Z,2026-09-24T08:54:58.799Z,2026-09-24T08:54:58.799Z,,26,124216.5
1.2.0,29e40d9d-fcba-4886-8a14-dd6d3c6b3f5d,001,main,pointing-single-208-post104-continuous-v3,539807cd564d571194824c9e9a5986a9c009b1b63ed371ea94a24f47d2ef96d9,C3,"[""C3""]",training,C3,1,s5,5,4,56,56,56,55,55,29e40d9d-fcba-4886-8a14-dd6d3c6b3f5d:s5:t4,29e40d9d-fcba-4886-8a14-dd6d3c6b3f5d:s5:t4:a1,1,29e40d9d-fcba-4886-8a14-dd6d3c6b3f5d:segment1,180,20,3.321928094887362,878.0487804878048,97.5609756097561,884.4977650527946,0335b2c8-8084-4c33-9a3c-1e849357e589,1,5,11,1733.2652545849257,1141.0280419376672,1076.0363049712757,558.7740005555058,1726,1139,124808.10000014305,1016,564,125308.5,500.39999985694885,false,true,2,1114,571,1183.2000000476837,682.8000001907349,completed,,,2026-09-24T08:54:58.799Z,2026-09-24T08:54:59.299Z,2026-09-24T08:54:59.982Z,,62,124816.562
1.2.0,29e40d9d-fcba-4886-8a14-dd6d3c6b3f5d,001,main,pointing-single-208-post104-continuous-v3,539807cd564d571194824c9e9a5986a9c009b1b63ed371ea94a24f47d2ef96d9,C3,"[""C3""]",training,C3,1,s5,5,5,57,57,57,56,56,29e40d9d-fcba-4886-8a14-dd6d3c6b3f5d:s5:t5,29e40d9d-fcba-4886-8a14-dd6d3c6b3f5d:s5:t5:a1,1,29e40d9d-fcba-4886-8a14-dd6d3c6b3f5d:segment1,180,20,3.321928094887362,878.0487804878048,97.5609756097561,884.4977650527946,0335b2c8-8084-4c33-9a3c-1e849357e589,1,11,4,1076.0363049712757,558.7740005555058,1853.5098884716554,966.8236150329607,1114,571,125991.30000019073,1831,939,126475.30000019073,484,true,true,0,1831,939,484,0,completed,,,2026-09-24T08:54:59.982Z,2026-09-24T08:55:00.466Z,2026-09-24T08:55:00.466Z,,18,125983.266
1.2.0,29e40d9d-fcba-4886-8a14-dd6d3c6b3f5d,001,main,pointing-single-208-post104-continuous-v3,539807cd564d571194824c9e9a5986a9c009b1b63ed371ea94a24f47d2ef96d9,C3,"[""C3""]",training,C3,1,s5,5,6,58,58,58,57,57,29e40d9d-fcba-4886-8a14-dd6d3c6b3f5d:s5:t6,29e40d9d-fcba-4886-8a14-dd6d3c6b3f5d:s5:t6:a1,1,29e40d9d-fcba-4886-8a14-dd6d3c6b3f5d:segment1,180,20,3.321928094887362,878.0487804878048,97.5609756097561,884.4977650527946,0335b2c8-8084-4c33-9a3c-1e849357e589,1,4,10,1853.5098884716554,966.8236150329607,1000.9756097560976,756.6927878536417,1831,939,126475.30000019073,995,780,126941.90000009537,466.59999990463257,true,true,0,995,780,466.59999990463257,0,completed,,,2026-09-24T08:55:00.466Z,2026-09-24T08:55:00.933Z,2026-09-24T08:55:00.933Z,,26,126466.5
1.2.0,29e40d9d-fcba-4886-8a14-dd6d3c6b3f5d,001,main,pointing-single-208-post104-continuous-v3,539807cd564d571194824c9e9a5986a9c009b1b63ed371ea94a24f47d2ef96d9,C3,"[""C3""]",training,C3,1,s5,5,7,59,59,59,58,58,29e40d9d-fcba-4886-8a14-dd6d3c6b3f5d:s5:t7,29e40d9d-fcba-4886-8a14-dd6d3c6b3f5d:s5:t7:a1,1,29e40d9d-fcba-4886-8a14-dd6d3c6b3f5d:segment1,180,20,3.321928094887362,878.0487804878048,97.5609756097561,884.4977650527946,0335b2c8-8084-4c33-9a3c-1e849357e589,1,10,3,1000.9756097560976,756.6927878536417,1879.0243902439024,756.6927878536418,995,780,126941.90000009537,1904,782,127424.80000019073,482.90000009536743,true,true,0,1904,782,482.90000009536743,0,completed,,,2026-09-24T08:55:00.933Z,2026-09-24T08:55:01.415Z,2026-09-24T08:55:01.415Z,,27,126949.896
1.2.0,29e40d9d-fcba-4886-8a14-dd6d3c6b3f5d,001,main,pointing-single-208-post104-continuous-v3,539807cd564d571194824c9e9a5986a9c009b1b63ed371ea94a24f47d2ef96d9,C3,"[""C3""]",training,C3,1,s5,5,8,60,60,60,59,59,29e40d9d-fcba-4886-8a14-dd6d3c6b3f5d:s5:t8,29e40d9d-fcba-4886-8a14-dd6d3c6b3f5d:s5:t8:a1,1,29e40d9d-fcba-4886-8a14-dd6d3c6b3f5d:segment1,180,20,3.321928094887362,878.0487804878048,97.5609756097561,884.4977650527946,0335b2c8-8084-4c33-9a3c-1e849357e589,1,3,9,1879.0243902439024,756.6927878536418,1026.4901115283446,966.8236150329608,1904,782,127424.80000019073,1055,986,127958.5,533.6999998092651,true,true,0,1055,986,533.6999998092651,0,completed,,,2026-09-24T08:55:01.415Z,2026-09-24T08:55:01.949Z,2026-09-24T08:55:01.949Z,,26,127432.3
1.2.0,29e40d9d-fcba-4886-8a14-dd6d3c6b3f5d,001,main,pointing-single-208-post104-continuous-v3,539807cd564d571194824c9e9a5986a9c009b1b63ed371ea94a24f47d2ef96d9,C3,"[""C3""]",training,C3,1,s5,5,9,61,61,61,60,60,29e40d9d-fcba-4886-8a14-dd6d3c6b3f5d:s5:t9,29e40d9d-fcba-4886-8a14-dd6d3c6b3f5d:s5:t9:a1,1,29e40d9d-fcba-4886-8a14-dd6d3c6b3f5d:segment1,180,20,3.321928094887362,878.0487804878048,97.5609756097561,884.4977650527946,0335b2c8-8084-4c33-9a3c-1e849357e589,1,9,2,1026.4901115283446,966.8236150329608,1803.963695028724,558.7740005555054,1055,986,127958.5,1791,542,128475.40000009537,516.9000000953674,true,true,0,1791,542,516.9000000953674,0,completed,,,2026-09-24T08:55:01.949Z,2026-09-24T08:55:02.466Z,2026-09-24T08:55:02.466Z,,28,127966.598
1.2.0,29e40d9d-fcba-4886-8a14-dd6d3c6b3f5d,001,main,pointing-single-208-post104-continuous-v3,539807cd564d571194824c9e9a5986a9c009b1b63ed371ea94a24f47d2ef96d9,C3,"[""C3""]",training,C3,1,s5,5,10,62,62,62,61,61,29e40d9d-fcba-4886-8a14-dd6d3c6b3f5d:s5:t10,29e40d9d-fcba-4886-8a14-dd6d3c6b3f5d:s5:t10:a1,1,29e40d9d-fcba-4886-8a14-dd6d3c6b3f5d:segment1,180,20,3.321928094887362,878.0487804878048,97.5609756097561,884.4977650527946,0335b2c8-8084-4c33-9a3c-1e849357e589,1,2,8,1803.963695028724,558.7740005555054,1146.7347454150745,1141.0280419376672,1791,542,128475.40000009537,1127,1144,129291.5,816.0999999046326,true,true,0,1127,1144,816.0999999046326,0,completed,,,2026-09-24T08:55:02.466Z,2026-09-24T08:55:03.282Z,2026-09-24T08:55:03.282Z,,40,128483.232
1.2.0,29e40d9d-fcba-4886-8a14-dd6d3c6b3f5d,001,main,pointing-single-208-post104-continuous-v3,539807cd564d571194824c9e9a5986a9c009b1b63ed371ea94a24f47d2ef96d9,C3,"[""C3""]",training,C3,1,s5,5,11,63,63,63,62,62,29e40d9d-fcba-4886-8a14-dd6d3c6b3f5d:s5:t11,29e40d9d-fcba-4886-8a14-dd6d3c6b3f5d:s5:t11:a1,1,29e40d9d-fcba-4886-8a14-dd6d3c6b3f5d:segment1,180,20,3.321928094887362,878.0487804878048,97.5609756097561,884.4977650527946,0335b2c8-8084-4c33-9a3c-1e849357e589,1,8,1,1146.7347454150745,1141.0280419376672,1645.5233035204794,418.4080621286029,1127,1144,129291.5,1617,419,129991.90000009537,700.4000000953674,true,true,0,1617,419,700.4000000953674,0,completed,,,2026-09-24T08:55:03.282Z,2026-09-24T08:55:03.982Z,2026-09-24T08:55:03.982Z,,36,129298.9
1.2.0,29e40d9d-fcba-4886-8a14-dd6d3c6b3f5d,001,main,pointing-single-208-post104-continuous-v3,539807cd564d571194824c9e9a5986a9c009b1b63ed371ea94a24f47d2ef96d9,C3,"[""C3""]",training,C3,1,s5,5,12,64,64,64,63,63,29e40d9d-fcba-4886-8a14-dd6d3c6b3f5d:s5:t12,29e40d9d-fcba-4886-8a14-dd6d3c6b3f5d:s5:t12:a1,1,29e40d9d-fcba-4886-8a14-dd6d3c6b3f5d:segment1,180,20,3.321928094887362,878.0487804878048,97.5609756097561,884.4977650527946,0335b2c8-8084-4c33-9a3c-1e849357e589,1,1,7,1645.5233035204794,418.4080621286029,1334.1629148977652,1239.3979337548208,1617,419,129991.90000009537,1338,1236,130608,616.0999999046326,true,true,0,1338,1236,616.0999999046326,0,completed,,,2026-09-24T08:55:03.982Z,2026-09-24T08:55:04.598Z,2026-09-24T08:55:04.598Z,,31,129999.4
1.2.0,29e40d9d-fcba-4886-8a14-dd6d3c6b3f5d,001,main,pointing-single-208-post104-continuous-v3,539807cd564d571194824c9e9a5986a9c009b1b63ed371ea94a24f47d2ef96d9,C3,"[""C3""]",training,C3,1,s5,5,13,65,65,65,64,64,29e40d9d-fcba-4886-8a14-dd6d3c6b3f5d:s5:t13,29e40d9d-fcba-4886-8a14-dd6d3c6b3f5d:s5:t13:a1,1,29e40d9d-fcba-4886-8a14-dd6d3c6b3f5d:segment1,180,20,3.321928094887362,878.0487804878048,97.5609756097561,884.4977650527946,0335b2c8-8084-4c33-9a3c-1e849357e589,1,7,0,1334.1629148977652,1239.3979337548208,1440,367.7511174736027,1338,1236,130608,1430,390,131158.40000009537,550.4000000953674,true,true,0,1430,390,550.4000000953674,0,completed,,,2026-09-24T08:55:04.598Z,2026-09-24T08:55:05.149Z,2026-09-24T08:55:05.149Z,,26,130616.5
1.2.0,29e40d9d-fcba-4886-8a14-dd6d3c6b3f5d,001,main,pointing-single-208-post104-continuous-v3,539807cd564d571194824c9e9a5986a9c009b1b63ed371ea94a24f47d2ef96d9,C3,"[""C3""]",training,C3,1,s6,6,1,66,66,66,65,65,29e40d9d-fcba-4886-8a14-dd6d3c6b3f5d:s6:t1,29e40d9d-fcba-4886-8a14-dd6d3c6b3f5d:s6:t1:a1,1,29e40d9d-fcba-4886-8a14-dd6d3c6b3f5d:segment1,180,20,3.321928094887362,878.0487804878048,97.5609756097561,884.4977650527946,0335b2c8-8084-4c33-9a3c-1e849357e589,1,0,6,1440,367.7511174736027,1545.8370851022348,1239.3979337548208,1430,390,131158.40000009537,1516,1227,131708.60000014305,550.2000000476837,true,true,0,1516,1227,550.2000000476837,0,completed,,,2026-09-24T08:55:05.149Z,2026-09-24T08:55:05.699Z,2026-09-24T08:55:05.699Z,,27,131166.5
1.2.0,29e40d9d-fcba-4886-8a14-dd6d3c6b3f5d,001,main,pointing-single-208-post104-continuous-v3,539807cd564d571194824c9e9a5986a9c009b1b63ed371ea94a24f47d2ef96d9,C3,"[""C3""]",training,C3,1,s6,6,2,67,67,67,66,66,29e40d9d-fcba-4886-8a14-dd6d3c6b3f5d:s6:t2,29e40d9d-fcba-4886-8a14-dd6d3c6b3f5d:s6:t2:a1,1,29e40d9d-fcba-4886-8a14-dd6d3c6b3f5d:segment1,180,20,3.321928094887362,878.0487804878048,97.5609756097561,884.4977650527946,0335b2c8-8084-4c33-9a3c-1e849357e589,1,6,12,1545.8370851022348,1239.3979337548208,1234.4766964795208,418.40806212860286,1516,1227,131708.60000014305,1252,445,132241.80000019073,533.2000000476837,true,true,0,1252,445,533.2000000476837,0,completed,,,2026-09-24T08:55:05.699Z,2026-09-24T08:55:06.232Z,2026-09-24T08:55:06.232Z,,29,131716.526
1.2.0,29e40d9d-fcba-4886-8a14-dd6d3c6b3f5d,001,main,pointing-single-208-post104-continuous-v3,539807cd564d571194824c9e9a5986a9c009b1b63ed371ea94a24f47d2ef96d9,C3,"[""C3""]",training,C3,1,s6,6,3,68,68,68,67,67,29e40d9d-fcba-4886-8a14-dd6d3c6b3f5d:s6:t3,29e40d9d-fcba-4886-8a14-dd6d3c6b3f5d:s6:t3:a1,1,29e40d9d-fcba-4886-8a14-dd6d3c6b3f5d:segment1,180,20,3.321928094887362,878.0487804878048,97.5609756097561,884.4977650527946,0335b2c8-8084-4c33-9a3c-1e849357e589,1,12,5,1234.4766964795208,418.40806212860286,1733.2652545849257,1141.0280419376672,1252,445,132241.80000019073,1734,1160,132725.10000014305,483.2999999523163,true,true,0,1734,1160,483.2999999523163,0,completed,,,2026-09-24T08:55:06.232Z,2026-09-24T08:55:06.716Z,2026-09-24T08:55:06.716Z,,27,132233.228
1.2.0,29e40d9d-fcba-4886-8a14-dd6d3c6b3f5d,001,main,pointing-single-208-post104-continuous-v3,539807cd564d571194824c9e9a5986a9c009b1b63ed371ea94a24f47d2ef96d9,C3,"[""C3""]",training,C3,1,s6,6,4,69,69,69,68,68,29e40d9d-fcba-4886-8a14-dd6d3c6b3f5d:s6:t4,29e40d9d-fcba-4886-8a14-dd6d3c6b3f5d:s6:t4:a1,1,29e40d9d-fcba-4886-8a14-dd6d3c6b3f5d:segment1,180,20,3.321928094887362,878.0487804878048,97.5609756097561,884.4977650527946,0335b2c8-8084-4c33-9a3c-1e849357e589,1,5,11,1733.2652545849257,1141.0280419376672,1076.0363049712757,558.7740005555058,1734,1160,132725.10000014305,1079,557,133208.70000004768,483.59999990463257,true,true,0,1079,557,483.59999990463257,0,completed,,,2026-09-24T08:55:06.716Z,2026-09-24T08:55:07.199Z,2026-09-24T08:55:07.199Z,,25,132733.2
1.2.0,29e40d9d-fcba-4886-8a14-dd6d3c6b3f5d,001,main,pointing-single-208-post104-continuous-v3,539807cd564d571194824c9e9a5986a9c009b1b63ed371ea94a24f47d2ef96d9,C3,"[""C3""]",training,C3,1,s6,6,5,70,70,70,69,69,29e40d9d-fcba-4886-8a14-dd6d3c6b3f5d:s6:t5,29e40d9d-fcba-4886-8a14-dd6d3c6b3f5d:s6:t5:a1,1,29e40d9d-fcba-4886-8a14-dd6d3c6b3f5d:segment1,180,20,3.321928094887362,878.0487804878048,97.5609756097561,884.4977650527946,0335b2c8-8084-4c33-9a3c-1e849357e589,1,11,4,1076.0363049712757,558.7740005555058,1853.5098884716554,966.8236150329607,1079,557,133208.70000004768,1857,931,133725.20000004768,516.5,true,true,0,1857,931,516.5,0,completed,,,2026-09-24T08:55:07.199Z,2026-09-24T08:55:07.716Z,2026-09-24T08:55:07.716Z,,29,133216.566
1.2.0,29e40d9d-fcba-4886-8a14-dd6d3c6b3f5d,001,main,pointing-single-208-post104-continuous-v3,539807cd564d571194824c9e9a5986a9c009b1b63ed371ea94a24f47d2ef96d9,C3,"[""C3""]",training,C3,1,s6,6,6,71,71,71,70,70,29e40d9d-fcba-4886-8a14-dd6d3c6b3f5d:s6:t6,29e40d9d-fcba-4886-8a14-dd6d3c6b3f5d:s6:t6:a1,1,29e40d9d-fcba-4886-8a14-dd6d3c6b3f5d:segment1,180,20,3.321928094887362,878.0487804878048,97.5609756097561,884.4977650527946,0335b2c8-8084-4c33-9a3c-1e849357e589,1,4,10,1853.5098884716554,966.8236150329607,1000.9756097560976,756.6927878536417,1857,931,133725.20000004768,1022,777,134241.70000004768,516.5,true,true,0,1022,777,516.5,0,completed,,,2026-09-24T08:55:07.716Z,2026-09-24T08:55:08.232Z,2026-09-24T08:55:08.232Z,,25,133716.564
1.2.0,29e40d9d-fcba-4886-8a14-dd6d3c6b3f5d,001,main,pointing-single-208-post104-continuous-v3,539807cd564d571194824c9e9a5986a9c009b1b63ed371ea94a24f47d2ef96d9,C3,"[""C3""]",training,C3,1,s6,6,7,72,72,72,71,71,29e40d9d-fcba-4886-8a14-dd6d3c6b3f5d:s6:t7,29e40d9d-fcba-4886-8a14-dd6d3c6b3f5d:s6:t7:a1,1,29e40d9d-fcba-4886-8a14-dd6d3c6b3f5d:segment1,180,20,3.321928094887362,878.0487804878048,97.5609756097561,884.4977650527946,0335b2c8-8084-4c33-9a3c-1e849357e589,1,10,3,1000.9756097560976,756.6927878536417,1879.0243902439024,756.6927878536418,1022,777,134241.70000004768,1867,745,134674.90000009537,433.2000000476837,true,true,0,1867,745,433.2000000476837,0,completed,,,2026-09-24T08:55:08.232Z,2026-09-24T08:55:08.665Z,2026-09-24T08:55:08.665Z,,18,134249.892
1.2.0,29e40d9d-fcba-4886-8a14-dd6d3c6b3f5d,001,main,pointing-single-208-post104-continuous-v3,539807cd564d571194824c9e9a5986a9c009b1b63ed371ea94a24f47d2ef96d9,C3,"[""C3""]",training,C3,1,s6,6,8,73,73,73,72,72,29e40d9d-fcba-4886-8a14-dd6d3c6b3f5d:s6:t8,29e40d9d-fcba-4886-8a14-dd6d3c6b3f5d:s6:t8:a1,1,29e40d9d-fcba-4886-8a14-dd6d3c6b3f5d:segment1,180,20,3.321928094887362,878.0487804878048,97.5609756097561,884.4977650527946,0335b2c8-8084-4c33-9a3c-1e849357e589,1,3,9,1879.0243902439024,756.6927878536418,1026.4901115283446,966.8236150329608,1867,745,134674.90000009537,1025,1018,135174.70000004768,499.7999999523163,false,true,1,1022,957,1216.5999999046326,716.7999999523163,completed,,,2026-09-24T08:55:08.665Z,2026-09-24T08:55:09.165Z,2026-09-24T08:55:09.882Z,,66,134666.526
1.2.0,29e40d9d-fcba-4886-8a14-dd6d3c6b3f5d,001,main,pointing-single-208-post104-continuous-v3,539807cd564d571194824c9e9a5986a9c009b1b63ed371ea94a24f47d2ef96d9,C3,"[""C3""]",training,C3,1,s6,6,9,74,74,74,73,73,29e40d9d-fcba-4886-8a14-dd6d3c6b3f5d:s6:t9,29e40d9d-fcba-4886-8a14-dd6d3c6b3f5d:s6:t9:a1,1,29e40d9d-fcba-4886-8a14-dd6d3c6b3f5d:segment1,180,20,3.321928094887362,878.0487804878048,97.5609756097561,884.4977650527946,0335b2c8-8084-4c33-9a3c-1e849357e589,1,9,2,1026.4901115283446,966.8236150329608,1803.963695028724,558.7740005555054,1022,957,135891.5,1801,562,136358.60000014305,467.10000014305115,true,true,0,1801,562,467.10000014305115,0,completed,,,2026-09-24T08:55:09.882Z,2026-09-24T08:55:10.349Z,2026-09-24T08:55:10.349Z,,22,135899.866
1.2.0,29e40d9d-fcba-4886-8a14-dd6d3c6b3f5d,001,main,pointing-single-208-post104-continuous-v3,539807cd564d571194824c9e9a5986a9c009b1b63ed371ea94a24f47d2ef96d9,C3,"[""C3""]",training,C3,1,s6,6,10,75,75,75,74,74,29e40d9d-fcba-4886-8a14-dd6d3c6b3f5d:s6:t10,29e40d9d-fcba-4886-8a14-dd6d3c6b3f5d:s6:t10:a1,1,29e40d9d-fcba-4886-8a14-dd6d3c6b3f5d:segment1,180,20,3.321928094887362,878.0487804878048,97.5609756097561,884.4977650527946,0335b2c8-8084-4c33-9a3c-1e849357e589,1,2,8,1803.963695028724,558.7740005555054,1146.7347454150745,1141.0280419376672,1801,562,136358.60000014305,1133,1101,136925.10000014305,566.5,true,true,0,1133,1101,566.5,0,completed,,,2026-09-24T08:55:10.349Z,2026-09-24T08:55:10.915Z,2026-09-24T08:55:10.915Z,,29,136349.83
1.2.0,29e40d9d-fcba-4886-8a14-dd6d3c6b3f5d,001,main,pointing-single-208-post104-continuous-v3,539807cd564d571194824c9e9a5986a9c009b1b63ed371ea94a24f47d2ef96d9,C3,"[""C3""]",training,C3,1,s6,6,11,76,76,76,75,75,29e40d9d-fcba-4886-8a14-dd6d3c6b3f5d:s6:t11,29e40d9d-fcba-4886-8a14-dd6d3c6b3f5d:s6:t11:a1,1,29e40d9d-fcba-4886-8a14-dd6d3c6b3f5d:segment1,180,20,3.321928094887362,878.0487804878048,97.5609756097561,884.4977650527946,0335b2c8-8084-4c33-9a3c-1e849357e589,1,8,1,1146.7347454150745,1141.0280419376672,1645.5233035204794,418.4080621286029,1133,1101,136925.10000014305,1654,419,137491.40000009537,566.2999999523163,true,true,0,1654,419,566.2999999523163,0,completed,,,2026-09-24T08:55:10.915Z,2026-09-24T08:55:11.482Z,2026-09-24T08:55:11.482Z,,30,136933.1
1.2.0,29e40d9d-fcba-4886-8a14-dd6d3c6b3f5d,001,main,pointing-single-208-post104-continuous-v3,539807cd564d571194824c9e9a5986a9c009b1b63ed371ea94a24f47d2ef96d9,C3,"[""C3""]",training,C3,1,s6,6,12,77,77,77,76,76,29e40d9d-fcba-4886-8a14-dd6d3c6b3f5d:s6:t12,29e40d9d-fcba-4886-8a14-dd6d3c6b3f5d:s6:t12:a1,1,29e40d9d-fcba-4886-8a14-dd6d3c6b3f5d:segment1,180,20,3.321928094887362,878.0487804878048,97.5609756097561,884.4977650527946,0335b2c8-8084-4c33-9a3c-1e849357e589,1,1,7,1645.5233035204794,418.4080621286029,1334.1629148977652,1239.3979337548208,1654,419,137491.40000009537,1350,1252,138024.70000004768,533.2999999523163,true,true,0,1350,1252,533.2999999523163,0,completed,,,2026-09-24T08:55:11.482Z,2026-09-24T08:55:12.015Z,2026-09-24T08:55:12.015Z,,27,137499.8
1.2.0,29e40d9d-fcba-4886-8a14-dd6d3c6b3f5d,001,main,pointing-single-208-post104-continuous-v3,539807cd564d571194824c9e9a5986a9c009b1b63ed371ea94a24f47d2ef96d9,C3,"[""C3""]",training,C3,1,s6,6,13,78,78,78,77,77,29e40d9d-fcba-4886-8a14-dd6d3c6b3f5d:s6:t13,29e40d9d-fcba-4886-8a14-dd6d3c6b3f5d:s6:t13:a1,1,29e40d9d-fcba-4886-8a14-dd6d3c6b3f5d:segment1,180,20,3.321928094887362,878.0487804878048,97.5609756097561,884.4977650527946,0335b2c8-8084-4c33-9a3c-1e849357e589,1,7,0,1334.1629148977652,1239.3979337548208,1440,367.7511174736027,1350,1252,138024.70000004768,1423,370,138658.20000004768,633.5,true,true,0,1423,370,633.5,0,completed,,,2026-09-24T08:55:12.015Z,2026-09-24T08:55:12.648Z,2026-09-24T08:55:12.648Z,,34,138016.532
1.2.0,29e40d9d-fcba-4886-8a14-dd6d3c6b3f5d,001,main,pointing-single-208-post104-continuous-v3,539807cd564d571194824c9e9a5986a9c009b1b63ed371ea94a24f47d2ef96d9,C3,"[""C3""]",training,C3,1,s7,7,1,79,79,79,78,78,29e40d9d-fcba-4886-8a14-dd6d3c6b3f5d:s7:t1,29e40d9d-fcba-4886-8a14-dd6d3c6b3f5d:s7:t1:a1,1,29e40d9d-fcba-4886-8a14-dd6d3c6b3f5d:segment1,180,20,3.321928094887362,878.0487804878048,97.5609756097561,884.4977650527946,0335b2c8-8084-4c33-9a3c-1e849357e589,1,0,6,1440,367.7511174736027,1545.8370851022348,1239.3979337548208,1423,370,138658.20000004768,1515,1258,139324.70000004768,666.5,true,true,0,1515,1258,666.5,0,completed,,,2026-09-24T08:55:12.648Z,2026-09-24T08:55:13.315Z,2026-09-24T08:55:13.315Z,,32,138666
1.2.0,29e40d9d-fcba-4886-8a14-dd6d3c6b3f5d,001,main,pointing-single-208-post104-continuous-v3,539807cd564d571194824c9e9a5986a9c009b1b63ed371ea94a24f47d2ef96d9,C3,"[""C3""]",training,C3,1,s7,7,2,80,80,80,79,79,29e40d9d-fcba-4886-8a14-dd6d3c6b3f5d:s7:t2,29e40d9d-fcba-4886-8a14-dd6d3c6b3f5d:s7:t2:a1,1,29e40d9d-fcba-4886-8a14-dd6d3c6b3f5d:segment1,180,20,3.321928094887362,878.0487804878048,97.5609756097561,884.4977650527946,0335b2c8-8084-4c33-9a3c-1e849357e589,1,6,12,1545.8370851022348,1239.3979337548208,1234.4766964795208,418.40806212860286,1515,1258,139324.70000004768,1236,466,139858.5,533.7999999523163,true,true,0,1236,466,533.7999999523163,0,completed,,,2026-09-24T08:55:13.315Z,2026-09-24T08:55:13.849Z,2026-09-24T08:55:13.849Z,,29,139316.53
1.2.0,29e40d9d-fcba-4886-8a14-dd6d3c6b3f5d,001,main,pointing-single-208-post104-continuous-v3,539807cd564d571194824c9e9a5986a9c009b1b63ed371ea94a24f47d2ef96d9,C3,"[""C3""]",training,C3,1,s7,7,3,81,81,81,80,80,29e40d9d-fcba-4886-8a14-dd6d3c6b3f5d:s7:t3,29e40d9d-fcba-4886-8a14-dd6d3c6b3f5d:s7:t3:a1,1,29e40d9d-fcba-4886-8a14-dd6d3c6b3f5d:segment1,180,20,3.321928094887362,878.0487804878048,97.5609756097561,884.4977650527946,0335b2c8-8084-4c33-9a3c-1e849357e589,1,12,5,1234.4766964795208,418.40806212860286,1733.2652545849257,1141.0280419376672,1236,466,139858.5,1712,1151,140491.60000014305,633.1000001430511,true,true,0,1712,1151,633.1000001430511,0,completed,,,2026-09-24T08:55:13.849Z,2026-09-24T08:55:14.482Z,2026-09-24T08:55:14.482Z,,29,139866.466
1.2.0,29e40d9d-fcba-4886-8a14-dd6d3c6b3f5d,001,main,pointing-single-208-post104-continuous-v3,539807cd564d571194824c9e9a5986a9c009b1b63ed371ea94a24f47d2ef96d9,C3,"[""C3""]",training,C3,1,s7,7,4,82,82,82,81,81,29e40d9d-fcba-4886-8a14-dd6d3c6b3f5d:s7:t4,29e40d9d-fcba-4886-8a14-dd6d3c6b3f5d:s7:t4:a1,1,29e40d9d-fcba-4886-8a14-dd6d3c6b3f5d:segment1,180,20,3.321928094887362,878.0487804878048,97.5609756097561,884.4977650527946,0335b2c8-8084-4c33-9a3c-1e849357e589,1,5,11,1733.2652545849257,1141.0280419376672,1076.0363049712757,558.7740005555058,1712,1151,140491.60000014305,1066,557,140991.80000019073,500.2000000476837,true,true,0,1066,557,500.2000000476837,0,completed,,,2026-09-24T08:55:14.482Z,2026-09-24T08:55:14.982Z,2026-09-24T08:55:14.982Z,,25,140499.8
1.2.0,29e40d9d-fcba-4886-8a14-dd6d3c6b3f5d,001,main,pointing-single-208-post104-continuous-v3,539807cd564d571194824c9e9a5986a9c009b1b63ed371ea94a24f47d2ef96d9,C3,"[""C3""]",training,C3,1,s7,7,5,83,83,83,82,82,29e40d9d-fcba-4886-8a14-dd6d3c6b3f5d:s7:t5,29e40d9d-fcba-4886-8a14-dd6d3c6b3f5d:s7:t5:a1,1,29e40d9d-fcba-4886-8a14-dd6d3c6b3f5d:segment1,180,20,3.321928094887362,878.0487804878048,97.5609756097561,884.4977650527946,0335b2c8-8084-4c33-9a3c-1e849357e589,1,11,4,1076.0363049712757,558.7740005555058,1853.5098884716554,966.8236150329607,1066,557,140991.80000019073,1930,987,141441.70000004768,449.89999985694885,false,true,1,1859,960,700,250.10000014305115,completed,,,2026-09-24T08:55:14.982Z,2026-09-24T08:55:15.432Z,2026-09-24T08:55:15.682Z,,31,140999.2
1.2.0,29e40d9d-fcba-4886-8a14-dd6d3c6b3f5d,001,main,pointing-single-208-post104-continuous-v3,539807cd564d571194824c9e9a5986a9c009b1b63ed371ea94a24f47d2ef96d9,C3,"[""C3""]",training,C3,1,s7,7,6,84,84,84,83,83,29e40d9d-fcba-4886-8a14-dd6d3c6b3f5d:s7:t6,29e40d9d-fcba-4886-8a14-dd6d3c6b3f5d:s7:t6:a1,1,29e40d9d-fcba-4886-8a14-dd6d3c6b3f5d:segment1,180,20,3.321928094887362,878.0487804878048,97.5609756097561,884.4977650527946,0335b2c8-8084-4c33-9a3c-1e849357e589,1,4,10,1853.5098884716554,966.8236150329607,1000.9756097560976,756.6927878536417,1859,960,141691.80000019073,1015,792,142392.20000004768,700.3999998569489,true,true,0,1015,792,700.3999998569489,0,completed,,,2026-09-24T08:55:15.682Z,2026-09-24T08:55:16.382Z,2026-09-24T08:55:16.382Z,,41,141699.8
1.2.0,29e40d9d-fcba-4886-8a14-dd6d3c6b3f5d,001,main,pointing-single-208-post104-continuous-v3,539807cd564d571194824c9e9a5986a9c009b1b63ed371ea94a24f47d2ef96d9,C3,"[""C3""]",training,C3,1,s7,7,7,85,85,85,84,84,29e40d9d-fcba-4886-8a14-dd6d3c6b3f5d:s7:t7,29e40d9d-fcba-4886-8a14-dd6d3c6b3f5d:s7:t7:a1,1,29e40d9d-fcba-4886-8a14-dd6d3c6b3f5d:segment1,180,20,3.321928094887362,878.0487804878048,97.5609756097561,884.4977650527946,0335b2c8-8084-4c33-9a3c-1e849357e589,1,10,3,1000.9756097560976,756.6927878536417,1879.0243902439024,756.6927878536418,1015,792,142392.20000004768,1873,798,143125.90000009537,733.7000000476837,true,true,0,1873,798,733.7000000476837,0,completed,,,2026-09-24T08:55:16.382Z,2026-09-24T08:55:17.116Z,2026-09-24T08:55:17.116Z,,37,142399.832
1.2.0,29e40d9d-fcba-4886-8a14-dd6d3c6b3f5d,001,main,pointing-single-208-post104-continuous-v3,539807cd564d571194824c9e9a5986a9c009b1b63ed371ea94a24f47d2ef96d9,C3,"[""C3""]",training,C3,1,s7,7,8,86,86,86,85,85,29e40d9d-fcba-4886-8a14-dd6d3c6b3f5d:s7:t8,29e40d9d-fcba-4886-8a14-dd6d3c6b3f5d:s7:t8:a1,1,29e40d9d-fcba-4886-8a14-dd6d3c6b3f5d:segment1,180,20,3.321928094887362,878.0487804878048,97.5609756097561,884.4977650527946,0335b2c8-8084-4c33-9a3c-1e849357e589,1,3,9,1879.0243902439024,756.6927878536418,1026.4901115283446,966.8236150329608,1873,798,143125.90000009537,1036,962,143624.80000019073,498.90000009536743,true,true,0,1036,962,498.90000009536743,0,completed,,,2026-09-24T08:55:17.116Z,2026-09-24T08:55:17.615Z,2026-09-24T08:55:17.615Z,,27,143116.526
1.2.0,29e40d9d-fcba-4886-8a14-dd6d3c6b3f5d,001,main,pointing-single-208-post104-continuous-v3,539807cd564d571194824c9e9a5986a9c009b1b63ed371ea94a24f47d2ef96d9,C3,"[""C3""]",training,C3,1,s7,7,9,87,87,87,86,86,29e40d9d-fcba-4886-8a14-dd6d3c6b3f5d:s7:t9,29e40d9d-fcba-4886-8a14-dd6d3c6b3f5d:s7:t9:a1,1,29e40d9d-fcba-4886-8a14-dd6d3c6b3f5d:segment1,180,20,3.321928094887362,878.0487804878048,97.5609756097561,884.4977650527946,0335b2c8-8084-4c33-9a3c-1e849357e589,1,9,2,1026.4901115283446,966.8236150329608,1803.963695028724,558.7740005555054,1036,962,143624.80000019073,1800,554,144075.10000014305,450.2999999523163,true,true,0,1800,554,450.2999999523163,0,completed,,,2026-09-24T08:55:17.615Z,2026-09-24T08:55:18.065Z,2026-09-24T08:55:18.065Z,,25,143633.1
1.2.0,29e40d9d-fcba-4886-8a14-dd6d3c6b3f5d,001,main,pointing-single-208-post104-continuous-v3,539807cd564d571194824c9e9a5986a9c009b1b63ed371ea94a24f47d2ef96d9,C3,"[""C3""]",training,C3,1,s7,7,10,88,88,88,87,87,29e40d9d-fcba-4886-8a14-dd6d3c6b3f5d:s7:t10,29e40d9d-fcba-4886-8a14-dd6d3c6b3f5d:s7:t10:a1,1,29e40d9d-fcba-4886-8a14-dd6d3c6b3f5d:segment1,180,20,3.321928094887362,878.0487804878048,97.5609756097561,884.4977650527946,0335b2c8-8084-4c33-9a3c-1e849357e589,1,2,8,1803.963695028724,558.7740005555054,1146.7347454150745,1141.0280419376672,1800,554,144075.10000014305,1119,1117,144875.40000009537,800.2999999523163,true,true,0,1119,1117,800.2999999523163,0,completed,,,2026-09-24T08:55:18.065Z,2026-09-24T08:55:18.865Z,2026-09-24T08:55:18.865Z,,38,144083.1
1.2.0,29e40d9d-fcba-4886-8a14-dd6d3c6b3f5d,001,main,pointing-single-208-post104-continuous-v3,539807cd564d571194824c9e9a5986a9c009b1b63ed371ea94a24f47d2ef96d9,C3,"[""C3""]",training,C3,1,s7,7,11,89,89,89,88,88,29e40d9d-fcba-4886-8a14-dd6d3c6b3f5d:s7:t11,29e40d9d-fcba-4886-8a14-dd6d3c6b3f5d:s7:t11:a1,1,29e40d9d-fcba-4886-8a14-dd6d3c6b3f5d:segment1,180,20,3.321928094887362,878.0487804878048,97.5609756097561,884.4977650527946,0335b2c8-8084-4c33-9a3c-1e849357e589,1,8,1,1146.7347454150745,1141.0280419376672,1645.5233035204794,418.4080621286029,1119,1117,144875.40000009537,1649,385,145374.80000019073,499.40000009536743,true,true,0,1649,385,499.40000009536743,0,completed,,,2026-09-24T08:55:18.865Z,2026-09-24T08:55:19.365Z,2026-09-24T08:55:19.365Z,,22,144883.1
1.2.0,29e40d9d-fcba-4886-8a14-dd6d3c6b3f5d,001,main,pointing-single-208-post104-continuous-v3,539807cd564d571194824c9e9a5986a9c009b1b63ed371ea94a24f47d2ef96d9,C3,"[""C3""]",training,C3,1,s7,7,12,90,90,90,89,89,29e40d9d-fcba-4886-8a14-dd6d3c6b3f5d:s7:t12,29e40d9d-fcba-4886-8a14-dd6d3c6b3f5d:s7:t12:a1,1,29e40d9d-fcba-4886-8a14-dd6d3c6b3f5d:segment1,180,20,3.321928094887362,878.0487804878048,97.5609756097561,884.4977650527946,0335b2c8-8084-4c33-9a3c-1e849357e589,1,1,7,1645.5233035204794,418.4080621286029,1334.1629148977652,1239.3979337548208,1649,385,145374.80000019073,1348,1230,145891.70000004768,516.8999998569489,true,true,0,1348,1230,516.8999998569489,0,completed,,,2026-09-24T08:55:19.365Z,2026-09-24T08:55:19.882Z,2026-09-24T08:55:19.882Z,,25,145382.9
1.2.0,29e40d9d-fcba-4886-8a14-dd6d3c6b3f5d,001,main,pointing-single-208-post104-continuous-v3,539807cd564d571194824c9e9a5986a9c009b1b63ed371ea94a24f47d2ef96d9,C3,"[""C3""]",training,C3,1,s7,7,13,91,91,91,90,90,29e40d9d-fcba-4886-8a14-dd6d3c6b3f5d:s7:t13,29e40d9d-fcba-4886-8a14-dd6d3c6b3f5d:s7:t13:a1,1,29e40d9d-fcba-4886-8a14-dd6d3c6b3f5d:segment1,180,20,3.321928094887362,878.0487804878048,97.5609756097561,884.4977650527946,0335b2c8-8084-4c33-9a3c-1e849357e589,1,7,0,1334.1629148977652,1239.3979337548208,1440,367.7511174736027,1348,1230,145891.70000004768,1478,401,146358.40000009537,466.7000000476837,false,true,1,1455,382,649.7000000476837,183,completed,,,2026-09-24T08:55:19.882Z,2026-09-24T08:55:20.348Z,2026-09-24T08:55:20.531Z,,32,145883.158
1.2.0,29e40d9d-fcba-4886-8a14-dd6d3c6b3f5d,001,main,pointing-single-208-post104-continuous-v3,539807cd564d571194824c9e9a5986a9c009b1b63ed371ea94a24f47d2ef96d9,C3,"[""C3""]",training,C3,1,s8,8,1,92,92,92,91,91,29e40d9d-fcba-4886-8a14-dd6d3c6b3f5d:s8:t1,29e40d9d-fcba-4886-8a14-dd6d3c6b3f5d:s8:t1:a1,1,29e40d9d-fcba-4886-8a14-dd6d3c6b3f5d:segment1,180,20,3.321928094887362,878.0487804878048,97.5609756097561,884.4977650527946,0335b2c8-8084-4c33-9a3c-1e849357e589,1,0,6,1440,367.7511174736027,1545.8370851022348,1239.3979337548208,1455,382,146541.40000009537,1594,1255,147008.30000019073,466.90000009536743,false,true,1,1530,1257,1251.2000000476837,784.2999999523163,completed,,,2026-09-24T08:55:20.531Z,2026-09-24T08:55:20.998Z,2026-09-24T08:55:21.783Z,,69,146533.132
1.2.0,29e40d9d-fcba-4886-8a14-dd6d3c6b3f5d,001,main,pointing-single-208-post104-continuous-v3,539807cd564d571194824c9e9a5986a9c009b1b63ed371ea94a24f47d2ef96d9,C3,"[""C3""]",training,C3,1,s8,8,2,93,93,93,92,92,29e40d9d-fcba-4886-8a14-dd6d3c6b3f5d:s8:t2,29e40d9d-fcba-4886-8a14-dd6d3c6b3f5d:s8:t2:a1,1,29e40d9d-fcba-4886-8a14-dd6d3c6b3f5d:segment1,180,20,3.321928094887362,878.0487804878048,97.5609756097561,884.4977650527946,0335b2c8-8084-4c33-9a3c-1e849357e589,1,6,12,1545.8370851022348,1239.3979337548208,1234.4766964795208,418.40806212860286,1530,1257,147792.60000014305,1247,411,148291.40000009537,498.7999999523163,true,true,0,1247,411,498.7999999523163,0,completed,,,2026-09-24T08:55:21.783Z,2026-09-24T08:55:22.281Z,2026-09-24T08:55:22.281Z,,28,147799.83
1.2.0,29e40d9d-fcba-4886-8a14-dd6d3c6b3f5d,001,main,pointing-single-208-post104-continuous-v3,539807cd564d571194824c9e9a5986a9c009b1b63ed371ea94a24f47d2ef96d9,C3,"[""C3""]",training,C3,1,s8,8,3,94,94,94,93,93,29e40d9d-fcba-4886-8a14-dd6d3c6b3f5d:s8:t3,29e40d9d-fcba-4886-8a14-dd6d3c6b3f5d:s8:t3:a1,1,29e40d9d-fcba-4886-8a14-dd6d3c6b3f5d:segment1,180,20,3.321928094887362,878.0487804878048,97.5609756097561,884.4977650527946,0335b2c8-8084-4c33-9a3c-1e849357e589,1,12,5,1234.4766964795208,418.40806212860286,1733.2652545849257,1141.0280419376672,1247,411,148291.40000009537,1722,1179,148792,500.59999990463257,true,true,0,1722,1179,500.59999990463257,0,completed,,,2026-09-24T08:55:22.281Z,2026-09-24T08:55:22.782Z,2026-09-24T08:55:22.782Z,,27,148299.6
1.2.0,29e40d9d-fcba-4886-8a14-dd6d3c6b3f5d,001,main,pointing-single-208-post104-continuous-v3,539807cd564d571194824c9e9a5986a9c009b1b63ed371ea94a24f47d2ef96d9,C3,"[""C3""]",training,C3,1,s8,8,4,95,95,95,94,94,29e40d9d-fcba-4886-8a14-dd6d3c6b3f5d:s8:t4,29e40d9d-fcba-4886-8a14-dd6d3c6b3f5d:s8:t4:a1,1,29e40d9d-fcba-4886-8a14-dd6d3c6b3f5d:segment1,180,20,3.321928094887362,878.0487804878048,97.5609756097561,884.4977650527946,0335b2c8-8084-4c33-9a3c-1e849357e589,1,5,11,1733.2652545849257,1141.0280419376672,1076.0363049712757,558.7740005555058,1722,1179,148792,1035,564,149258.30000019073,466.30000019073486,true,true,0,1035,564,466.30000019073486,0,completed,,,2026-09-24T08:55:22.782Z,2026-09-24T08:55:23.248Z,2026-09-24T08:55:23.248Z,,25,148783.164
1.2.0,29e40d9d-fcba-4886-8a14-dd6d3c6b3f5d,001,main,pointing-single-208-post104-continuous-v3,539807cd564d571194824c9e9a5986a9c009b1b63ed371ea94a24f47d2ef96d9,C3,"[""C3""]",training,C3,1,s8,8,5,96,96,96,95,95,29e40d9d-fcba-4886-8a14-dd6d3c6b3f5d:s8:t5,29e40d9d-fcba-4886-8a14-dd6d3c6b3f5d:s8:t5:a1,1,29e40d9d-fcba-4886-8a14-dd6d3c6b3f5d:segment1,180,20,3.321928094887362,878.0487804878048,97.5609756097561,884.4977650527946,0335b2c8-8084-4c33-9a3c-1e849357e589,1,11,4,1076.0363049712757,558.7740005555058,1853.5098884716554,966.8236150329607,1035,564,149258.30000019073,1841,953,149841.5,583.1999998092651,true,true,0,1841,953,583.1999998092651,0,completed,,,2026-09-24T08:55:23.248Z,2026-09-24T08:55:23.831Z,2026-09-24T08:55:23.831Z,,29,149266.1
1.2.0,29e40d9d-fcba-4886-8a14-dd6d3c6b3f5d,001,main,pointing-single-208-post104-continuous-v3,539807cd564d571194824c9e9a5986a9c009b1b63ed371ea94a24f47d2ef96d9,C3,"[""C3""]",training,C3,1,s8,8,6,97,97,97,96,96,29e40d9d-fcba-4886-8a14-dd6d3c6b3f5d:s8:t6,29e40d9d-fcba-4886-8a14-dd6d3c6b3f5d:s8:t6:a1,1,29e40d9d-fcba-4886-8a14-dd6d3c6b3f5d:segment1,180,20,3.321928094887362,878.0487804878048,97.5609756097561,884.4977650527946,0335b2c8-8084-4c33-9a3c-1e849357e589,1,4,10,1853.5098884716554,966.8236150329607,1000.9756097560976,756.6927878536417,1841,953,149841.5,978,754,150375,533.5,true,true,0,978,754,533.5,0,completed,,,2026-09-24T08:55:23.831Z,2026-09-24T08:55:24.365Z,2026-09-24T08:55:24.365Z,,24,149849.822
1.2.0,29e40d9d-fcba-4886-8a14-dd6d3c6b3f5d,001,main,pointing-single-208-post104-continuous-v3,539807cd564d571194824c9e9a5986a9c009b1b63ed371ea94a24f47d2ef96d9,C3,"[""C3""]",training,C3,1,s8,8,7,98,98,98,97,97,29e40d9d-fcba-4886-8a14-dd6d3c6b3f5d:s8:t7,29e40d9d-fcba-4886-8a14-dd6d3c6b3f5d:s8:t7:a1,1,29e40d9d-fcba-4886-8a14-dd6d3c6b3f5d:segment1,180,20,3.321928094887362,878.0487804878048,97.5609756097561,884.4977650527946,0335b2c8-8084-4c33-9a3c-1e849357e589,1,10,3,1000.9756097560976,756.6927878536417,1879.0243902439024,756.6927878536418,978,754,150375,1911,766,150858.20000004768,483.2000000476837,true,true,0,1911,766,483.2000000476837,0,completed,,,2026-09-24T08:55:24.365Z,2026-09-24T08:55:24.848Z,2026-09-24T08:55:24.848Z,,27,150366.5
1.2.0,29e40d9d-fcba-4886-8a14-dd6d3c6b3f5d,001,main,pointing-single-208-post104-continuous-v3,539807cd564d571194824c9e9a5986a9c009b1b63ed371ea94a24f47d2ef96d9,C3,"[""C3""]",training,C3,1,s8,8,8,99,99,99,98,98,29e40d9d-fcba-4886-8a14-dd6d3c6b3f5d:s8:t8,29e40d9d-fcba-4886-8a14-dd6d3c6b3f5d:s8:t8:a1,1,29e40d9d-fcba-4886-8a14-dd6d3c6b3f5d:segment1,180,20,3.321928094887362,878.0487804878048,97.5609756097561,884.4977650527946,0335b2c8-8084-4c33-9a3c-1e849357e589,1,3,9,1879.0243902439024,756.6927878536418,1026.4901115283446,966.8236150329608,1911,766,150858.20000004768,1028,994,151425,566.7999999523163,true,true,0,1028,994,566.7999999523163,0,completed,,,2026-09-24T08:55:24.848Z,2026-09-24T08:55:25.415Z,2026-09-24T08:55:25.415Z,,28,150866.4
1.2.0,29e40d9d-fcba-4886-8a14-dd6d3c6b3f5d,001,main,pointing-single-208-post104-continuous-v3,539807cd564d571194824c9e9a5986a9c009b1b63ed371ea94a24f47d2ef96d9,C3,"[""C3""]",training,C3,1,s8,8,9,100,100,100,99,99,29e40d9d-fcba-4886-8a14-dd6d3c6b3f5d:s8:t9,29e40d9d-fcba-4886-8a14-dd6d3c6b3f5d:s8:t9:a1,1,29e40d9d-fcba-4886-8a14-dd6d3c6b3f5d:segment1,180,20,3.321928094887362,878.0487804878048,97.5609756097561,884.4977650527946,0335b2c8-8084-4c33-9a3c-1e849357e589,1,9,2,1026.4901115283446,966.8236150329608,1803.963695028724,558.7740005555054,1028,994,151425,1784,585,151975,550,true,true,0,1784,585,550,0,completed,,,2026-09-24T08:55:25.415Z,2026-09-24T08:55:25.965Z,2026-09-24T08:55:25.965Z,,28,151432.6
1.2.0,29e40d9d-fcba-4886-8a14-dd6d3c6b3f5d,001,main,pointing-single-208-post104-continuous-v3,539807cd564d571194824c9e9a5986a9c009b1b63ed371ea94a24f47d2ef96d9,C3,"[""C3""]",training,C3,1,s8,8,10,101,101,101,100,100,29e40d9d-fcba-4886-8a14-dd6d3c6b3f5d:s8:t10,29e40d9d-fcba-4886-8a14-dd6d3c6b3f5d:s8:t10:a1,1,29e40d9d-fcba-4886-8a14-dd6d3c6b3f5d:segment1,180,20,3.321928094887362,878.0487804878048,97.5609756097561,884.4977650527946,0335b2c8-8084-4c33-9a3c-1e849357e589,1,2,8,1803.963695028724,558.7740005555054,1146.7347454150745,1141.0280419376672,1784,585,151975,1158,1140,152558.10000014305,583.1000001430511,true,true,0,1158,1140,583.1000001430511,0,completed,,,2026-09-24T08:55:25.965Z,2026-09-24T08:55:26.548Z,2026-09-24T08:55:26.548Z,,31,151983
1.2.0,29e40d9d-fcba-4886-8a14-dd6d3c6b3f5d,001,main,pointing-single-208-post104-continuous-v3,539807cd564d571194824c9e9a5986a9c009b1b63ed371ea94a24f47d2ef96d9,C3,"[""C3""]",training,C3,1,s8,8,11,102,102,102,101,101,29e40d9d-fcba-4886-8a14-dd6d3c6b3f5d:s8:t11,29e40d9d-fcba-4886-8a14-dd6d3c6b3f5d:s8:t11:a1,1,29e40d9d-fcba-4886-8a14-dd6d3c6b3f5d:segment1,180,20,3.321928094887362,878.0487804878048,97.5609756097561,884.4977650527946,0335b2c8-8084-4c33-9a3c-1e849357e589,1,8,1,1146.7347454150745,1141.0280419376672,1645.5233035204794,418.4080621286029,1158,1140,152558.10000014305,1649,437,153158.30000019073,600.2000000476837,true,true,0,1649,437,600.2000000476837,0,completed,,,2026-09-24T08:55:26.548Z,2026-09-24T08:55:27.148Z,2026-09-24T08:55:27.148Z,,37,152549.83
1.2.0,29e40d9d-fcba-4886-8a14-dd6d3c6b3f5d,001,main,pointing-single-208-post104-continuous-v3,539807cd564d571194824c9e9a5986a9c009b1b63ed371ea94a24f47d2ef96d9,C3,"[""C3""]",training,C3,1,s8,8,12,103,103,103,102,102,29e40d9d-fcba-4886-8a14-dd6d3c6b3f5d:s8:t12,29e40d9d-fcba-4886-8a14-dd6d3c6b3f5d:s8:t12:a1,1,29e40d9d-fcba-4886-8a14-dd6d3c6b3f5d:segment1,180,20,3.321928094887362,878.0487804878048,97.5609756097561,884.4977650527946,0335b2c8-8084-4c33-9a3c-1e849357e589,1,1,7,1645.5233035204794,418.4080621286029,1334.1629148977652,1239.3979337548208,1649,437,153158.30000019073,1332,1265,153625.10000014305,466.7999999523163,true,true,0,1332,1265,466.7999999523163,0,completed,,,2026-09-24T08:55:27.148Z,2026-09-24T08:55:27.615Z,2026-09-24T08:55:27.615Z,,28,153166.5
1.2.0,29e40d9d-fcba-4886-8a14-dd6d3c6b3f5d,001,main,pointing-single-208-post104-continuous-v3,539807cd564d571194824c9e9a5986a9c009b1b63ed371ea94a24f47d2ef96d9,C3,"[""C3""]",training,C3,1,s8,8,13,104,104,104,103,103,29e40d9d-fcba-4886-8a14-dd6d3c6b3f5d:s8:t13,29e40d9d-fcba-4886-8a14-dd6d3c6b3f5d:s8:t13:a1,1,29e40d9d-fcba-4886-8a14-dd6d3c6b3f5d:segment1,180,20,3.321928094887362,878.0487804878048,97.5609756097561,884.4977650527946,0335b2c8-8084-4c33-9a3c-1e849357e589,1,7,0,1334.1629148977652,1239.3979337548208,1440,367.7511174736027,1332,1265,153625.10000014305,1423,326,154108.10000014305,483,true,true,0,1423,326,483,0,completed,,,2026-09-24T08:55:27.615Z,2026-09-24T08:55:28.098Z,2026-09-24T08:55:28.098Z,,29,153633.13
1.2.0,29e40d9d-fcba-4886-8a14-dd6d3c6b3f5d,001,main,pointing-single-208-post104-continuous-v3,539807cd564d571194824c9e9a5986a9c009b1b63ed371ea94a24f47d2ef96d9,C3,"[""C3""]",training,C3,1,s9,9,1,105,105,105,104,104,29e40d9d-fcba-4886-8a14-dd6d3c6b3f5d:s9:t1,29e40d9d-fcba-4886-8a14-dd6d3c6b3f5d:s9:t1:a1,1,29e40d9d-fcba-4886-8a14-dd6d3c6b3f5d:segment1,180,20,3.321928094887362,878.0487804878048,97.5609756097561,884.4977650527946,0335b2c8-8084-4c33-9a3c-1e849357e589,1,0,6,1440,367.7511174736027,1545.8370851022348,1239.3979337548208,1423,326,154108.10000014305,1550,1233,154792,683.8999998569489,true,true,0,1550,1233,683.8999998569489,0,completed,,,2026-09-24T08:55:28.098Z,2026-09-24T08:55:28.782Z,2026-09-24T08:55:28.782Z,,37,154115.8
1.2.0,29e40d9d-fcba-4886-8a14-dd6d3c6b3f5d,001,main,pointing-single-208-post104-continuous-v3,539807cd564d571194824c9e9a5986a9c009b1b63ed371ea94a24f47d2ef96d9,C3,"[""C3""]",training,C3,1,s9,9,2,106,106,106,105,105,29e40d9d-fcba-4886-8a14-dd6d3c6b3f5d:s9:t2,29e40d9d-fcba-4886-8a14-dd6d3c6b3f5d:s9:t2:a1,1,29e40d9d-fcba-4886-8a14-dd6d3c6b3f5d:segment1,180,20,3.321928094887362,878.0487804878048,97.5609756097561,884.4977650527946,0335b2c8-8084-4c33-9a3c-1e849357e589,1,6,12,1545.8370851022348,1239.3979337548208,1234.4766964795208,418.40806212860286,1550,1233,154792,1248,438,155325,533,true,true,0,1248,438,533,0,completed,,,2026-09-24T08:55:28.782Z,2026-09-24T08:55:29.315Z,2026-09-24T08:55:29.315Z,,29,154799.8
1.2.0,29e40d9d-fcba-4886-8a14-dd6d3c6b3f5d,001,main,pointing-single-208-post104-continuous-v3,539807cd564d571194824c9e9a5986a9c009b1b63ed371ea94a24f47d2ef96d9,C3,"[""C3""]",training,C3,1,s9,9,3,107,107,107,106,106,29e40d9d-fcba-4886-8a14-dd6d3c6b3f5d:s9:t3,29e40d9d-fcba-4886-8a14-dd6d3c6b3f5d:s9:t3:a1,1,29e40d9d-fcba-4886-8a14-dd6d3c6b3f5d:segment1,180,20,3.321928094887362,878.0487804878048,97.5609756097561,884.4977650527946,0335b2c8-8084-4c33-9a3c-1e849357e589,1,12,5,1234.4766964795208,418.40806212860286,1733.2652545849257,1141.0280419376672,1248,438,155325,1767,1199,155841.5,516.5,false,true,1,1729,1184,1016.6000001430511,500.10000014305115,completed,,,2026-09-24T08:55:29.315Z,2026-09-24T08:55:29.831Z,2026-09-24T08:55:30.331Z,,56,155316.46
1.2.0,29e40d9d-fcba-4886-8a14-dd6d3c6b3f5d,001,main,pointing-single-208-post104-continuous-v3,539807cd564d571194824c9e9a5986a9c009b1b63ed371ea94a24f47d2ef96d9,C3,"[""C3""]",training,C3,1,s9,9,4,108,108,108,107,107,29e40d9d-fcba-4886-8a14-dd6d3c6b3f5d:s9:t4,29e40d9d-fcba-4886-8a14-dd6d3c6b3f5d:s9:t4:a1,1,29e40d9d-fcba-4886-8a14-dd6d3c6b3f5d:segment1,180,20,3.321928094887362,878.0487804878048,97.5609756097561,884.4977650527946,0335b2c8-8084-4c33-9a3c-1e849357e589,1,5,11,1733.2652545849257,1141.0280419376672,1076.0363049712757,558.7740005555058,1729,1184,156341.60000014305,1113,541,156858.40000009537,516.7999999523163,true,true,0,1113,541,516.7999999523163,0,completed,,,2026-09-24T08:55:30.331Z,2026-09-24T08:55:30.848Z,2026-09-24T08:55:30.848Z,,27,156349.7
1.2.0,29e40d9d-fcba-4886-8a14-dd6d3c6b3f5d,001,main,pointing-single-208-post104-continuous-v3,539807cd564d571194824c9e9a5986a9c009b1b63ed371ea94a24f47d2ef96d9,C3,"[""C3""]",training,C3,1,s9,9,5,109,109,109,108,108,29e40d9d-fcba-4886-8a14-dd6d3c6b3f5d:s9:t5,29e40d9d-fcba-4886-8a14-dd6d3c6b3f5d:s9:t5:a1,1,29e40d9d-fcba-4886-8a14-dd6d3c6b3f5d:segment1,180,20,3.321928094887362,878.0487804878048,97.5609756097561,884.4977650527946,0335b2c8-8084-4c33-9a3c-1e849357e589,1,11,4,1076.0363049712757,558.7740005555058,1853.5098884716554,966.8236150329607,1113,541,156858.40000009537,1881,978,157408.20000004768,549.7999999523163,true,true,0,1881,978,549.7999999523163,0,completed,,,2026-09-24T08:55:30.848Z,2026-09-24T08:55:31.398Z,2026-09-24T08:55:31.398Z,,29,156866.4
1.2.0,29e40d9d-fcba-4886-8a14-dd6d3c6b3f5d,001,main,pointing-single-208-post104-continuous-v3,539807cd564d571194824c9e9a5986a9c009b1b63ed371ea94a24f47d2ef96d9,C3,"[""C3""]",training,C3,1,s9,9,6,110,110,110,109,109,29e40d9d-fcba-4886-8a14-dd6d3c6b3f5d:s9:t6,29e40d9d-fcba-4886-8a14-dd6d3c6b3f5d:s9:t6:a1,1,29e40d9d-fcba-4886-8a14-dd6d3c6b3f5d:segment1,180,20,3.321928094887362,878.0487804878048,97.5609756097561,884.4977650527946,0335b2c8-8084-4c33-9a3c-1e849357e589,1,4,10,1853.5098884716554,966.8236150329607,1000.9756097560976,756.6927878536417,1881,978,157408.20000004768,1038,738,157891.80000019073,483.60000014305115,true,true,0,1038,738,483.60000014305115,0,completed,,,2026-09-24T08:55:31.398Z,2026-09-24T08:55:31.881Z,2026-09-24T08:55:31.881Z,,27,157416.456
1.2.0,29e40d9d-fcba-4886-8a14-dd6d3c6b3f5d,001,main,pointing-single-208-post104-continuous-v3,539807cd564d571194824c9e9a5986a9c009b1b63ed371ea94a24f47d2ef96d9,C3,"[""C3""]",training,C3,1,s9,9,7,111,111,111,110,110,29e40d9d-fcba-4886-8a14-dd6d3c6b3f5d:s9:t7,29e40d9d-fcba-4886-8a14-dd6d3c6b3f5d:s9:t7:a1,1,29e40d9d-fcba-4886-8a14-dd6d3c6b3f5d:segment1,180,20,3.321928094887362,878.0487804878048,97.5609756097561,884.4977650527946,0335b2c8-8084-4c33-9a3c-1e849357e589,1,10,3,1000.9756097560976,756.6927878536417,1879.0243902439024,756.6927878536418,1038,738,157891.80000019073,1878,768,158341.40000009537,449.59999990463257,true,true,0,1878,768,449.59999990463257,0,completed,,,2026-09-24T08:55:31.881Z,2026-09-24T08:55:32.331Z,2026-09-24T08:55:32.331Z,,27,157899.798
1.2.0,29e40d9d-fcba-4886-8a14-dd6d3c6b3f5d,001,main,pointing-single-208-post104-continuous-v3,539807cd564d571194824c9e9a5986a9c009b1b63ed371ea94a24f47d2ef96d9,C3,"[""C3""]",training,C3,1,s9,9,8,112,112,112,111,111,29e40d9d-fcba-4886-8a14-dd6d3c6b3f5d:s9:t8,29e40d9d-fcba-4886-8a14-dd6d3c6b3f5d:s9:t8:a1,1,29e40d9d-fcba-4886-8a14-dd6d3c6b3f5d:segment1,180,20,3.321928094887362,878.0487804878048,97.5609756097561,884.4977650527946,0335b2c8-8084-4c33-9a3c-1e849357e589,1,3,9,1879.0243902439024,756.6927878536418,1026.4901115283446,966.8236150329608,1878,768,158341.40000009537,1039,899,159008.30000019073,666.9000000953674,false,true,2,1034,967,1433.7999999523163,766.8999998569489,completed,,,2026-09-24T08:55:32.331Z,2026-09-24T08:55:32.998Z,2026-09-24T08:55:33.765Z,,63,158349.8
1.2.0,29e40d9d-fcba-4886-8a14-dd6d3c6b3f5d,001,main,pointing-single-208-post104-continuous-v3,539807cd564d571194824c9e9a5986a9c009b1b63ed371ea94a24f47d2ef96d9,C3,"[""C3""]",training,C3,1,s9,9,9,113,113,113,112,112,29e40d9d-fcba-4886-8a14-dd6d3c6b3f5d:s9:t9,29e40d9d-fcba-4886-8a14-dd6d3c6b3f5d:s9:t9:a1,1,29e40d9d-fcba-4886-8a14-dd6d3c6b3f5d:segment1,180,20,3.321928094887362,878.0487804878048,97.5609756097561,884.4977650527946,0335b2c8-8084-4c33-9a3c-1e849357e589,1,9,2,1026.4901115283446,966.8236150329608,1803.963695028724,558.7740005555054,1034,967,159775.20000004768,1770,579,160391.5,616.2999999523163,true,true,0,1770,579,616.2999999523163,0,completed,,,2026-09-24T08:55:33.765Z,2026-09-24T08:55:34.381Z,2026-09-24T08:55:34.381Z,,29,159783
1.2.0,29e40d9d-fcba-4886-8a14-dd6d3c6b3f5d,001,main,pointing-single-208-post104-continuous-v3,539807cd564d571194824c9e9a5986a9c009b1b63ed371ea94a24f47d2ef96d9,C3,"[""C3""]",training,C3,1,s9,9,10,114,114,114,113,113,29e40d9d-fcba-4886-8a14-dd6d3c6b3f5d:s9:t10,29e40d9d-fcba-4886-8a14-dd6d3c6b3f5d:s9:t10:a1,1,29e40d9d-fcba-4886-8a14-dd6d3c6b3f5d:segment1,180,20,3.321928094887362,878.0487804878048,97.5609756097561,884.4977650527946,0335b2c8-8084-4c33-9a3c-1e849357e589,1,2,8,1803.963695028724,558.7740005555054,1146.7347454150745,1141.0280419376672,1770,579,160391.5,1183,1159,160941.5,550,true,true,0,1183,1159,550,0,completed,,,2026-09-24T08:55:34.381Z,2026-09-24T08:55:34.931Z,2026-09-24T08:55:34.931Z,,28,160399.8
1.2.0,29e40d9d-fcba-4886-8a14-dd6d3c6b3f5d,001,main,pointing-single-208-post104-continuous-v3,539807cd564d571194824c9e9a5986a9c009b1b63ed371ea94a24f47d2ef96d9,C3,"[""C3""]",training,C3,1,s9,9,11,115,115,115,114,114,29e40d9d-fcba-4886-8a14-dd6d3c6b3f5d:s9:t11,29e40d9d-fcba-4886-8a14-dd6d3c6b3f5d:s9:t11:a1,1,29e40d9d-fcba-4886-8a14-dd6d3c6b3f5d:segment1,180,20,3.321928094887362,878.0487804878048,97.5609756097561,884.4977650527946,0335b2c8-8084-4c33-9a3c-1e849357e589,1,8,1,1146.7347454150745,1141.0280419376672,1645.5233035204794,418.4080621286029,1183,1159,160941.5,1607,441,161524.70000004768,583.2000000476837,true,true,0,1607,441,583.2000000476837,0,completed,,,2026-09-24T08:55:34.931Z,2026-09-24T08:55:35.514Z,2026-09-24T08:55:35.514Z,,31,160933.126
1.2.0,29e40d9d-fcba-4886-8a14-dd6d3c6b3f5d,001,main,pointing-single-208-post104-continuous-v3,539807cd564d571194824c9e9a5986a9c009b1b63ed371ea94a24f47d2ef96d9,C3,"[""C3""]",training,C3,1,s9,9,12,116,116,116,115,115,29e40d9d-fcba-4886-8a14-dd6d3c6b3f5d:s9:t12,29e40d9d-fcba-4886-8a14-dd6d3c6b3f5d:s9:t12:a1,1,29e40d9d-fcba-4886-8a14-dd6d3c6b3f5d:segment1,180,20,3.321928094887362,878.0487804878048,97.5609756097561,884.4977650527946,0335b2c8-8084-4c33-9a3c-1e849357e589,1,1,7,1645.5233035204794,418.4080621286029,1334.1629148977652,1239.3979337548208,1607,441,161524.70000004768,1314,1205,162109.10000014305,584.4000000953674,true,true,0,1314,1205,584.4000000953674,0,completed,,,2026-09-24T08:55:35.514Z,2026-09-24T08:55:36.099Z,2026-09-24T08:55:36.099Z,,31,161533.126
1.2.0,29e40d9d-fcba-4886-8a14-dd6d3c6b3f5d,001,main,pointing-single-208-post104-continuous-v3,539807cd564d571194824c9e9a5986a9c009b1b63ed371ea94a24f47d2ef96d9,C3,"[""C3""]",training,C3,1,s9,9,13,117,117,117,116,116,29e40d9d-fcba-4886-8a14-dd6d3c6b3f5d:s9:t13,29e40d9d-fcba-4886-8a14-dd6d3c6b3f5d:s9:t13:a1,1,29e40d9d-fcba-4886-8a14-dd6d3c6b3f5d:segment1,180,20,3.321928094887362,878.0487804878048,97.5609756097561,884.4977650527946,0335b2c8-8084-4c33-9a3c-1e849357e589,1,7,0,1334.1629148977652,1239.3979337548208,1440,367.7511174736027,1314,1205,162109.10000014305,1447,394,162608,498.89999985694885,true,true,0,1447,394,498.89999985694885,0,completed,,,2026-09-24T08:55:36.099Z,2026-09-24T08:55:36.598Z,2026-09-24T08:55:36.598Z,,28,162116.466
1.2.0,29e40d9d-fcba-4886-8a14-dd6d3c6b3f5d,001,main,pointing-single-208-post104-continuous-v3,539807cd564d571194824c9e9a5986a9c009b1b63ed371ea94a24f47d2ef96d9,C3,"[""C3""]",training,C3,1,s10,10,1,118,118,118,117,117,29e40d9d-fcba-4886-8a14-dd6d3c6b3f5d:s10:t1,29e40d9d-fcba-4886-8a14-dd6d3c6b3f5d:s10:t1:a1,1,29e40d9d-fcba-4886-8a14-dd6d3c6b3f5d:segment1,180,20,3.321928094887362,878.0487804878048,97.5609756097561,884.4977650527946,0335b2c8-8084-4c33-9a3c-1e849357e589,1,0,6,1440,367.7511174736027,1545.8370851022348,1239.3979337548208,1447,394,162608,1577,1216,163125.10000014305,517.1000001430511,true,true,0,1577,1216,517.1000001430511,0,completed,,,2026-09-24T08:55:36.598Z,2026-09-24T08:55:37.115Z,2026-09-24T08:55:37.115Z,,25,162599.794
1.2.0,29e40d9d-fcba-4886-8a14-dd6d3c6b3f5d,001,main,pointing-single-208-post104-continuous-v3,539807cd564d571194824c9e9a5986a9c009b1b63ed371ea94a24f47d2ef96d9,C3,"[""C3""]",training,C3,1,s10,10,2,119,119,119,118,118,29e40d9d-fcba-4886-8a14-dd6d3c6b3f5d:s10:t2,29e40d9d-fcba-4886-8a14-dd6d3c6b3f5d:s10:t2:a1,1,29e40d9d-fcba-4886-8a14-dd6d3c6b3f5d:segment1,180,20,3.321928094887362,878.0487804878048,97.5609756097561,884.4977650527946,0335b2c8-8084-4c33-9a3c-1e849357e589,1,6,12,1545.8370851022348,1239.3979337548208,1234.4766964795208,418.40806212860286,1577,1216,163125.10000014305,1194,421,163641.5,516.3999998569489,true,true,0,1194,421,516.3999998569489,0,completed,,,2026-09-24T08:55:37.115Z,2026-09-24T08:55:37.631Z,2026-09-24T08:55:37.631Z,,24,163116.464
1.2.0,29e40d9d-fcba-4886-8a14-dd6d3c6b3f5d,001,main,pointing-single-208-post104-continuous-v3,539807cd564d571194824c9e9a5986a9c009b1b63ed371ea94a24f47d2ef96d9,C3,"[""C3""]",training,C3,1,s10,10,3,120,120,120,119,119,29e40d9d-fcba-4886-8a14-dd6d3c6b3f5d:s10:t3,29e40d9d-fcba-4886-8a14-dd6d3c6b3f5d:s10:t3:a1,1,29e40d9d-fcba-4886-8a14-dd6d3c6b3f5d:segment1,180,20,3.321928094887362,878.0487804878048,97.5609756097561,884.4977650527946,0335b2c8-8084-4c33-9a3c-1e849357e589,1,12,5,1234.4766964795208,418.40806212860286,1733.2652545849257,1141.0280419376672,1194,421,163641.5,1713,1102,164274.70000004768,633.2000000476837,true,true,0,1713,1102,633.2000000476837,0,completed,,,2026-09-24T08:55:37.631Z,2026-09-24T08:55:38.264Z,2026-09-24T08:55:38.264Z,,26,163649.7
1.2.0,29e40d9d-fcba-4886-8a14-dd6d3c6b3f5d,001,main,pointing-single-208-post104-continuous-v3,539807cd564d571194824c9e9a5986a9c009b1b63ed371ea94a24f47d2ef96d9,C3,"[""C3""]",training,C3,1,s10,10,4,121,121,121,120,120,29e40d9d-fcba-4886-8a14-dd6d3c6b3f5d:s10:t4,29e40d9d-fcba-4886-8a14-dd6d3c6b3f5d:s10:t4:a1,1,29e40d9d-fcba-4886-8a14-dd6d3c6b3f5d:segment1,180,20,3.321928094887362,878.0487804878048,97.5609756097561,884.4977650527946,0335b2c8-8084-4c33-9a3c-1e849357e589,1,5,11,1733.2652545849257,1141.0280419376672,1076.0363049712757,558.7740005555058,1713,1102,164274.70000004768,1129,597,164842.10000014305,567.4000000953674,false,true,2,1073,588,1867,1299.5999999046326,completed,,,2026-09-24T08:55:38.264Z,2026-09-24T08:55:38.832Z,2026-09-24T08:55:40.131Z,,102,164283.118
1.2.0,29e40d9d-fcba-4886-8a14-dd6d3c6b3f5d,001,main,pointing-single-208-post104-continuous-v3,539807cd564d571194824c9e9a5986a9c009b1b63ed371ea94a24f47d2ef96d9,C3,"[""C3""]",training,C3,1,s10,10,5,122,122,122,121,121,29e40d9d-fcba-4886-8a14-dd6d3c6b3f5d:s10:t5,29e40d9d-fcba-4886-8a14-dd6d3c6b3f5d:s10:t5:a1,1,29e40d9d-fcba-4886-8a14-dd6d3c6b3f5d:segment1,180,20,3.321928094887362,878.0487804878048,97.5609756097561,884.4977650527946,0335b2c8-8084-4c33-9a3c-1e849357e589,1,11,4,1076.0363049712757,558.7740005555058,1853.5098884716554,966.8236150329607,1073,588,166141.70000004768,1865,955,166675.10000014305,533.4000000953674,true,true,0,1865,955,533.4000000953674,0,completed,,,2026-09-24T08:55:40.131Z,2026-09-24T08:55:40.664Z,2026-09-24T08:55:40.664Z,,26,166133.128
1.2.0,29e40d9d-fcba-4886-8a14-dd6d3c6b3f5d,001,main,pointing-single-208-post104-continuous-v3,539807cd564d571194824c9e9a5986a9c009b1b63ed371ea94a24f47d2ef96d9,C3,"[""C3""]",training,C3,1,s10,10,6,123,123,123,122,122,29e40d9d-fcba-4886-8a14-dd6d3c6b3f5d:s10:t6,29e40d9d-fcba-4886-8a14-dd6d3c6b3f5d:s10:t6:a1,1,29e40d9d-fcba-4886-8a14-dd6d3c6b3f5d:segment1,180,20,3.321928094887362,878.0487804878048,97.5609756097561,884.4977650527946,0335b2c8-8084-4c33-9a3c-1e849357e589,1,4,10,1853.5098884716554,966.8236150329607,1000.9756097560976,756.6927878536417,1865,955,166675.10000014305,988,747,167141.30000019073,466.2000000476837,true,true,0,988,747,466.2000000476837,0,completed,,,2026-09-24T08:55:40.664Z,2026-09-24T08:55:41.131Z,2026-09-24T08:55:41.131Z,,26,166666.416
1.2.0,29e40d9d-fcba-4886-8a14-dd6d3c6b3f5d,001,main,pointing-single-208-post104-continuous-v3,539807cd564d571194824c9e9a5986a9c009b1b63ed371ea94a24f47d2ef96d9,C3,"[""C3""]",training,C3,1,s10,10,7,124,124,124,123,123,29e40d9d-fcba-4886-8a14-dd6d3c6b3f5d:s10:t7,29e40d9d-fcba-4886-8a14-dd6d3c6b3f5d:s10:t7:a1,1,29e40d9d-fcba-4886-8a14-dd6d3c6b3f5d:segment1,180,20,3.321928094887362,878.0487804878048,97.5609756097561,884.4977650527946,0335b2c8-8084-4c33-9a3c-1e849357e589,1,10,3,1000.9756097560976,756.6927878536417,1879.0243902439024,756.6927878536418,988,747,167141.30000019073,1897,775,167591.80000019073,450.5,true,true,0,1897,775,450.5,0,completed,,,2026-09-24T08:55:41.131Z,2026-09-24T08:55:41.581Z,2026-09-24T08:55:41.581Z,,18,167149.7
1.2.0,29e40d9d-fcba-4886-8a14-dd6d3c6b3f5d,001,main,pointing-single-208-post104-continuous-v3,539807cd564d571194824c9e9a5986a9c009b1b63ed371ea94a24f47d2ef96d9,C3,"[""C3""]",training,C3,1,s10,10,8,125,125,125,124,124,29e40d9d-fcba-4886-8a14-dd6d3c6b3f5d:s10:t8,29e40d9d-fcba-4886-8a14-dd6d3c6b3f5d:s10:t8:a1,1,29e40d9d-fcba-4886-8a14-dd6d3c6b3f5d:segment1,180,20,3.321928094887362,878.0487804878048,97.5609756097561,884.4977650527946,0335b2c8-8084-4c33-9a3c-1e849357e589,1,3,9,1879.0243902439024,756.6927878536418,1026.4901115283446,966.8236150329608,1897,775,167591.80000019073,1048,1006,168024.70000004768,432.89999985694885,true,true,0,1048,1006,432.89999985694885,0,completed,,,2026-09-24T08:55:41.581Z,2026-09-24T08:55:42.014Z,2026-09-24T08:55:42.014Z,,22,167583.1
1.2.0,29e40d9d-fcba-4886-8a14-dd6d3c6b3f5d,001,main,pointing-single-208-post104-continuous-v3,539807cd564d571194824c9e9a5986a9c009b1b63ed371ea94a24f47d2ef96d9,C3,"[""C3""]",training,C3,1,s10,10,9,126,126,126,125,125,29e40d9d-fcba-4886-8a14-dd6d3c6b3f5d:s10:t9,29e40d9d-fcba-4886-8a14-dd6d3c6b3f5d:s10:t9:a1,1,29e40d9d-fcba-4886-8a14-dd6d3c6b3f5d:segment1,180,20,3.321928094887362,878.0487804878048,97.5609756097561,884.4977650527946,0335b2c8-8084-4c33-9a3c-1e849357e589,1,9,2,1026.4901115283446,966.8236150329608,1803.963695028724,558.7740005555054,1048,1006,168024.70000004768,1762,557,168591.30000019073,566.6000001430511,true,true,0,1762,557,566.6000001430511,0,completed,,,2026-09-24T08:55:42.014Z,2026-09-24T08:55:42.581Z,2026-09-24T08:55:42.581Z,,29,168033
1.2.0,29e40d9d-fcba-4886-8a14-dd6d3c6b3f5d,001,main,pointing-single-208-post104-continuous-v3,539807cd564d571194824c9e9a5986a9c009b1b63ed371ea94a24f47d2ef96d9,C3,"[""C3""]",training,C3,1,s10,10,10,127,127,127,126,126,29e40d9d-fcba-4886-8a14-dd6d3c6b3f5d:s10:t10,29e40d9d-fcba-4886-8a14-dd6d3c6b3f5d:s10:t10:a1,1,29e40d9d-fcba-4886-8a14-dd6d3c6b3f5d:segment1,180,20,3.321928094887362,878.0487804878048,97.5609756097561,884.4977650527946,0335b2c8-8084-4c33-9a3c-1e849357e589,1,2,8,1803.963695028724,558.7740005555054,1146.7347454150745,1141.0280419376672,1762,557,168591.30000019073,1139,1119,169108.30000019073,517,true,true,0,1139,1119,517,0,completed,,,2026-09-24T08:55:42.581Z,2026-09-24T08:55:43.098Z,2026-09-24T08:55:43.098Z,,28,168599.764
1.2.0,29e40d9d-fcba-4886-8a14-dd6d3c6b3f5d,001,main,pointing-single-208-post104-continuous-v3,539807cd564d571194824c9e9a5986a9c009b1b63ed371ea94a24f47d2ef96d9,C3,"[""C3""]",training,C3,1,s10,10,11,128,128,128,127,127,29e40d9d-fcba-4886-8a14-dd6d3c6b3f5d:s10:t11,29e40d9d-fcba-4886-8a14-dd6d3c6b3f5d:s10:t11:a1,1,29e40d9d-fcba-4886-8a14-dd6d3c6b3f5d:segment1,180,20,3.321928094887362,878.0487804878048,97.5609756097561,884.4977650527946,0335b2c8-8084-4c33-9a3c-1e849357e589,1,8,1,1146.7347454150745,1141.0280419376672,1645.5233035204794,418.4080621286029,1139,1119,169108.30000019073,1620,400,169608,499.69999980926514,true,true,0,1620,400,499.69999980926514,0,completed,,,2026-09-24T08:55:43.098Z,2026-09-24T08:55:43.597Z,2026-09-24T08:55:43.597Z,,26,169116.4
1.2.0,29e40d9d-fcba-4886-8a14-dd6d3c6b3f5d,001,main,pointing-single-208-post104-continuous-v3,539807cd564d571194824c9e9a5986a9c009b1b63ed371ea94a24f47d2ef96d9,C3,"[""C3""]",training,C3,1,s10,10,12,129,129,129,128,128,29e40d9d-fcba-4886-8a14-dd6d3c6b3f5d:s10:t12,29e40d9d-fcba-4886-8a14-dd6d3c6b3f5d:s10:t12:a1,1,29e40d9d-fcba-4886-8a14-dd6d3c6b3f5d:segment1,180,20,3.321928094887362,878.0487804878048,97.5609756097561,884.4977650527946,0335b2c8-8084-4c33-9a3c-1e849357e589,1,1,7,1645.5233035204794,418.4080621286029,1334.1629148977652,1239.3979337548208,1620,400,169608,1307,1216,170158.10000014305,550.1000001430511,true,true,0,1307,1216,550.1000001430511,0,completed,,,2026-09-24T08:55:43.597Z,2026-09-24T08:55:44.147Z,2026-09-24T08:55:44.147Z,,28,169616.4
1.2.0,29e40d9d-fcba-4886-8a14-dd6d3c6b3f5d,001,main,pointing-single-208-post104-continuous-v3,539807cd564d571194824c9e9a5986a9c009b1b63ed371ea94a24f47d2ef96d9,C3,"[""C3""]",training,C3,1,s10,10,13,130,130,130,129,129,29e40d9d-fcba-4886-8a14-dd6d3c6b3f5d:s10:t13,29e40d9d-fcba-4886-8a14-dd6d3c6b3f5d:s10:t13:a1,1,29e40d9d-fcba-4886-8a14-dd6d3c6b3f5d:segment1,180,20,3.321928094887362,878.0487804878048,97.5609756097561,884.4977650527946,0335b2c8-8084-4c33-9a3c-1e849357e589,1,7,0,1334.1629148977652,1239.3979337548208,1440,367.7511174736027,1307,1216,170158.10000014305,1410,406,170675,516.8999998569489,true,true,0,1410,406,516.8999998569489,0,completed,,,2026-09-24T08:55:44.147Z,2026-09-24T08:55:44.664Z,2026-09-24T08:55:44.664Z,,27,170166.422
1.2.0,29e40d9d-fcba-4886-8a14-dd6d3c6b3f5d,001,main,pointing-single-208-post104-continuous-v3,539807cd564d571194824c9e9a5986a9c009b1b63ed371ea94a24f47d2ef96d9,C3,"[""C3""]",training,C3,1,s11,11,1,131,131,131,130,130,29e40d9d-fcba-4886-8a14-dd6d3c6b3f5d:s11:t1,29e40d9d-fcba-4886-8a14-dd6d3c6b3f5d:s11:t1:a1,1,29e40d9d-fcba-4886-8a14-dd6d3c6b3f5d:segment1,180,20,3.321928094887362,878.0487804878048,97.5609756097561,884.4977650527946,0335b2c8-8084-4c33-9a3c-1e849357e589,1,0,6,1440,367.7511174736027,1545.8370851022348,1239.3979337548208,1410,406,170675,1548,1229,171258,583,true,true,0,1548,1229,583,0,completed,,,2026-09-24T08:55:44.664Z,2026-09-24T08:55:45.247Z,2026-09-24T08:55:45.247Z,,30,170682.2
1.2.0,29e40d9d-fcba-4886-8a14-dd6d3c6b3f5d,001,main,pointing-single-208-post104-continuous-v3,539807cd564d571194824c9e9a5986a9c009b1b63ed371ea94a24f47d2ef96d9,C3,"[""C3""]",training,C3,1,s11,11,2,132,132,132,131,131,29e40d9d-fcba-4886-8a14-dd6d3c6b3f5d:s11:t2,29e40d9d-fcba-4886-8a14-dd6d3c6b3f5d:s11:t2:a1,1,29e40d9d-fcba-4886-8a14-dd6d3c6b3f5d:segment1,180,20,3.321928094887362,878.0487804878048,97.5609756097561,884.4977650527946,0335b2c8-8084-4c33-9a3c-1e849357e589,1,6,12,1545.8370851022348,1239.3979337548208,1234.4766964795208,418.40806212860286,1548,1229,171258,1239,459,171741.70000004768,483.7000000476837,true,true,0,1239,459,483.7000000476837,0,completed,,,2026-09-24T08:55:45.247Z,2026-09-24T08:55:45.731Z,2026-09-24T08:55:45.731Z,,26,171266.398
1.2.0,29e40d9d-fcba-4886-8a14-dd6d3c6b3f5d,001,main,pointing-single-208-post104-continuous-v3,539807cd564d571194824c9e9a5986a9c009b1b63ed371ea94a24f47d2ef96d9,C3,"[""C3""]",training,C3,1,s11,11,3,133,133,133,132,132,29e40d9d-fcba-4886-8a14-dd6d3c6b3f5d:s11:t3,29e40d9d-fcba-4886-8a14-dd6d3c6b3f5d:s11:t3:a1,1,29e40d9d-fcba-4886-8a14-dd6d3c6b3f5d:segment1,180,20,3.321928094887362,878.0487804878048,97.5609756097561,884.4977650527946,0335b2c8-8084-4c33-9a3c-1e849357e589,1,12,5,1234.4766964795208,418.40806212860286,1733.2652545849257,1141.0280419376672,1239,459,171741.70000004768,1692,1095,172258.30000019073,516.6000001430511,false,true,1,1732,1143,1533.2000000476837,1016.5999999046326,completed,,,2026-09-24T08:55:45.731Z,2026-09-24T08:55:46.248Z,2026-09-24T08:55:47.264Z,,85,171749.756
1.2.0,29e40d9d-fcba-4886-8a14-dd6d3c6b3f5d,001,main,pointing-single-208-post104-continuous-v3,539807cd564d571194824c9e9a5986a9c009b1b63ed371ea94a24f47d2ef96d9,C3,"[""C3""]",training,C3,1,s11,11,4,134,134,134,133,133,29e40d9d-fcba-4886-8a14-dd6d3c6b3f5d:s11:t4,29e40d9d-fcba-4886-8a14-dd6d3c6b3f5d:s11:t4:a1,1,29e40d9d-fcba-4886-8a14-dd6d3c6b3f5d:segment1,180,20,3.321928094887362,878.0487804878048,97.5609756097561,884.4977650527946,0335b2c8-8084-4c33-9a3c-1e849357e589,1,5,11,1733.2652545849257,1141.0280419376672,1076.0363049712757,558.7740005555058,1732,1143,173274.90000009537,1094,569,173825,550.0999999046326,true,true,0,1094,569,550.0999999046326,0,completed,,,2026-09-24T08:55:47.264Z,2026-09-24T08:55:47.814Z,2026-09-24T08:55:47.814Z,,29,173283
1.2.0,29e40d9d-fcba-4886-8a14-dd6d3c6b3f5d,001,main,pointing-single-208-post104-continuous-v3,539807cd564d571194824c9e9a5986a9c009b1b63ed371ea94a24f47d2ef96d9,C3,"[""C3""]",training,C3,1,s11,11,5,135,135,135,134,134,29e40d9d-fcba-4886-8a14-dd6d3c6b3f5d:s11:t5,29e40d9d-fcba-4886-8a14-dd6d3c6b3f5d:s11:t5:a1,1,29e40d9d-fcba-4886-8a14-dd6d3c6b3f5d:segment1,180,20,3.321928094887362,878.0487804878048,97.5609756097561,884.4977650527946,0335b2c8-8084-4c33-9a3c-1e849357e589,1,11,4,1076.0363049712757,558.7740005555058,1853.5098884716554,966.8236150329607,1094,569,173825,1912,974,174408,583,false,true,1,1857,966,833.1000001430511,250.10000014305115,completed,,,2026-09-24T08:55:47.814Z,2026-09-24T08:55:48.397Z,2026-09-24T08:55:48.647Z,,37,173833.094
1.2.0,29e40d9d-fcba-4886-8a14-dd6d3c6b3f5d,001,main,pointing-single-208-post104-continuous-v3,539807cd564d571194824c9e9a5986a9c009b1b63ed371ea94a24f47d2ef96d9,C3,"[""C3""]",training,C3,1,s11,11,6,136,136,136,135,135,29e40d9d-fcba-4886-8a14-dd6d3c6b3f5d:s11:t6,29e40d9d-fcba-4886-8a14-dd6d3c6b3f5d:s11:t6:a1,1,29e40d9d-fcba-4886-8a14-dd6d3c6b3f5d:segment1,180,20,3.321928094887362,878.0487804878048,97.5609756097561,884.4977650527946,0335b2c8-8084-4c33-9a3c-1e849357e589,1,4,10,1853.5098884716554,966.8236150329607,1000.9756097560976,756.6927878536417,1857,966,174658.10000014305,969,783,175175,516.8999998569489,true,true,0,969,783,516.8999998569489,0,completed,,,2026-09-24T08:55:48.647Z,2026-09-24T08:55:49.164Z,2026-09-24T08:55:49.164Z,,26,174666.4
1.2.0,29e40d9d-fcba-4886-8a14-dd6d3c6b3f5d,001,main,pointing-single-208-post104-continuous-v3,539807cd564d571194824c9e9a5986a9c009b1b63ed371ea94a24f47d2ef96d9,C3,"[""C3""]",training,C3,1,s11,11,7,137,137,137,136,136,29e40d9d-fcba-4886-8a14-dd6d3c6b3f5d:s11:t7,29e40d9d-fcba-4886-8a14-dd6d3c6b3f5d:s11:t7:a1,1,29e40d9d-fcba-4886-8a14-dd6d3c6b3f5d:segment1,180,20,3.321928094887362,878.0487804878048,97.5609756097561,884.4977650527946,0335b2c8-8084-4c33-9a3c-1e849357e589,1,10,3,1000.9756097560976,756.6927878536417,1879.0243902439024,756.6927878536418,969,783,175175,1889,786,175725.10000014305,550.1000001430511,true,true,0,1889,786,550.1000001430511,0,completed,,,2026-09-24T08:55:49.164Z,2026-09-24T08:55:49.714Z,2026-09-24T08:55:49.714Z,,31,175183.066
1.2.0,29e40d9d-fcba-4886-8a14-dd6d3c6b3f5d,001,main,pointing-single-208-post104-continuous-v3,539807cd564d571194824c9e9a5986a9c009b1b63ed371ea94a24f47d2ef96d9,C3,"[""C3""]",training,C3,1,s11,11,8,138,138,138,137,137,29e40d9d-fcba-4886-8a14-dd6d3c6b3f5d:s11:t8,29e40d9d-fcba-4886-8a14-dd6d3c6b3f5d:s11:t8:a1,1,29e40d9d-fcba-4886-8a14-dd6d3c6b3f5d:segment1,180,20,3.321928094887362,878.0487804878048,97.5609756097561,884.4977650527946,0335b2c8-8084-4c33-9a3c-1e849357e589,1,3,9,1879.0243902439024,756.6927878536418,1026.4901115283446,966.8236150329608,1889,786,175725.10000014305,991,982,176275,549.8999998569489,true,true,0,991,982,549.8999998569489,0,completed,,,2026-09-24T08:55:49.714Z,2026-09-24T08:55:50.264Z,2026-09-24T08:55:50.264Z,,27,175733
1.2.0,29e40d9d-fcba-4886-8a14-dd6d3c6b3f5d,001,main,pointing-single-208-post104-continuous-v3,539807cd564d571194824c9e9a5986a9c009b1b63ed371ea94a24f47d2ef96d9,C3,"[""C3""]",training,C3,1,s11,11,9,139,139,139,138,138,29e40d9d-fcba-4886-8a14-dd6d3c6b3f5d:s11:t9,29e40d9d-fcba-4886-8a14-dd6d3c6b3f5d:s11:t9:a1,1,29e40d9d-fcba-4886-8a14-dd6d3c6b3f5d:segment1,180,20,3.321928094887362,878.0487804878048,97.5609756097561,884.4977650527946,0335b2c8-8084-4c33-9a3c-1e849357e589,1,9,2,1026.4901115283446,966.8236150329608,1803.963695028724,558.7740005555054,991,982,176275,1765,570,176824.70000004768,549.7000000476837,true,true,0,1765,570,549.7000000476837,0,completed,,,2026-09-24T08:55:50.264Z,2026-09-24T08:55:50.814Z,2026-09-24T08:55:50.814Z,,30,176283.064
1.2.0,29e40d9d-fcba-4886-8a14-dd6d3c6b3f5d,001,main,pointing-single-208-post104-continuous-v3,539807cd564d571194824c9e9a5986a9c009b1b63ed371ea94a24f47d2ef96d9,C3,"[""C3""]",training,C3,1,s11,11,10,140,140,140,139,139,29e40d9d-fcba-4886-8a14-dd6d3c6b3f5d:s11:t10,29e40d9d-fcba-4886-8a14-dd6d3c6b3f5d:s11:t10:a1,1,29e40d9d-fcba-4886-8a14-dd6d3c6b3f5d:segment1,180,20,3.321928094887362,878.0487804878048,97.5609756097561,884.4977650527946,0335b2c8-8084-4c33-9a3c-1e849357e589,1,2,8,1803.963695028724,558.7740005555054,1146.7347454150745,1141.0280419376672,1765,570,176824.70000004768,1165,1134,177358.30000019073,533.6000001430511,true,true,0,1165,1134,533.6000001430511,0,completed,,,2026-09-24T08:55:50.814Z,2026-09-24T08:55:51.347Z,2026-09-24T08:55:51.347Z,,25,176833.052
1.2.0,29e40d9d-fcba-4886-8a14-dd6d3c6b3f5d,001,main,pointing-single-208-post104-continuous-v3,539807cd564d571194824c9e9a5986a9c009b1b63ed371ea94a24f47d2ef96d9,C3,"[""C3""]",training,C3,1,s11,11,11,141,141,141,140,140,29e40d9d-fcba-4886-8a14-dd6d3c6b3f5d:s11:t11,29e40d9d-fcba-4886-8a14-dd6d3c6b3f5d:s11:t11:a1,1,29e40d9d-fcba-4886-8a14-dd6d3c6b3f5d:segment1,180,20,3.321928094887362,878.0487804878048,97.5609756097561,884.4977650527946,0335b2c8-8084-4c33-9a3c-1e849357e589,1,8,1,1146.7347454150745,1141.0280419376672,1645.5233035204794,418.4080621286029,1165,1134,177358.30000019073,1672,402,177858.10000014305,499.7999999523163,true,true,0,1672,402,499.7999999523163,0,completed,,,2026-09-24T08:55:51.347Z,2026-09-24T08:55:51.847Z,2026-09-24T08:55:51.847Z,,35,177366.382
1.2.0,29e40d9d-fcba-4886-8a14-dd6d3c6b3f5d,001,main,pointing-single-208-post104-continuous-v3,539807cd564d571194824c9e9a5986a9c009b1b63ed371ea94a24f47d2ef96d9,C3,"[""C3""]",training,C3,1,s11,11,12,142,142,142,141,141,29e40d9d-fcba-4886-8a14-dd6d3c6b3f5d:s11:t12,29e40d9d-fcba-4886-8a14-dd6d3c6b3f5d:s11:t12:a1,1,29e40d9d-fcba-4886-8a14-dd6d3c6b3f5d:segment1,180,20,3.321928094887362,878.0487804878048,97.5609756097561,884.4977650527946,0335b2c8-8084-4c33-9a3c-1e849357e589,1,1,7,1645.5233035204794,418.4080621286029,1334.1629148977652,1239.3979337548208,1672,402,177858.10000014305,1312,1243,178458.20000004768,600.0999999046326,true,true,0,1312,1243,600.0999999046326,0,completed,,,2026-09-24T08:55:51.847Z,2026-09-24T08:55:52.447Z,2026-09-24T08:55:52.447Z,,33,177849.714
1.2.0,29e40d9d-fcba-4886-8a14-dd6d3c6b3f5d,001,main,pointing-single-208-post104-continuous-v3,539807cd564d571194824c9e9a5986a9c009b1b63ed371ea94a24f47d2ef96d9,C3,"[""C3""]",training,C3,1,s11,11,13,143,143,143,142,142,29e40d9d-fcba-4886-8a14-dd6d3c6b3f5d:s11:t13,29e40d9d-fcba-4886-8a14-dd6d3c6b3f5d:s11:t13:a1,1,29e40d9d-fcba-4886-8a14-dd6d3c6b3f5d:segment1,180,20,3.321928094887362,878.0487804878048,97.5609756097561,884.4977650527946,0335b2c8-8084-4c33-9a3c-1e849357e589,1,7,0,1334.1629148977652,1239.3979337548208,1440,367.7511174736027,1312,1243,178458.20000004768,1457,392,178958.20000004768,500,true,true,0,1457,392,500,0,completed,,,2026-09-24T08:55:52.447Z,2026-09-24T08:55:52.947Z,2026-09-24T08:55:52.947Z,,31,178449.684
1.2.0,29e40d9d-fcba-4886-8a14-dd6d3c6b3f5d,001,main,pointing-single-208-post104-continuous-v3,539807cd564d571194824c9e9a5986a9c009b1b63ed371ea94a24f47d2ef96d9,C3,"[""C3""]",training,C3,1,s12,12,1,144,144,144,143,143,29e40d9d-fcba-4886-8a14-dd6d3c6b3f5d:s12:t1,29e40d9d-fcba-4886-8a14-dd6d3c6b3f5d:s12:t1:a1,1,29e40d9d-fcba-4886-8a14-dd6d3c6b3f5d:segment1,180,20,3.321928094887362,878.0487804878048,97.5609756097561,884.4977650527946,0335b2c8-8084-4c33-9a3c-1e849357e589,1,0,6,1440,367.7511174736027,1545.8370851022348,1239.3979337548208,1457,392,178958.20000004768,1590,1232,179524.70000004768,566.5,true,true,0,1590,1232,566.5,0,completed,,,2026-09-24T08:55:52.947Z,2026-09-24T08:55:53.514Z,2026-09-24T08:55:53.514Z,,32,178949.724
1.2.0,29e40d9d-fcba-4886-8a14-dd6d3c6b3f5d,001,main,pointing-single-208-post104-continuous-v3,539807cd564d571194824c9e9a5986a9c009b1b63ed371ea94a24f47d2ef96d9,C3,"[""C3""]",training,C3,1,s12,12,2,145,145,145,144,144,29e40d9d-fcba-4886-8a14-dd6d3c6b3f5d:s12:t2,29e40d9d-fcba-4886-8a14-dd6d3c6b3f5d:s12:t2:a1,1,29e40d9d-fcba-4886-8a14-dd6d3c6b3f5d:segment1,180,20,3.321928094887362,878.0487804878048,97.5609756097561,884.4977650527946,0335b2c8-8084-4c33-9a3c-1e849357e589,1,6,12,1545.8370851022348,1239.3979337548208,1234.4766964795208,418.40806212860286,1590,1232,179524.70000004768,1225,409,180058.5,533.7999999523163,true,true,0,1225,409,533.7999999523163,0,completed,,,2026-09-24T08:55:53.514Z,2026-09-24T08:55:54.047Z,2026-09-24T08:55:54.047Z,,30,179516.3
1.2.0,29e40d9d-fcba-4886-8a14-dd6d3c6b3f5d,001,main,pointing-single-208-post104-continuous-v3,539807cd564d571194824c9e9a5986a9c009b1b63ed371ea94a24f47d2ef96d9,C3,"[""C3""]",training,C3,1,s12,12,3,146,146,146,145,145,29e40d9d-fcba-4886-8a14-dd6d3c6b3f5d:s12:t3,29e40d9d-fcba-4886-8a14-dd6d3c6b3f5d:s12:t3:a1,1,29e40d9d-fcba-4886-8a14-dd6d3c6b3f5d:segment1,180,20,3.321928094887362,878.0487804878048,97.5609756097561,884.4977650527946,0335b2c8-8084-4c33-9a3c-1e849357e589,1,12,5,1234.4766964795208,418.40806212860286,1733.2652545849257,1141.0280419376672,1225,409,180058.5,1670,1049,180474.90000009537,416.40000009536743,false,true,1,1734,1153,632.8000001907349,216.40000009536743,completed,,,2026-09-24T08:55:54.047Z,2026-09-24T08:55:54.464Z,2026-09-24T08:55:54.680Z,,28,180066.4
1.2.0,29e40d9d-fcba-4886-8a14-dd6d3c6b3f5d,001,main,pointing-single-208-post104-continuous-v3,539807cd564d571194824c9e9a5986a9c009b1b63ed371ea94a24f47d2ef96d9,C3,"[""C3""]",training,C3,1,s12,12,4,147,147,147,146,146,29e40d9d-fcba-4886-8a14-dd6d3c6b3f5d:s12:t4,29e40d9d-fcba-4886-8a14-dd6d3c6b3f5d:s12:t4:a1,1,29e40d9d-fcba-4886-8a14-dd6d3c6b3f5d:segment1,180,20,3.321928094887362,878.0487804878048,97.5609756097561,884.4977650527946,0335b2c8-8084-4c33-9a3c-1e849357e589,1,5,11,1733.2652545849257,1141.0280419376672,1076.0363049712757,558.7740005555058,1734,1153,180691.30000019073,1068,562,181141.70000004768,450.39999985694885,true,true,0,1068,562,450.39999985694885,0,completed,,,2026-09-24T08:55:54.680Z,2026-09-24T08:55:55.131Z,2026-09-24T08:55:55.131Z,,27,180699.658
1.2.0,29e40d9d-fcba-4886-8a14-dd6d3c6b3f5d,001,main,pointing-single-208-post104-continuous-v3,539807cd564d571194824c9e9a5986a9c009b1b63ed371ea94a24f47d2ef96d9,C3,"[""C3""]",training,C3,1,s12,12,5,148,148,148,147,147,29e40d9d-fcba-4886-8a14-dd6d3c6b3f5d:s12:t5,29e40d9d-fcba-4886-8a14-dd6d3c6b3f5d:s12:t5:a1,1,29e40d9d-fcba-4886-8a14-dd6d3c6b3f5d:segment1,180,20,3.321928094887362,878.0487804878048,97.5609756097561,884.4977650527946,0335b2c8-8084-4c33-9a3c-1e849357e589,1,11,4,1076.0363049712757,558.7740005555058,1853.5098884716554,966.8236150329607,1068,562,181141.70000004768,1803,961,181574.90000009537,433.2000000476837,false,true,1,1840,968,733.2000000476837,300,completed,,,2026-09-24T08:55:55.131Z,2026-09-24T08:55:55.564Z,2026-09-24T08:55:55.864Z,,39,181149.698
1.2.0,29e40d9d-fcba-4886-8a14-dd6d3c6b3f5d,001,main,pointing-single-208-post104-continuous-v3,539807cd564d571194824c9e9a5986a9c009b1b63ed371ea94a24f47d2ef96d9,C3,"[""C3""]",training,C3,1,s12,12,6,149,149,149,148,148,29e40d9d-fcba-4886-8a14-dd6d3c6b3f5d:s12:t6,29e40d9d-fcba-4886-8a14-dd6d3c6b3f5d:s12:t6:a1,1,29e40d9d-fcba-4886-8a14-dd6d3c6b3f5d:segment1,180,20,3.321928094887362,878.0487804878048,97.5609756097561,884.4977650527946,0335b2c8-8084-4c33-9a3c-1e849357e589,1,4,10,1853.5098884716554,966.8236150329607,1000.9756097560976,756.6927878536417,1840,968,181874.90000009537,1041,745,182458.40000009537,583.5,true,true,0,1041,745,583.5,0,completed,,,2026-09-24T08:55:55.864Z,2026-09-24T08:55:56.447Z,2026-09-24T08:55:56.447Z,,33,181882.992
1.2.0,29e40d9d-fcba-4886-8a14-dd6d3c6b3f5d,001,main,pointing-single-208-post104-continuous-v3,539807cd564d571194824c9e9a5986a9c009b1b63ed371ea94a24f47d2ef96d9,C3,"[""C3""]",training,C3,1,s12,12,7,150,150,150,149,149,29e40d9d-fcba-4886-8a14-dd6d3c6b3f5d:s12:t7,29e40d9d-fcba-4886-8a14-dd6d3c6b3f5d:s12:t7:a1,1,29e40d9d-fcba-4886-8a14-dd6d3c6b3f5d:segment1,180,20,3.321928094887362,878.0487804878048,97.5609756097561,884.4977650527946,0335b2c8-8084-4c33-9a3c-1e849357e589,1,10,3,1000.9756097560976,756.6927878536417,1879.0243902439024,756.6927878536418,1041,745,182458.40000009537,1896,757,182925.20000004768,466.7999999523163,true,true,0,1896,757,466.7999999523163,0,completed,,,2026-09-24T08:55:56.447Z,2026-09-24T08:55:56.914Z,2026-09-24T08:55:56.914Z,,22,182449.662
1.2.0,29e40d9d-fcba-4886-8a14-dd6d3c6b3f5d,001,main,pointing-single-208-post104-continuous-v3,539807cd564d571194824c9e9a5986a9c009b1b63ed371ea94a24f47d2ef96d9,C3,"[""C3""]",training,C3,1,s12,12,8,151,151,151,150,150,29e40d9d-fcba-4886-8a14-dd6d3c6b3f5d:s12:t8,29e40d9d-fcba-4886-8a14-dd6d3c6b3f5d:s12:t8:a1,1,29e40d9d-fcba-4886-8a14-dd6d3c6b3f5d:segment1,180,20,3.321928094887362,878.0487804878048,97.5609756097561,884.4977650527946,0335b2c8-8084-4c33-9a3c-1e849357e589,1,3,9,1879.0243902439024,756.6927878536418,1026.4901115283446,966.8236150329608,1896,757,182925.20000004768,1062,966,183458.10000014305,532.9000000953674,true,true,0,1062,966,532.9000000953674,0,completed,,,2026-09-24T08:55:56.914Z,2026-09-24T08:55:57.447Z,2026-09-24T08:55:57.447Z,,28,182916.3
1.2.0,29e40d9d-fcba-4886-8a14-dd6d3c6b3f5d,001,main,pointing-single-208-post104-continuous-v3,539807cd564d571194824c9e9a5986a9c009b1b63ed371ea94a24f47d2ef96d9,C3,"[""C3""]",training,C3,1,s12,12,9,152,152,152,151,151,29e40d9d-fcba-4886-8a14-dd6d3c6b3f5d:s12:t9,29e40d9d-fcba-4886-8a14-dd6d3c6b3f5d:s12:t9:a1,1,29e40d9d-fcba-4886-8a14-dd6d3c6b3f5d:segment1,180,20,3.321928094887362,878.0487804878048,97.5609756097561,884.4977650527946,0335b2c8-8084-4c33-9a3c-1e849357e589,1,9,2,1026.4901115283446,966.8236150329608,1803.963695028724,558.7740005555054,1062,966,183458.10000014305,1834,532,183974.60000014305,516.5,true,true,0,1834,532,516.5,0,completed,,,2026-09-24T08:55:57.447Z,2026-09-24T08:55:57.963Z,2026-09-24T08:55:57.963Z,,27,183449.728
1.2.0,29e40d9d-fcba-4886-8a14-dd6d3c6b3f5d,001,main,pointing-single-208-post104-continuous-v3,539807cd564d571194824c9e9a5986a9c009b1b63ed371ea94a24f47d2ef96d9,C3,"[""C3""]",training,C3,1,s12,12,10,153,153,153,152,152,29e40d9d-fcba-4886-8a14-dd6d3c6b3f5d:s12:t10,29e40d9d-fcba-4886-8a14-dd6d3c6b3f5d:s12:t10:a1,1,29e40d9d-fcba-4886-8a14-dd6d3c6b3f5d:segment1,180,20,3.321928094887362,878.0487804878048,97.5609756097561,884.4977650527946,0335b2c8-8084-4c33-9a3c-1e849357e589,1,2,8,1803.963695028724,558.7740005555054,1146.7347454150745,1141.0280419376672,1834,532,183974.60000014305,1143,1130,184508.30000019073,533.7000000476837,true,true,0,1143,1130,533.7000000476837,0,completed,,,2026-09-24T08:55:57.963Z,2026-09-24T08:55:58.497Z,2026-09-24T08:55:58.497Z,,27,183983
1.2.0,29e40d9d-fcba-4886-8a14-dd6d3c6b3f5d,001,main,pointing-single-208-post104-continuous-v3,539807cd564d571194824c9e9a5986a9c009b1b63ed371ea94a24f47d2ef96d9,C3,"[""C3""]",training,C3,1,s12,12,11,154,154,154,153,153,29e40d9d-fcba-4886-8a14-dd6d3c6b3f5d:s12:t11,29e40d9d-fcba-4886-8a14-dd6d3c6b3f5d:s12:t11:a1,1,29e40d9d-fcba-4886-8a14-dd6d3c6b3f5d:segment1,180,20,3.321928094887362,878.0487804878048,97.5609756097561,884.4977650527946,0335b2c8-8084-4c33-9a3c-1e849357e589,1,8,1,1146.7347454150745,1141.0280419376672,1645.5233035204794,418.4080621286029,1143,1130,184508.30000019073,1668,446,185124.90000009537,616.5999999046326,true,true,0,1668,446,616.5999999046326,0,completed,,,2026-09-24T08:55:58.497Z,2026-09-24T08:55:59.114Z,2026-09-24T08:55:59.114Z,,43,184516.332
1.2.0,29e40d9d-fcba-4886-8a14-dd6d3c6b3f5d,001,main,pointing-single-208-post104-continuous-v3,539807cd564d571194824c9e9a5986a9c009b1b63ed371ea94a24f47d2ef96d9,C3,"[""C3""]",training,C3,1,s12,12,12,155,155,155,154,154,29e40d9d-fcba-4886-8a14-dd6d3c6b3f5d:s12:t12,29e40d9d-fcba-4886-8a14-dd6d3c6b3f5d:s12:t12:a1,1,29e40d9d-fcba-4886-8a14-dd6d3c6b3f5d:segment1,180,20,3.321928094887362,878.0487804878048,97.5609756097561,884.4977650527946,0335b2c8-8084-4c33-9a3c-1e849357e589,1,1,7,1645.5233035204794,418.4080621286029,1334.1629148977652,1239.3979337548208,1668,446,185124.90000009537,1355,1233,185808,683.0999999046326,true,true,0,1355,1233,683.0999999046326,0,completed,,,2026-09-24T08:55:59.114Z,2026-09-24T08:55:59.797Z,2026-09-24T08:55:59.797Z,,32,185116.364
1.2.0,29e40d9d-fcba-4886-8a14-dd6d3c6b3f5d,001,main,pointing-single-208-post104-continuous-v3,539807cd564d571194824c9e9a5986a9c009b1b63ed371ea94a24f47d2ef96d9,C3,"[""C3""]",training,C3,1,s12,12,13,156,156,156,155,155,29e40d9d-fcba-4886-8a14-dd6d3c6b3f5d:s12:t13,29e40d9d-fcba-4886-8a14-dd6d3c6b3f5d:s12:t13:a1,1,29e40d9d-fcba-4886-8a14-dd6d3c6b3f5d:segment1,180,20,3.321928094887362,878.0487804878048,97.5609756097561,884.4977650527946,0335b2c8-8084-4c33-9a3c-1e849357e589,1,7,0,1334.1629148977652,1239.3979337548208,1440,367.7511174736027,1355,1233,185808,1459,377,186391.60000014305,583.6000001430511,true,true,0,1459,377,583.6000001430511,0,completed,,,2026-09-24T08:55:59.797Z,2026-09-24T08:56:00.380Z,2026-09-24T08:56:00.380Z,,28,185799.632
1.2.0,29e40d9d-fcba-4886-8a14-dd6d3c6b3f5d,001,main,pointing-single-208-post104-continuous-v3,539807cd564d571194824c9e9a5986a9c009b1b63ed371ea94a24f47d2ef96d9,C3,"[""C3""]",training,C3,1,s13,13,1,157,157,157,156,156,29e40d9d-fcba-4886-8a14-dd6d3c6b3f5d:s13:t1,29e40d9d-fcba-4886-8a14-dd6d3c6b3f5d:s13:t1:a1,1,29e40d9d-fcba-4886-8a14-dd6d3c6b3f5d:segment1,180,20,3.321928094887362,878.0487804878048,97.5609756097561,884.4977650527946,0335b2c8-8084-4c33-9a3c-1e849357e589,1,0,6,1440,367.7511174736027,1545.8370851022348,1239.3979337548208,1459,377,186391.60000014305,1572,1243,186924.60000014305,533,true,true,0,1572,1243,533,0,completed,,,2026-09-24T08:56:00.380Z,2026-09-24T08:56:00.913Z,2026-09-24T08:56:00.913Z,,25,186383.03
1.2.0,29e40d9d-fcba-4886-8a14-dd6d3c6b3f5d,001,main,pointing-single-208-post104-continuous-v3,539807cd564d571194824c9e9a5986a9c009b1b63ed371ea94a24f47d2ef96d9,C3,"[""C3""]",training,C3,1,s13,13,2,158,158,158,157,157,29e40d9d-fcba-4886-8a14-dd6d3c6b3f5d:s13:t2,29e40d9d-fcba-4886-8a14-dd6d3c6b3f5d:s13:t2:a1,1,29e40d9d-fcba-4886-8a14-dd6d3c6b3f5d:segment1,180,20,3.321928094887362,878.0487804878048,97.5609756097561,884.4977650527946,0335b2c8-8084-4c33-9a3c-1e849357e589,1,6,12,1545.8370851022348,1239.3979337548208,1234.4766964795208,418.40806212860286,1572,1243,186924.60000014305,1238,420,187458.30000019073,533.7000000476837,true,true,0,1238,420,533.7000000476837,0,completed,,,2026-09-24T08:56:00.913Z,2026-09-24T08:56:01.447Z,2026-09-24T08:56:01.447Z,,36,186932.9
1.2.0,29e40d9d-fcba-4886-8a14-dd6d3c6b3f5d,001,main,pointing-single-208-post104-continuous-v3,539807cd564d571194824c9e9a5986a9c009b1b63ed371ea94a24f47d2ef96d9,C3,"[""C3""]",training,C3,1,s13,13,3,159,159,159,158,158,29e40d9d-fcba-4886-8a14-dd6d3c6b3f5d:s13:t3,29e40d9d-fcba-4886-8a14-dd6d3c6b3f5d:s13:t3:a1,1,29e40d9d-fcba-4886-8a14-dd6d3c6b3f5d:segment1,180,20,3.321928094887362,878.0487804878048,97.5609756097561,884.4977650527946,0335b2c8-8084-4c33-9a3c-1e849357e589,1,12,5,1234.4766964795208,418.40806212860286,1733.2652545849257,1141.0280419376672,1238,420,187458.30000019073,1731,1121,188058.20000004768,599.8999998569489,true,true,0,1731,1121,599.8999998569489,0,completed,,,2026-09-24T08:56:01.447Z,2026-09-24T08:56:02.047Z,2026-09-24T08:56:02.047Z,,28,187466.33
1.2.0,29e40d9d-fcba-4886-8a14-dd6d3c6b3f5d,001,main,pointing-single-208-post104-continuous-v3,539807cd564d571194824c9e9a5986a9c009b1b63ed371ea94a24f47d2ef96d9,C3,"[""C3""]",training,C3,1,s13,13,4,160,160,160,159,159,29e40d9d-fcba-4886-8a14-dd6d3c6b3f5d:s13:t4,29e40d9d-fcba-4886-8a14-dd6d3c6b3f5d:s13:t4:a1,1,29e40d9d-fcba-4886-8a14-dd6d3c6b3f5d:segment1,180,20,3.321928094887362,878.0487804878048,97.5609756097561,884.4977650527946,0335b2c8-8084-4c33-9a3c-1e849357e589,1,5,11,1733.2652545849257,1141.0280419376672,1076.0363049712757,558.7740005555058,1731,1121,188058.20000004768,1083,569,188557.90000009537,499.7000000476837,true,true,0,1083,569,499.7000000476837,0,completed,,,2026-09-24T08:56:02.047Z,2026-09-24T08:56:02.547Z,2026-09-24T08:56:02.547Z,,26,188066.306
1.2.0,29e40d9d-fcba-4886-8a14-dd6d3c6b3f5d,001,main,pointing-single-208-post104-continuous-v3,539807cd564d571194824c9e9a5986a9c009b1b63ed371ea94a24f47d2ef96d9,C3,"[""C3""]",training,C3,1,s13,13,5,161,161,161,160,160,29e40d9d-fcba-4886-8a14-dd6d3c6b3f5d:s13:t5,29e40d9d-fcba-4886-8a14-dd6d3c6b3f5d:s13:t5:a1,1,29e40d9d-fcba-4886-8a14-dd6d3c6b3f5d:segment1,180,20,3.321928094887362,878.0487804878048,97.5609756097561,884.4977650527946,0335b2c8-8084-4c33-9a3c-1e849357e589,1,11,4,1076.0363049712757,558.7740005555058,1853.5098884716554,966.8236150329607,1083,569,188557.90000009537,1856,956,189024.70000004768,466.7999999523163,true,true,0,1856,956,466.7999999523163,0,completed,,,2026-09-24T08:56:02.547Z,2026-09-24T08:56:03.013Z,2026-09-24T08:56:03.013Z,,24,188566.362
1.2.0,29e40d9d-fcba-4886-8a14-dd6d3c6b3f5d,001,main,pointing-single-208-post104-continuous-v3,539807cd564d571194824c9e9a5986a9c009b1b63ed371ea94a24f47d2ef96d9,C3,"[""C3""]",training,C3,1,s13,13,6,162,162,162,161,161,29e40d9d-fcba-4886-8a14-dd6d3c6b3f5d:s13:t6,29e40d9d-fcba-4886-8a14-dd6d3c6b3f5d:s13:t6:a1,1,29e40d9d-fcba-4886-8a14-dd6d3c6b3f5d:segment1,180,20,3.321928094887362,878.0487804878048,97.5609756097561,884.4977650527946,0335b2c8-8084-4c33-9a3c-1e849357e589,1,4,10,1853.5098884716554,966.8236150329607,1000.9756097560976,756.6927878536417,1856,956,189024.70000004768,976,756,189491.5,466.7999999523163,true,true,0,976,756,466.7999999523163,0,completed,,,2026-09-24T08:56:03.013Z,2026-09-24T08:56:03.480Z,2026-09-24T08:56:03.480Z,,23,189033
1.2.0,29e40d9d-fcba-4886-8a14-dd6d3c6b3f5d,001,main,pointing-single-208-post104-continuous-v3,539807cd564d571194824c9e9a5986a9c009b1b63ed371ea94a24f47d2ef96d9,C3,"[""C3""]",training,C3,1,s13,13,7,163,163,163,162,162,29e40d9d-fcba-4886-8a14-dd6d3c6b3f5d:s13:t7,29e40d9d-fcba-4886-8a14-dd6d3c6b3f5d:s13:t7:a1,1,29e40d9d-fcba-4886-8a14-dd6d3c6b3f5d:segment1,180,20,3.321928094887362,878.0487804878048,97.5609756097561,884.4977650527946,0335b2c8-8084-4c33-9a3c-1e849357e589,1,10,3,1000.9756097560976,756.6927878536417,1879.0243902439024,756.6927878536418,976,756,189491.5,1894,805,189907.90000009537,416.40000009536743,false,true,2,1858,784,1549.8000001907349,1133.4000000953674,completed,,,2026-09-24T08:56:03.480Z,2026-09-24T08:56:03.897Z,2026-09-24T08:56:05.030Z,,83,189482.916
1.2.0,29e40d9d-fcba-4886-8a14-dd6d3c6b3f5d,001,main,pointing-single-208-post104-continuous-v3,539807cd564d571194824c9e9a5986a9c009b1b63ed371ea94a24f47d2ef96d9,C3,"[""C3""]",training,C3,1,s13,13,8,164,164,164,163,163,29e40d9d-fcba-4886-8a14-dd6d3c6b3f5d:s13:t8,29e40d9d-fcba-4886-8a14-dd6d3c6b3f5d:s13:t8:a1,1,29e40d9d-fcba-4886-8a14-dd6d3c6b3f5d:segment1,180,20,3.321928094887362,878.0487804878048,97.5609756097561,884.4977650527946,0335b2c8-8084-4c33-9a3c-1e849357e589,1,3,9,1879.0243902439024,756.6927878536418,1026.4901115283446,966.8236150329608,1858,784,191041.30000019073,1009,987,191507.90000009537,466.59999990463257,true,true,0,1009,987,466.59999990463257,0,completed,,,2026-09-24T08:56:05.030Z,2026-09-24T08:56:05.497Z,2026-09-24T08:56:05.497Z,,24,191049.6
1.2.0,29e40d9d-fcba-4886-8a14-dd6d3c6b3f5d,001,main,pointing-single-208-post104-continuous-v3,539807cd564d571194824c9e9a5986a9c009b1b63ed371ea94a24f47d2ef96d9,C3,"[""C3""]",training,C3,1,s13,13,9,165,165,165,164,164,29e40d9d-fcba-4886-8a14-dd6d3c6b3f5d:s13:t9,29e40d9d-fcba-4886-8a14-dd6d3c6b3f5d:s13:t9:a1,1,29e40d9d-fcba-4886-8a14-dd6d3c6b3f5d:segment1,180,20,3.321928094887362,878.0487804878048,97.5609756097561,884.4977650527946,0335b2c8-8084-4c33-9a3c-1e849357e589,1,9,2,1026.4901115283446,966.8236150329608,1803.963695028724,558.7740005555054,1009,987,191507.90000009537,1774,558,192191.20000004768,683.2999999523163,true,true,0,1774,558,683.2999999523163,0,completed,,,2026-09-24T08:56:05.497Z,2026-09-24T08:56:06.180Z,2026-09-24T08:56:06.180Z,,46,191499.616
1.2.0,29e40d9d-fcba-4886-8a14-dd6d3c6b3f5d,001,main,pointing-single-208-post104-continuous-v3,539807cd564d571194824c9e9a5986a9c009b1b63ed371ea94a24f47d2ef96d9,C3,"[""C3""]",training,C3,1,s13,13,10,166,166,166,165,165,29e40d9d-fcba-4886-8a14-dd6d3c6b3f5d:s13:t10,29e40d9d-fcba-4886-8a14-dd6d3c6b3f5d:s13:t10:a1,1,29e40d9d-fcba-4886-8a14-dd6d3c6b3f5d:segment1,180,20,3.321928094887362,878.0487804878048,97.5609756097561,884.4977650527946,0335b2c8-8084-4c33-9a3c-1e849357e589,1,2,8,1803.963695028724,558.7740005555054,1146.7347454150745,1141.0280419376672,1774,558,192191.20000004768,1137,1133,192841.70000004768,650.5,true,true,0,1137,1133,650.5,0,completed,,,2026-09-24T08:56:06.180Z,2026-09-24T08:56:06.830Z,2026-09-24T08:56:06.830Z,,27,192183
1.2.0,29e40d9d-fcba-4886-8a14-dd6d3c6b3f5d,001,main,pointing-single-208-post104-continuous-v3,539807cd564d571194824c9e9a5986a9c009b1b63ed371ea94a24f47d2ef96d9,C3,"[""C3""]",training,C3,1,s13,13,11,167,167,167,166,166,29e40d9d-fcba-4886-8a14-dd6d3c6b3f5d:s13:t11,29e40d9d-fcba-4886-8a14-dd6d3c6b3f5d:s13:t11:a1,1,29e40d9d-fcba-4886-8a14-dd6d3c6b3f5d:segment1,180,20,3.321928094887362,878.0487804878048,97.5609756097561,884.4977650527946,0335b2c8-8084-4c33-9a3c-1e849357e589,1,8,1,1146.7347454150745,1141.0280419376672,1645.5233035204794,418.4080621286029,1137,1133,192841.70000004768,1623,438,193391.5,549.7999999523163,true,true,0,1623,438,549.7999999523163,0,completed,,,2026-09-24T08:56:06.830Z,2026-09-24T08:56:07.380Z,2026-09-24T08:56:07.380Z,,31,192849.664
1.2.0,29e40d9d-fcba-4886-8a14-dd6d3c6b3f5d,001,main,pointing-single-208-post104-continuous-v3,539807cd564d571194824c9e9a5986a9c009b1b63ed371ea94a24f47d2ef96d9,C3,"[""C3""]",training,C3,1,s13,13,12,168,168,168,167,167,29e40d9d-fcba-4886-8a14-dd6d3c6b3f5d:s13:t12,29e40d9d-fcba-4886-8a14-dd6d3c6b3f5d:s13:t12:a1,1,29e40d9d-fcba-4886-8a14-dd6d3c6b3f5d:segment1,180,20,3.321928094887362,878.0487804878048,97.5609756097561,884.4977650527946,0335b2c8-8084-4c33-9a3c-1e849357e589,1,1,7,1645.5233035204794,418.4080621286029,1334.1629148977652,1239.3979337548208,1623,438,193391.5,1277,1253,193908,516.5,false,true,1,1291,1228,766.5,250,completed,,,2026-09-24T08:56:07.380Z,2026-09-24T08:56:07.896Z,2026-09-24T08:56:08.146Z,,40,193383.022
1.2.0,29e40d9d-fcba-4886-8a14-dd6d3c6b3f5d,001,main,pointing-single-208-post104-continuous-v3,539807cd564d571194824c9e9a5986a9c009b1b63ed371ea94a24f47d2ef96d9,C3,"[""C3""]",training,C3,1,s13,13,13,169,169,169,168,168,29e40d9d-fcba-4886-8a14-dd6d3c6b3f5d:s13:t13,29e40d9d-fcba-4886-8a14-dd6d3c6b3f5d:s13:t13:a1,1,29e40d9d-fcba-4886-8a14-dd6d3c6b3f5d:segment1,180,20,3.321928094887362,878.0487804878048,97.5609756097561,884.4977650527946,0335b2c8-8084-4c33-9a3c-1e849357e589,1,7,0,1334.1629148977652,1239.3979337548208,1440,367.7511174736027,1291,1228,194158,1447,384,194641.30000019073,483.30000019073486,true,true,0,1447,384,483.30000019073486,0,completed,,,2026-09-24T08:56:08.146Z,2026-09-24T08:56:08.630Z,2026-09-24T08:56:08.630Z,,28,194166.3
1.2.0,29e40d9d-fcba-4886-8a14-dd6d3c6b3f5d,001,main,pointing-single-208-post104-continuous-v3,539807cd564d571194824c9e9a5986a9c009b1b63ed371ea94a24f47d2ef96d9,C3,"[""C3""]",training,C3,1,s14,14,1,170,170,170,169,169,29e40d9d-fcba-4886-8a14-dd6d3c6b3f5d:s14:t1,29e40d9d-fcba-4886-8a14-dd6d3c6b3f5d:s14:t1:a1,1,29e40d9d-fcba-4886-8a14-dd6d3c6b3f5d:segment1,180,20,3.321928094887362,878.0487804878048,97.5609756097561,884.4977650527946,0335b2c8-8084-4c33-9a3c-1e849357e589,1,0,6,1440,367.7511174736027,1545.8370851022348,1239.3979337548208,1447,384,194641.30000019073,1556,1220,195124.70000004768,483.39999985694885,true,true,0,1556,1220,483.39999985694885,0,completed,,,2026-09-24T08:56:08.630Z,2026-09-24T08:56:09.113Z,2026-09-24T08:56:09.113Z,,26,194648.6
1.2.0,29e40d9d-fcba-4886-8a14-dd6d3c6b3f5d,001,main,pointing-single-208-post104-continuous-v3,539807cd564d571194824c9e9a5986a9c009b1b63ed371ea94a24f47d2ef96d9,C3,"[""C3""]",training,C3,1,s14,14,2,171,171,171,170,170,29e40d9d-fcba-4886-8a14-dd6d3c6b3f5d:s14:t2,29e40d9d-fcba-4886-8a14-dd6d3c6b3f5d:s14:t2:a1,1,29e40d9d-fcba-4886-8a14-dd6d3c6b3f5d:segment1,180,20,3.321928094887362,878.0487804878048,97.5609756097561,884.4977650527946,0335b2c8-8084-4c33-9a3c-1e849357e589,1,6,12,1545.8370851022348,1239.3979337548208,1234.4766964795208,418.40806212860286,1556,1220,195124.70000004768,1217,391,195625.10000014305,500.40000009536743,true,true,0,1217,391,500.40000009536743,0,completed,,,2026-09-24T08:56:09.113Z,2026-09-24T08:56:09.614Z,2026-09-24T08:56:09.614Z,,26,195133
1.2.0,29e40d9d-fcba-4886-8a14-dd6d3c6b3f5d,001,main,pointing-single-208-post104-continuous-v3,539807cd564d571194824c9e9a5986a9c009b1b63ed371ea94a24f47d2ef96d9,C3,"[""C3""]",training,C3,1,s14,14,3,172,172,172,171,171,29e40d9d-fcba-4886-8a14-dd6d3c6b3f5d:s14:t3,29e40d9d-fcba-4886-8a14-dd6d3c6b3f5d:s14:t3:a1,1,29e40d9d-fcba-4886-8a14-dd6d3c6b3f5d:segment1,180,20,3.321928094887362,878.0487804878048,97.5609756097561,884.4977650527946,0335b2c8-8084-4c33-9a3c-1e849357e589,1,12,5,1234.4766964795208,418.40806212860286,1733.2652545849257,1141.0280419376672,1217,391,195625.10000014305,1694,1142,196108.60000014305,483.5,true,true,0,1694,1142,483.5,0,completed,,,2026-09-24T08:56:09.614Z,2026-09-24T08:56:10.097Z,2026-09-24T08:56:10.097Z,,28,195632.9
1.2.0,29e40d9d-fcba-4886-8a14-dd6d3c6b3f5d,001,main,pointing-single-208-post104-continuous-v3,539807cd564d571194824c9e9a5986a9c009b1b63ed371ea94a24f47d2ef96d9,C3,"[""C3""]",training,C3,1,s14,14,4,173,173,173,172,172,29e40d9d-fcba-4886-8a14-dd6d3c6b3f5d:s14:t4,29e40d9d-fcba-4886-8a14-dd6d3c6b3f5d:s14:t4:a1,1,29e40d9d-fcba-4886-8a14-dd6d3c6b3f5d:segment1,180,20,3.321928094887362,878.0487804878048,97.5609756097561,884.4977650527946,0335b2c8-8084-4c33-9a3c-1e849357e589,1,5,11,1733.2652545849257,1141.0280419376672,1076.0363049712757,558.7740005555058,1694,1142,196108.60000014305,1105,564,196574.5,465.89999985694885,true,true,0,1105,564,465.89999985694885,0,completed,,,2026-09-24T08:56:10.097Z,2026-09-24T08:56:10.563Z,2026-09-24T08:56:10.563Z,,22,196116.2
1.2.0,29e40d9d-fcba-4886-8a14-dd6d3c6b3f5d,001,main,pointing-single-208-post104-continuous-v3,539807cd564d571194824c9e9a5986a9c009b1b63ed371ea94a24f47d2ef96d9,C3,"[""C3""]",training,C3,1,s14,14,5,174,174,174,173,173,29e40d9d-fcba-4886-8a14-dd6d3c6b3f5d:s14:t5,29e40d9d-fcba-4886-8a14-dd6d3c6b3f5d:s14:t5:a1,1,29e40d9d-fcba-4886-8a14-dd6d3c6b3f5d:segment1,180,20,3.321928094887362,878.0487804878048,97.5609756097561,884.4977650527946,0335b2c8-8084-4c33-9a3c-1e849357e589,1,11,4,1076.0363049712757,558.7740005555058,1853.5098884716554,966.8236150329607,1105,564,196574.5,1851,964,197008.40000009537,433.90000009536743,true,true,0,1851,964,433.90000009536743,0,completed,,,2026-09-24T08:56:10.563Z,2026-09-24T08:56:10.997Z,2026-09-24T08:56:10.997Z,,18,196566.32
1.2.0,29e40d9d-fcba-4886-8a14-dd6d3c6b3f5d,001,main,pointing-single-208-post104-continuous-v3,539807cd564d571194824c9e9a5986a9c009b1b63ed371ea94a24f47d2ef96d9,C3,"[""C3""]",training,C3,1,s14,14,6,175,175,175,174,174,29e40d9d-fcba-4886-8a14-dd6d3c6b3f5d:s14:t6,29e40d9d-fcba-4886-8a14-dd6d3c6b3f5d:s14:t6:a1,1,29e40d9d-fcba-4886-8a14-dd6d3c6b3f5d:segment1,180,20,3.321928094887362,878.0487804878048,97.5609756097561,884.4977650527946,0335b2c8-8084-4c33-9a3c-1e849357e589,1,4,10,1853.5098884716554,966.8236150329607,1000.9756097560976,756.6927878536417,1851,964,197008.40000009537,1025,760,197624.80000019073,616.4000000953674,true,true,0,1025,760,616.4000000953674,0,completed,,,2026-09-24T08:56:10.997Z,2026-09-24T08:56:11.613Z,2026-09-24T08:56:11.613Z,,27,196999.628
1.2.0,29e40d9d-fcba-4886-8a14-dd6d3c6b3f5d,001,main,pointing-single-208-post104-continuous-v3,539807cd564d571194824c9e9a5986a9c009b1b63ed371ea94a24f47d2ef96d9,C3,"[""C3""]",training,C3,1,s14,14,7,176,176,176,175,175,29e40d9d-fcba-4886-8a14-dd6d3c6b3f5d:s14:t7,29e40d9d-fcba-4886-8a14-dd6d3c6b3f5d:s14:t7:a1,1,29e40d9d-fcba-4886-8a14-dd6d3c6b3f5d:segment1,180,20,3.321928094887362,878.0487804878048,97.5609756097561,884.4977650527946,0335b2c8-8084-4c33-9a3c-1e849357e589,1,10,3,1000.9756097560976,756.6927878536417,1879.0243902439024,756.6927878536418,1025,760,197624.80000019073,1936,783,198074.60000014305,449.7999999523163,false,true,1,1875,772,633.3999998569489,183.59999990463257,completed,,,2026-09-24T08:56:11.613Z,2026-09-24T08:56:12.063Z,2026-09-24T08:56:12.247Z,,24,197616.326
1.2.0,29e40d9d-fcba-4886-8a14-dd6d3c6b3f5d,001,main,pointing-single-208-post104-continuous-v3,539807cd564d571194824c9e9a5986a9c009b1b63ed371ea94a24f47d2ef96d9,C3,"[""C3""]",training,C3,1,s14,14,8,177,177,177,176,176,29e40d9d-fcba-4886-8a14-dd6d3c6b3f5d:s14:t8,29e40d9d-fcba-4886-8a14-dd6d3c6b3f5d:s14:t8:a1,1,29e40d9d-fcba-4886-8a14-dd6d3c6b3f5d:segment1,180,20,3.321928094887362,878.0487804878048,97.5609756097561,884.4977650527946,0335b2c8-8084-4c33-9a3c-1e849357e589,1,3,9,1879.0243902439024,756.6927878536418,1026.4901115283446,966.8236150329608,1875,772,198258.20000004768,1036,974,198724.90000009537,466.7000000476837,true,true,0,1036,974,466.7000000476837,0,completed,,,2026-09-24T08:56:12.247Z,2026-09-24T08:56:12.713Z,2026-09-24T08:56:12.713Z,,24,198266.3
1.2.0,29e40d9d-fcba-4886-8a14-dd6d3c6b3f5d,001,main,pointing-single-208-post104-continuous-v3,539807cd564d571194824c9e9a5986a9c009b1b63ed371ea94a24f47d2ef96d9,C3,"[""C3""]",training,C3,1,s14,14,9,178,178,178,177,177,29e40d9d-fcba-4886-8a14-dd6d3c6b3f5d:s14:t9,29e40d9d-fcba-4886-8a14-dd6d3c6b3f5d:s14:t9:a1,1,29e40d9d-fcba-4886-8a14-dd6d3c6b3f5d:segment1,180,20,3.321928094887362,878.0487804878048,97.5609756097561,884.4977650527946,0335b2c8-8084-4c33-9a3c-1e849357e589,1,9,2,1026.4901115283446,966.8236150329608,1803.963695028724,558.7740005555054,1036,974,198724.90000009537,1799,568,199207.90000009537,483,true,true,0,1799,568,483,0,completed,,,2026-09-24T08:56:12.713Z,2026-09-24T08:56:13.196Z,2026-09-24T08:56:13.196Z,,28,198732.992
1.2.0,29e40d9d-fcba-4886-8a14-dd6d3c6b3f5d,001,main,pointing-single-208-post104-continuous-v3,539807cd564d571194824c9e9a5986a9c009b1b63ed371ea94a24f47d2ef96d9,C3,"[""C3""]",training,C3,1,s14,14,10,179,179,179,178,178,29e40d9d-fcba-4886-8a14-dd6d3c6b3f5d:s14:t10,29e40d9d-fcba-4886-8a14-dd6d3c6b3f5d:s14:t10:a1,1,29e40d9d-fcba-4886-8a14-dd6d3c6b3f5d:segment1,180,20,3.321928094887362,878.0487804878048,97.5609756097561,884.4977650527946,0335b2c8-8084-4c33-9a3c-1e849357e589,1,2,8,1803.963695028724,558.7740005555054,1146.7347454150745,1141.0280419376672,1799,568,199207.90000009537,1103,1137,199675,467.09999990463257,true,true,0,1103,1137,467.09999990463257,0,completed,,,2026-09-24T08:56:13.196Z,2026-09-24T08:56:13.663Z,2026-09-24T08:56:13.663Z,,25,199215.3
1.2.0,29e40d9d-fcba-4886-8a14-dd6d3c6b3f5d,001,main,pointing-single-208-post104-continuous-v3,539807cd564d571194824c9e9a5986a9c009b1b63ed371ea94a24f47d2ef96d9,C3,"[""C3""]",training,C3,1,s14,14,11,180,180,180,179,179,29e40d9d-fcba-4886-8a14-dd6d3c6b3f5d:s14:t11,29e40d9d-fcba-4886-8a14-dd6d3c6b3f5d:s14:t11:a1,1,29e40d9d-fcba-4886-8a14-dd6d3c6b3f5d:segment1,180,20,3.321928094887362,878.0487804878048,97.5609756097561,884.4977650527946,0335b2c8-8084-4c33-9a3c-1e849357e589,1,8,1,1146.7347454150745,1141.0280419376672,1645.5233035204794,418.4080621286029,1103,1137,199675,1638,445,200341.60000014305,666.6000001430511,true,true,0,1638,445,666.6000001430511,0,completed,,,2026-09-24T08:56:13.663Z,2026-09-24T08:56:14.330Z,2026-09-24T08:56:14.330Z,,39,199682.964
1.2.0,29e40d9d-fcba-4886-8a14-dd6d3c6b3f5d,001,main,pointing-single-208-post104-continuous-v3,539807cd564d571194824c9e9a5986a9c009b1b63ed371ea94a24f47d2ef96d9,C3,"[""C3""]",training,C3,1,s14,14,12,181,181,181,180,180,29e40d9d-fcba-4886-8a14-dd6d3c6b3f5d:s14:t12,29e40d9d-fcba-4886-8a14-dd6d3c6b3f5d:s14:t12:a1,1,29e40d9d-fcba-4886-8a14-dd6d3c6b3f5d:segment1,180,20,3.321928094887362,878.0487804878048,97.5609756097561,884.4977650527946,0335b2c8-8084-4c33-9a3c-1e849357e589,1,1,7,1645.5233035204794,418.4080621286029,1334.1629148977652,1239.3979337548208,1638,445,200341.60000014305,1323,1237,200907.90000009537,566.2999999523163,true,true,0,1323,1237,566.2999999523163,0,completed,,,2026-09-24T08:56:14.330Z,2026-09-24T08:56:14.896Z,2026-09-24T08:56:14.896Z,,34,200349.656
1.2.0,29e40d9d-fcba-4886-8a14-dd6d3c6b3f5d,001,main,pointing-single-208-post104-continuous-v3,539807cd564d571194824c9e9a5986a9c009b1b63ed371ea94a24f47d2ef96d9,C3,"[""C3""]",training,C3,1,s14,14,13,182,182,182,181,181,29e40d9d-fcba-4886-8a14-dd6d3c6b3f5d:s14:t13,29e40d9d-fcba-4886-8a14-dd6d3c6b3f5d:s14:t13:a1,1,29e40d9d-fcba-4886-8a14-dd6d3c6b3f5d:segment1,180,20,3.321928094887362,878.0487804878048,97.5609756097561,884.4977650527946,0335b2c8-8084-4c33-9a3c-1e849357e589,1,7,0,1334.1629148977652,1239.3979337548208,1440,367.7511174736027,1323,1237,200907.90000009537,1443,386,201508,600.0999999046326,true,true,0,1443,386,600.0999999046326,0,completed,,,2026-09-24T08:56:14.896Z,2026-09-24T08:56:15.496Z,2026-09-24T08:56:15.496Z,,36,200916.298
1.2.0,29e40d9d-fcba-4886-8a14-dd6d3c6b3f5d,001,main,pointing-single-208-post104-continuous-v3,539807cd564d571194824c9e9a5986a9c009b1b63ed371ea94a24f47d2ef96d9,C3,"[""C3""]",training,C3,1,s15,15,1,183,183,183,182,182,29e40d9d-fcba-4886-8a14-dd6d3c6b3f5d:s15:t1,29e40d9d-fcba-4886-8a14-dd6d3c6b3f5d:s15:t1:a1,1,29e40d9d-fcba-4886-8a14-dd6d3c6b3f5d:segment1,180,20,3.321928094887362,878.0487804878048,97.5609756097561,884.4977650527946,0335b2c8-8084-4c33-9a3c-1e849357e589,1,0,6,1440,367.7511174736027,1545.8370851022348,1239.3979337548208,1443,386,201508,1548,1274,201991.40000009537,483.40000009536743,true,true,0,1548,1274,483.40000009536743,0,completed,,,2026-09-24T08:56:15.496Z,2026-09-24T08:56:15.980Z,2026-09-24T08:56:15.980Z,,26,201516.3
1.2.0,29e40d9d-fcba-4886-8a14-dd6d3c6b3f5d,001,main,pointing-single-208-post104-continuous-v3,539807cd564d571194824c9e9a5986a9c009b1b63ed371ea94a24f47d2ef96d9,C3,"[""C3""]",training,C3,1,s15,15,2,184,184,184,183,183,29e40d9d-fcba-4886-8a14-dd6d3c6b3f5d:s15:t2,29e40d9d-fcba-4886-8a14-dd6d3c6b3f5d:s15:t2:a1,1,29e40d9d-fcba-4886-8a14-dd6d3c6b3f5d:segment1,180,20,3.321928094887362,878.0487804878048,97.5609756097561,884.4977650527946,0335b2c8-8084-4c33-9a3c-1e849357e589,1,6,12,1545.8370851022348,1239.3979337548208,1234.4766964795208,418.40806212860286,1548,1274,201991.40000009537,1251,418,202458.5,467.09999990463257,true,true,0,1251,418,467.09999990463257,0,completed,,,2026-09-24T08:56:15.980Z,2026-09-24T08:56:16.447Z,2026-09-24T08:56:16.447Z,,28,201999.5
1.2.0,29e40d9d-fcba-4886-8a14-dd6d3c6b3f5d,001,main,pointing-single-208-post104-continuous-v3,539807cd564d571194824c9e9a5986a9c009b1b63ed371ea94a24f47d2ef96d9,C3,"[""C3""]",training,C3,1,s15,15,3,185,185,185,184,184,29e40d9d-fcba-4886-8a14-dd6d3c6b3f5d:s15:t3,29e40d9d-fcba-4886-8a14-dd6d3c6b3f5d:s15:t3:a1,1,29e40d9d-fcba-4886-8a14-dd6d3c6b3f5d:segment1,180,20,3.321928094887362,878.0487804878048,97.5609756097561,884.4977650527946,0335b2c8-8084-4c33-9a3c-1e849357e589,1,12,5,1234.4766964795208,418.40806212860286,1733.2652545849257,1141.0280419376672,1251,418,202458.5,1776,1112,202924.70000004768,466.2000000476837,false,true,1,1763,1152,966.5,500.2999999523163,completed,,,2026-09-24T08:56:16.447Z,2026-09-24T08:56:16.913Z,2026-09-24T08:56:17.413Z,,46,202466.2
1.2.0,29e40d9d-fcba-4886-8a14-dd6d3c6b3f5d,001,main,pointing-single-208-post104-continuous-v3,539807cd564d571194824c9e9a5986a9c009b1b63ed371ea94a24f47d2ef96d9,C3,"[""C3""]",training,C3,1,s15,15,4,186,186,186,185,185,29e40d9d-fcba-4886-8a14-dd6d3c6b3f5d:s15:t4,29e40d9d-fcba-4886-8a14-dd6d3c6b3f5d:s15:t4:a1,1,29e40d9d-fcba-4886-8a14-dd6d3c6b3f5d:segment1,180,20,3.321928094887362,878.0487804878048,97.5609756097561,884.4977650527946,0335b2c8-8084-4c33-9a3c-1e849357e589,1,5,11,1733.2652545849257,1141.0280419376672,1076.0363049712757,558.7740005555058,1763,1152,203425,1086,555,203907.90000009537,482.90000009536743,true,true,0,1086,555,482.90000009536743,0,completed,,,2026-09-24T08:56:17.413Z,2026-09-24T08:56:17.896Z,2026-09-24T08:56:17.896Z,,26,203432.9
1.2.0,29e40d9d-fcba-4886-8a14-dd6d3c6b3f5d,001,main,pointing-single-208-post104-continuous-v3,539807cd564d571194824c9e9a5986a9c009b1b63ed371ea94a24f47d2ef96d9,C3,"[""C3""]",training,C3,1,s15,15,5,187,187,187,186,186,29e40d9d-fcba-4886-8a14-dd6d3c6b3f5d:s15:t5,29e40d9d-fcba-4886-8a14-dd6d3c6b3f5d:s15:t5:a1,1,29e40d9d-fcba-4886-8a14-dd6d3c6b3f5d:segment1,180,20,3.321928094887362,878.0487804878048,97.5609756097561,884.4977650527946,0335b2c8-8084-4c33-9a3c-1e849357e589,1,11,4,1076.0363049712757,558.7740005555058,1853.5098884716554,966.8236150329607,1086,555,203907.90000009537,1925,993,204358.5,450.59999990463257,false,true,1,1817,963,650.5,199.90000009536743,completed,,,2026-09-24T08:56:17.896Z,2026-09-24T08:56:18.347Z,2026-09-24T08:56:18.547Z,,24,203899.662
1.2.0,29e40d9d-fcba-4886-8a14-dd6d3c6b3f5d,001,main,pointing-single-208-post104-continuous-v3,539807cd564d571194824c9e9a5986a9c009b1b63ed371ea94a24f47d2ef96d9,C3,"[""C3""]",training,C3,1,s15,15,6,188,188,188,187,187,29e40d9d-fcba-4886-8a14-dd6d3c6b3f5d:s15:t6,29e40d9d-fcba-4886-8a14-dd6d3c6b3f5d:s15:t6:a1,1,29e40d9d-fcba-4886-8a14-dd6d3c6b3f5d:segment1,180,20,3.321928094887362,878.0487804878048,97.5609756097561,884.4977650527946,0335b2c8-8084-4c33-9a3c-1e849357e589,1,4,10,1853.5098884716554,966.8236150329607,1000.9756097560976,756.6927878536417,1817,963,204558.40000009537,963,774,204974.60000014305,416.2000000476837,true,true,0,963,774,416.2000000476837,0,completed,,,2026-09-24T08:56:18.547Z,2026-09-24T08:56:18.963Z,2026-09-24T08:56:18.963Z,,24,204566.3
1.2.0,29e40d9d-fcba-4886-8a14-dd6d3c6b3f5d,001,main,pointing-single-208-post104-continuous-v3,539807cd564d571194824c9e9a5986a9c009b1b63ed371ea94a24f47d2ef96d9,C3,"[""C3""]",training,C3,1,s15,15,7,189,189,189,188,188,29e40d9d-fcba-4886-8a14-dd6d3c6b3f5d:s15:t7,29e40d9d-fcba-4886-8a14-dd6d3c6b3f5d:s15:t7:a1,1,29e40d9d-fcba-4886-8a14-dd6d3c6b3f5d:segment1,180,20,3.321928094887362,878.0487804878048,97.5609756097561,884.4977650527946,0335b2c8-8084-4c33-9a3c-1e849357e589,1,10,3,1000.9756097560976,756.6927878536417,1879.0243902439024,756.6927878536418,963,774,204974.60000014305,1835,781,205458,483.39999985694885,false,true,1,1853,796,883.5999999046326,400.2000000476837,completed,,,2026-09-24T08:56:18.963Z,2026-09-24T08:56:19.446Z,2026-09-24T08:56:19.846Z,,44,204982.9
1.2.0,29e40d9d-fcba-4886-8a14-dd6d3c6b3f5d,001,main,pointing-single-208-post104-continuous-v3,539807cd564d571194824c9e9a5986a9c009b1b63ed371ea94a24f47d2ef96d9,C3,"[""C3""]",training,C3,1,s15,15,8,190,190,190,189,189,29e40d9d-fcba-4886-8a14-dd6d3c6b3f5d:s15:t8,29e40d9d-fcba-4886-8a14-dd6d3c6b3f5d:s15:t8:a1,1,29e40d9d-fcba-4886-8a14-dd6d3c6b3f5d:segment1,180,20,3.321928094887362,878.0487804878048,97.5609756097561,884.4977650527946,0335b2c8-8084-4c33-9a3c-1e849357e589,1,3,9,1879.0243902439024,756.6927878536418,1026.4901115283446,966.8236150329608,1853,796,205858.20000004768,935,923,206324.80000019073,466.60000014305115,false,true,2,1030,928,1583.2999999523163,1116.6999998092651,completed,,,2026-09-24T08:56:19.846Z,2026-09-24T08:56:20.313Z,2026-09-24T08:56:21.430Z,,94,205849.618
1.2.0,29e40d9d-fcba-4886-8a14-dd6d3c6b3f5d,001,main,pointing-single-208-post104-continuous-v3,539807cd564d571194824c9e9a5986a9c009b1b63ed371ea94a24f47d2ef96d9,C3,"[""C3""]",training,C3,1,s15,15,9,191,191,191,190,190,29e40d9d-fcba-4886-8a14-dd6d3c6b3f5d:s15:t9,29e40d9d-fcba-4886-8a14-dd6d3c6b3f5d:s15:t9:a1,1,29e40d9d-fcba-4886-8a14-dd6d3c6b3f5d:segment1,180,20,3.321928094887362,878.0487804878048,97.5609756097561,884.4977650527946,0335b2c8-8084-4c33-9a3c-1e849357e589,1,9,2,1026.4901115283446,966.8236150329608,1803.963695028724,558.7740005555054,1030,928,207441.5,1764,581,208091.40000009537,649.9000000953674,true,true,0,1764,581,649.9000000953674,0,completed,,,2026-09-24T08:56:21.430Z,2026-09-24T08:56:22.079Z,2026-09-24T08:56:22.079Z,,40,207432.964
1.2.0,29e40d9d-fcba-4886-8a14-dd6d3c6b3f5d,001,main,pointing-single-208-post104-continuous-v3,539807cd564d571194824c9e9a5986a9c009b1b63ed371ea94a24f47d2ef96d9,C3,"[""C3""]",training,C3,1,s15,15,10,192,192,192,191,191,29e40d9d-fcba-4886-8a14-dd6d3c6b3f5d:s15:t10,29e40d9d-fcba-4886-8a14-dd6d3c6b3f5d:s15:t10:a1,1,29e40d9d-fcba-4886-8a14-dd6d3c6b3f5d:segment1,180,20,3.321928094887362,878.0487804878048,97.5609756097561,884.4977650527946,0335b2c8-8084-4c33-9a3c-1e849357e589,1,2,8,1803.963695028724,558.7740005555054,1146.7347454150745,1141.0280419376672,1764,581,208091.40000009537,1151,1146,208724.80000019073,633.4000000953674,true,true,0,1151,1146,633.4000000953674,0,completed,,,2026-09-24T08:56:22.079Z,2026-09-24T08:56:22.713Z,2026-09-24T08:56:22.713Z,,36,208099.6
1.2.0,29e40d9d-fcba-4886-8a14-dd6d3c6b3f5d,001,main,pointing-single-208-post104-continuous-v3,539807cd564d571194824c9e9a5986a9c009b1b63ed371ea94a24f47d2ef96d9,C3,"[""C3""]",training,C3,1,s15,15,11,193,193,193,192,192,29e40d9d-fcba-4886-8a14-dd6d3c6b3f5d:s15:t11,29e40d9d-fcba-4886-8a14-dd6d3c6b3f5d:s15:t11:a1,1,29e40d9d-fcba-4886-8a14-dd6d3c6b3f5d:segment1,180,20,3.321928094887362,878.0487804878048,97.5609756097561,884.4977650527946,0335b2c8-8084-4c33-9a3c-1e849357e589,1,8,1,1146.7347454150745,1141.0280419376672,1645.5233035204794,418.4080621286029,1151,1146,208724.80000019073,1612,404,209442.10000014305,717.2999999523163,true,true,0,1612,404,717.2999999523163,0,completed,,,2026-09-24T08:56:22.713Z,2026-09-24T08:56:23.430Z,2026-09-24T08:56:23.430Z,,41,208732.95
1.2.0,29e40d9d-fcba-4886-8a14-dd6d3c6b3f5d,001,main,pointing-single-208-post104-continuous-v3,539807cd564d571194824c9e9a5986a9c009b1b63ed371ea94a24f47d2ef96d9,C3,"[""C3""]",training,C3,1,s15,15,12,194,194,194,193,193,29e40d9d-fcba-4886-8a14-dd6d3c6b3f5d:s15:t12,29e40d9d-fcba-4886-8a14-dd6d3c6b3f5d:s15:t12:a1,1,29e40d9d-fcba-4886-8a14-dd6d3c6b3f5d:segment1,180,20,3.321928094887362,878.0487804878048,97.5609756097561,884.4977650527946,0335b2c8-8084-4c33-9a3c-1e849357e589,1,1,7,1645.5233035204794,418.4080621286029,1334.1629148977652,1239.3979337548208,1612,404,209442.10000014305,1348,1218,210074.70000004768,632.5999999046326,true,true,0,1348,1218,632.5999999046326,0,completed,,,2026-09-24T08:56:23.430Z,2026-09-24T08:56:24.063Z,2026-09-24T08:56:24.063Z,,33,209449.624
1.2.0,29e40d9d-fcba-4886-8a14-dd6d3c6b3f5d,001,main,pointing-single-208-post104-continuous-v3,539807cd564d571194824c9e9a5986a9c009b1b63ed371ea94a24f47d2ef96d9,C3,"[""C3""]",training,C3,1,s15,15,13,195,195,195,194,194,29e40d9d-fcba-4886-8a14-dd6d3c6b3f5d:s15:t13,29e40d9d-fcba-4886-8a14-dd6d3c6b3f5d:s15:t13:a1,1,29e40d9d-fcba-4886-8a14-dd6d3c6b3f5d:segment1,180,20,3.321928094887362,878.0487804878048,97.5609756097561,884.4977650527946,0335b2c8-8084-4c33-9a3c-1e849357e589,1,7,0,1334.1629148977652,1239.3979337548208,1440,367.7511174736027,1348,1218,210074.70000004768,1418,373,210691.5,616.7999999523163,true,true,0,1418,373,616.7999999523163,0,completed,,,2026-09-24T08:56:24.063Z,2026-09-24T08:56:24.680Z,2026-09-24T08:56:24.680Z,,34,210066.26
1.2.0,29e40d9d-fcba-4886-8a14-dd6d3c6b3f5d,001,main,pointing-single-208-post104-continuous-v3,539807cd564d571194824c9e9a5986a9c009b1b63ed371ea94a24f47d2ef96d9,C3,"[""C3""]",training,C3,1,s16,16,1,196,196,196,195,195,29e40d9d-fcba-4886-8a14-dd6d3c6b3f5d:s16:t1,29e40d9d-fcba-4886-8a14-dd6d3c6b3f5d:s16:t1:a1,1,29e40d9d-fcba-4886-8a14-dd6d3c6b3f5d:segment1,180,20,3.321928094887362,878.0487804878048,97.5609756097561,884.4977650527946,0335b2c8-8084-4c33-9a3c-1e849357e589,1,0,6,1440,367.7511174736027,1545.8370851022348,1239.3979337548208,1418,373,210691.5,1571,1218,211241.20000004768,549.7000000476837,true,true,0,1571,1218,549.7000000476837,0,completed,,,2026-09-24T08:56:24.680Z,2026-09-24T08:56:25.229Z,2026-09-24T08:56:25.229Z,,29,210699.598
1.2.0,29e40d9d-fcba-4886-8a14-dd6d3c6b3f5d,001,main,pointing-single-208-post104-continuous-v3,539807cd564d571194824c9e9a5986a9c009b1b63ed371ea94a24f47d2ef96d9,C3,"[""C3""]",training,C3,1,s16,16,2,197,197,197,196,196,29e40d9d-fcba-4886-8a14-dd6d3c6b3f5d:s16:t2,29e40d9d-fcba-4886-8a14-dd6d3c6b3f5d:s16:t2:a1,1,29e40d9d-fcba-4886-8a14-dd6d3c6b3f5d:segment1,180,20,3.321928094887362,878.0487804878048,97.5609756097561,884.4977650527946,0335b2c8-8084-4c33-9a3c-1e849357e589,1,6,12,1545.8370851022348,1239.3979337548208,1234.4766964795208,418.40806212860286,1571,1218,211241.20000004768,1234,414,211691.40000009537,450.2000000476837,true,true,0,1234,414,450.2000000476837,0,completed,,,2026-09-24T08:56:25.229Z,2026-09-24T08:56:25.679Z,2026-09-24T08:56:25.679Z,,27,211249.6
1.2.0,29e40d9d-fcba-4886-8a14-dd6d3c6b3f5d,001,main,pointing-single-208-post104-continuous-v3,539807cd564d571194824c9e9a5986a9c009b1b63ed371ea94a24f47d2ef96d9,C3,"[""C3""]",training,C3,1,s16,16,3,198,198,198,197,197,29e40d9d-fcba-4886-8a14-dd6d3c6b3f5d:s16:t3,29e40d9d-fcba-4886-8a14-dd6d3c6b3f5d:s16:t3:a1,1,29e40d9d-fcba-4886-8a14-dd6d3c6b3f5d:segment1,180,20,3.321928094887362,878.0487804878048,97.5609756097561,884.4977650527946,0335b2c8-8084-4c33-9a3c-1e849357e589,1,12,5,1234.4766964795208,418.40806212860286,1733.2652545849257,1141.0280419376672,1234,414,211691.40000009537,1784,1154,212158,466.59999990463257,false,true,2,1698,1117,1533.2999999523163,1066.7000000476837,completed,,,2026-09-24T08:56:25.679Z,2026-09-24T08:56:26.146Z,2026-09-24T08:56:27.213Z,,73,211699.5
1.2.0,29e40d9d-fcba-4886-8a14-dd6d3c6b3f5d,001,main,pointing-single-208-post104-continuous-v3,539807cd564d571194824c9e9a5986a9c009b1b63ed371ea94a24f47d2ef96d9,C3,"[""C3""]",training,C3,1,s16,16,4,199,199,199,198,198,29e40d9d-fcba-4886-8a14-dd6d3c6b3f5d:s16:t4,29e40d9d-fcba-4886-8a14-dd6d3c6b3f5d:s16:t4:a1,1,29e40d9d-fcba-4886-8a14-dd6d3c6b3f5d:segment1,180,20,3.321928094887362,878.0487804878048,97.5609756097561,884.4977650527946,0335b2c8-8084-4c33-9a3c-1e849357e589,1,5,11,1733.2652545849257,1141.0280419376672,1076.0363049712757,558.7740005555058,1698,1117,213224.70000004768,1077,550,213758.20000004768,533.5,true,true,0,1077,550,533.5,0,completed,,,2026-09-24T08:56:27.213Z,2026-09-24T08:56:27.746Z,2026-09-24T08:56:27.746Z,,29,213232.93
1.2.0,29e40d9d-fcba-4886-8a14-dd6d3c6b3f5d,001,main,pointing-single-208-post104-continuous-v3,539807cd564d571194824c9e9a5986a9c009b1b63ed371ea94a24f47d2ef96d9,C3,"[""C3""]",training,C3,1,s16,16,5,200,200,200,199,199,29e40d9d-fcba-4886-8a14-dd6d3c6b3f5d:s16:t5,29e40d9d-fcba-4886-8a14-dd6d3c6b3f5d:s16:t5:a1,1,29e40d9d-fcba-4886-8a14-dd6d3c6b3f5d:segment1,180,20,3.321928094887362,878.0487804878048,97.5609756097561,884.4977650527946,0335b2c8-8084-4c33-9a3c-1e849357e589,1,11,4,1076.0363049712757,558.7740005555058,1853.5098884716554,966.8236150329607,1077,550,213758.20000004768,1837,960,214308,549.7999999523163,true,true,0,1837,960,549.7999999523163,0,completed,,,2026-09-24T08:56:27.746Z,2026-09-24T08:56:28.296Z,2026-09-24T08:56:28.296Z,,29,213766.2
1.2.0,29e40d9d-fcba-4886-8a14-dd6d3c6b3f5d,001,main,pointing-single-208-post104-continuous-v3,539807cd564d571194824c9e9a5986a9c009b1b63ed371ea94a24f47d2ef96d9,C3,"[""C3""]",training,C3,1,s16,16,6,201,201,201,200,200,29e40d9d-fcba-4886-8a14-dd6d3c6b3f5d:s16:t6,29e40d9d-fcba-4886-8a14-dd6d3c6b3f5d:s16:t6:a1,1,29e40d9d-fcba-4886-8a14-dd6d3c6b3f5d:segment1,180,20,3.321928094887362,878.0487804878048,97.5609756097561,884.4977650527946,0335b2c8-8084-4c33-9a3c-1e849357e589,1,4,10,1853.5098884716554,966.8236150329607,1000.9756097560976,756.6927878536417,1837,960,214308,1052,755,214774.90000009537,466.90000009536743,false,true,2,1037,760,1549.9000000953674,1083,completed,,,2026-09-24T08:56:28.296Z,2026-09-24T08:56:28.763Z,2026-09-24T08:56:29.846Z,,75,214316.232
1.2.0,29e40d9d-fcba-4886-8a14-dd6d3c6b3f5d,001,main,pointing-single-208-post104-continuous-v3,539807cd564d571194824c9e9a5986a9c009b1b63ed371ea94a24f47d2ef96d9,C3,"[""C3""]",training,C3,1,s16,16,7,202,202,202,201,201,29e40d9d-fcba-4886-8a14-dd6d3c6b3f5d:s16:t7,29e40d9d-fcba-4886-8a14-dd6d3c6b3f5d:s16:t7:a1,1,29e40d9d-fcba-4886-8a14-dd6d3c6b3f5d:segment1,180,20,3.321928094887362,878.0487804878048,97.5609756097561,884.4977650527946,0335b2c8-8084-4c33-9a3c-1e849357e589,1,10,3,1000.9756097560976,756.6927878536417,1879.0243902439024,756.6927878536418,1037,760,215857.90000009537,1898,793,216691.30000019073,833.4000000953674,true,true,0,1898,793,833.4000000953674,0,completed,,,2026-09-24T08:56:29.846Z,2026-09-24T08:56:30.679Z,2026-09-24T08:56:30.679Z,,43,215865.7
1.2.0,29e40d9d-fcba-4886-8a14-dd6d3c6b3f5d,001,main,pointing-single-208-post104-continuous-v3,539807cd564d571194824c9e9a5986a9c009b1b63ed371ea94a24f47d2ef96d9,C3,"[""C3""]",training,C3,1,s16,16,8,203,203,203,202,202,29e40d9d-fcba-4886-8a14-dd6d3c6b3f5d:s16:t8,29e40d9d-fcba-4886-8a14-dd6d3c6b3f5d:s16:t8:a1,1,29e40d9d-fcba-4886-8a14-dd6d3c6b3f5d:segment1,180,20,3.321928094887362,878.0487804878048,97.5609756097561,884.4977650527946,0335b2c8-8084-4c33-9a3c-1e849357e589,1,3,9,1879.0243902439024,756.6927878536418,1026.4901115283446,966.8236150329608,1898,793,216691.30000019073,1096,975,217308.20000004768,616.8999998569489,false,true,1,1072,960,1266.6999998092651,649.7999999523163,completed,,,2026-09-24T08:56:30.679Z,2026-09-24T08:56:31.296Z,2026-09-24T08:56:31.946Z,,68,216682.9
1.2.0,29e40d9d-fcba-4886-8a14-dd6d3c6b3f5d,001,main,pointing-single-208-post104-continuous-v3,539807cd564d571194824c9e9a5986a9c009b1b63ed371ea94a24f47d2ef96d9,C3,"[""C3""]",training,C3,1,s16,16,9,204,204,204,203,203,29e40d9d-fcba-4886-8a14-dd6d3c6b3f5d:s16:t9,29e40d9d-fcba-4886-8a14-dd6d3c6b3f5d:s16:t9:a1,1,29e40d9d-fcba-4886-8a14-dd6d3c6b3f5d:segment1,180,20,3.321928094887362,878.0487804878048,97.5609756097561,884.4977650527946,0335b2c8-8084-4c33-9a3c-1e849357e589,1,9,2,1026.4901115283446,966.8236150329608,1803.963695028724,558.7740005555054,1072,960,217958,1808,562,218524.80000019073,566.8000001907349,true,true,0,1808,562,566.8000001907349,0,completed,,,2026-09-24T08:56:31.946Z,2026-09-24T08:56:32.513Z,2026-09-24T08:56:32.513Z,,33,217966.232
1.2.0,29e40d9d-fcba-4886-8a14-dd6d3c6b3f5d,001,main,pointing-single-208-post104-continuous-v3,539807cd564d571194824c9e9a5986a9c009b1b63ed371ea94a24f47d2ef96d9,C3,"[""C3""]",training,C3,1,s16,16,10,205,205,205,204,204,29e40d9d-fcba-4886-8a14-dd6d3c6b3f5d:s16:t10,29e40d9d-fcba-4886-8a14-dd6d3c6b3f5d:s16:t10:a1,1,29e40d9d-fcba-4886-8a14-dd6d3c6b3f5d:segment1,180,20,3.321928094887362,878.0487804878048,97.5609756097561,884.4977650527946,0335b2c8-8084-4c33-9a3c-1e849357e589,1,2,8,1803.963695028724,558.7740005555054,1146.7347454150745,1141.0280419376672,1808,562,218524.80000019073,1119,1120,219058.10000014305,533.2999999523163,true,true,0,1119,1120,533.2999999523163,0,completed,,,2026-09-24T08:56:32.513Z,2026-09-24T08:56:33.046Z,2026-09-24T08:56:33.046Z,,27,218532.896
1.2.0,29e40d9d-fcba-4886-8a14-dd6d3c6b3f5d,001,main,pointing-single-208-post104-continuous-v3,539807cd564d571194824c9e9a5986a9c009b1b63ed371ea94a24f47d2ef96d9,C3,"[""C3""]",training,C3,1,s16,16,11,206,206,206,205,205,29e40d9d-fcba-4886-8a14-dd6d3c6b3f5d:s16:t11,29e40d9d-fcba-4886-8a14-dd6d3c6b3f5d:s16:t11:a1,1,29e40d9d-fcba-4886-8a14-dd6d3c6b3f5d:segment1,180,20,3.321928094887362,878.0487804878048,97.5609756097561,884.4977650527946,0335b2c8-8084-4c33-9a3c-1e849357e589,1,8,1,1146.7347454150745,1141.0280419376672,1645.5233035204794,418.4080621286029,1119,1120,219058.10000014305,1610,408,219641.30000019073,583.2000000476837,true,true,0,1610,408,583.2000000476837,0,completed,,,2026-09-24T08:56:33.046Z,2026-09-24T08:56:33.629Z,2026-09-24T08:56:33.629Z,,31,219066.262
1.2.0,29e40d9d-fcba-4886-8a14-dd6d3c6b3f5d,001,main,pointing-single-208-post104-continuous-v3,539807cd564d571194824c9e9a5986a9c009b1b63ed371ea94a24f47d2ef96d9,C3,"[""C3""]",training,C3,1,s16,16,12,207,207,207,206,206,29e40d9d-fcba-4886-8a14-dd6d3c6b3f5d:s16:t12,29e40d9d-fcba-4886-8a14-dd6d3c6b3f5d:s16:t12:a1,1,29e40d9d-fcba-4886-8a14-dd6d3c6b3f5d:segment1,180,20,3.321928094887362,878.0487804878048,97.5609756097561,884.4977650527946,0335b2c8-8084-4c33-9a3c-1e849357e589,1,1,7,1645.5233035204794,418.4080621286029,1334.1629148977652,1239.3979337548208,1610,408,219641.30000019073,1352,1207,220224.70000004768,583.3999998569489,true,true,0,1352,1207,583.3999998569489,0,completed,,,2026-09-24T08:56:33.629Z,2026-09-24T08:56:34.212Z,2026-09-24T08:56:34.212Z,,28,219632.914
1.2.0,29e40d9d-fcba-4886-8a14-dd6d3c6b3f5d,001,main,pointing-single-208-post104-continuous-v3,539807cd564d571194824c9e9a5986a9c009b1b63ed371ea94a24f47d2ef96d9,C3,"[""C3""]",training,C3,1,s16,16,13,208,208,208,207,207,29e40d9d-fcba-4886-8a14-dd6d3c6b3f5d:s16:t13,29e40d9d-fcba-4886-8a14-dd6d3c6b3f5d:s16:t13:a1,1,29e40d9d-fcba-4886-8a14-dd6d3c6b3f5d:segment1,180,20,3.321928094887362,878.0487804878048,97.5609756097561,884.4977650527946,0335b2c8-8084-4c33-9a3c-1e849357e589,1,7,0,1334.1629148977652,1239.3979337548208,1440,367.7511174736027,1352,1207,220224.70000004768,1459,388,220708.30000019073,483.60000014305115,true,true,0,1459,388,483.60000014305115,0,completed,,,2026-09-24T08:56:34.212Z,2026-09-24T08:56:34.696Z,2026-09-24T08:56:34.696Z,,25,220232.93
1.2.0,29e40d9d-fcba-4886-8a14-dd6d3c6b3f5d,001,main,pointing-single-208-post104-continuous-v3,539807cd564d571194824c9e9a5986a9c009b1b63ed371ea94a24f47d2ef96d9,C3,"[""C3""]",post,C2,1,s17,1,1,1,1,209,0,208,29e40d9d-fcba-4886-8a14-dd6d3c6b3f5d:s17:t1,29e40d9d-fcba-4886-8a14-dd6d3c6b3f5d:s17:t1:a1,1,29e40d9d-fcba-4886-8a14-dd6d3c6b3f5d:segment1,90,10,3.321928094887362,439.0243902439024,48.78048780487805,442.2488825263973,0335b2c8-8084-4c33-9a3c-1e849357e589,1,0,6,1440,588.8755587368014,1492.9185425511173,1024.6989668774104,1441,589,229008.10000014305,1469,1047,229591.40000009537,583.2999999523163,false,true,2,1499,1005,1266.5999999046326,683.2999999523163,completed,,,2026-09-24T08:56:42.996Z,2026-09-24T08:56:43.579Z,2026-09-24T08:56:44.262Z,,64,229016.228
1.2.0,29e40d9d-fcba-4886-8a14-dd6d3c6b3f5d,001,main,pointing-single-208-post104-continuous-v3,539807cd564d571194824c9e9a5986a9c009b1b63ed371ea94a24f47d2ef96d9,C3,"[""C3""]",post,C2,1,s17,1,2,2,2,210,1,209,29e40d9d-fcba-4886-8a14-dd6d3c6b3f5d:s17:t2,29e40d9d-fcba-4886-8a14-dd6d3c6b3f5d:s17:t2:a1,1,29e40d9d-fcba-4886-8a14-dd6d3c6b3f5d:segment1,90,10,3.321928094887362,439.0243902439024,48.78048780487805,442.2488825263973,0335b2c8-8084-4c33-9a3c-1e849357e589,1,6,12,1492.9185425511173,1024.6989668774104,1337.2383482397604,614.2040310643015,1499,1005,230274.70000004768,1324,619,230908.10000014305,633.4000000953674,true,true,0,1324,619,633.4000000953674,0,completed,,,2026-09-24T08:56:44.262Z,2026-09-24T08:56:44.896Z,2026-09-24T08:56:44.896Z,,27,230282.9
1.2.0,29e40d9d-fcba-4886-8a14-dd6d3c6b3f5d,001,main,pointing-single-208-post104-continuous-v3,539807cd564d571194824c9e9a5986a9c009b1b63ed371ea94a24f47d2ef96d9,C3,"[""C3""]",post,C2,1,s17,1,3,3,3,211,2,210,29e40d9d-fcba-4886-8a14-dd6d3c6b3f5d:s17:t3,29e40d9d-fcba-4886-8a14-dd6d3c6b3f5d:s17:t3:a1,1,29e40d9d-fcba-4886-8a14-dd6d3c6b3f5d:segment1,90,10,3.321928094887362,439.0243902439024,48.78048780487805,442.2488825263973,0335b2c8-8084-4c33-9a3c-1e849357e589,1,12,5,1337.2383482397604,614.2040310643015,1586.6326272924628,975.5140209688336,1324,619,230908.10000014305,1593,982,231391.10000014305,483,true,true,0,1593,982,483,0,completed,,,2026-09-24T08:56:44.896Z,2026-09-24T08:56:45.378Z,2026-09-24T08:56:45.378Z,,24,230899.532
1.2.0,29e40d9d-fcba-4886-8a14-dd6d3c6b3f5d,001,main,pointing-single-208-post104-continuous-v3,539807cd564d571194824c9e9a5986a9c009b1b63ed371ea94a24f47d2ef96d9,C3,"[""C3""]",post,C2,1,s17,1,4,4,4,212,3,211,29e40d9d-fcba-4886-8a14-dd6d3c6b3f5d:s17:t4,29e40d9d-fcba-4886-8a14-dd6d3c6b3f5d:s17:t4:a1,1,29e40d9d-fcba-4886-8a14-dd6d3c6b3f5d:segment1,90,10,3.321928094887362,439.0243902439024,48.78048780487805,442.2488825263973,0335b2c8-8084-4c33-9a3c-1e849357e589,1,5,11,1586.6326272924628,975.5140209688336,1258.018152485638,684.3870002777529,1593,982,231391.10000014305,1242,682,231858.20000004768,467.09999990463257,true,true,0,1242,682,467.09999990463257,0,completed,,,2026-09-24T08:56:45.378Z,2026-09-24T08:56:45.846Z,2026-09-24T08:56:45.846Z,,21,231382.858
1.2.0,29e40d9d-fcba-4886-8a14-dd6d3c6b3f5d,001,main,pointing-single-208-post104-continuous-v3,539807cd564d571194824c9e9a5986a9c009b1b63ed371ea94a24f47d2ef96d9,C3,"[""C3""]",post,C2,1,s17,1,5,5,5,213,4,212,29e40d9d-fcba-4886-8a14-dd6d3c6b3f5d:s17:t5,29e40d9d-fcba-4886-8a14-dd6d3c6b3f5d:s17:t5:a1,1,29e40d9d-fcba-4886-8a14-dd6d3c6b3f5d:segment1,90,10,3.321928094887362,439.0243902439024,48.78048780487805,442.2488825263973,0335b2c8-8084-4c33-9a3c-1e849357e589,1,11,4,1258.018152485638,684.3870002777529,1646.7549442358277,888.4118075164804,1242,682,231858.20000004768,1648,902,232441.40000009537,583.2000000476837,true,true,0,1648,902,583.2000000476837,0,completed,,,2026-09-24T08:56:45.846Z,2026-09-24T08:56:46.429Z,2026-09-24T08:56:46.429Z,,29,231866.2
1.2.0,29e40d9d-fcba-4886-8a14-dd6d3c6b3f5d,001,main,pointing-single-208-post104-continuous-v3,539807cd564d571194824c9e9a5986a9c009b1b63ed371ea94a24f47d2ef96d9,C3,"[""C3""]",post,C2,1,s17,1,6,6,6,214,5,213,29e40d9d-fcba-4886-8a14-dd6d3c6b3f5d:s17:t6,29e40d9d-fcba-4886-8a14-dd6d3c6b3f5d:s17:t6:a1,1,29e40d9d-fcba-4886-8a14-dd6d3c6b3f5d:segment1,90,10,3.321928094887362,439.0243902439024,48.78048780487805,442.2488825263973,0335b2c8-8084-4c33-9a3c-1e849357e589,1,4,10,1646.7549442358277,888.4118075164804,1220.4878048780488,783.3463939268208,1648,902,232441.40000009537,1220,801,232907.80000019073,466.40000009536743,true,true,0,1220,801,466.40000009536743,0,completed,,,2026-09-24T08:56:46.429Z,2026-09-24T08:56:46.895Z,2026-09-24T08:56:46.895Z,,22,232432.856
1.2.0,29e40d9d-fcba-4886-8a14-dd6d3c6b3f5d,001,main,pointing-single-208-post104-continuous-v3,539807cd564d571194824c9e9a5986a9c009b1b63ed371ea94a24f47d2ef96d9,C3,"[""C3""]",post,C2,1,s17,1,7,7,7,215,6,214,29e40d9d-fcba-4886-8a14-dd6d3c6b3f5d:s17:t7,29e40d9d-fcba-4886-8a14-dd6d3c6b3f5d:s17:t7:a1,1,29e40d9d-fcba-4886-8a14-dd6d3c6b3f5d:segment1,90,10,3.321928094887362,439.0243902439024,48.78048780487805,442.2488825263973,0335b2c8-8084-4c33-9a3c-1e849357e589,1,10,3,1220.4878048780488,783.3463939268208,1659.5121951219512,783.3463939268208,1220,801,232907.80000019073,1661,780,233424.80000019073,517,true,true,0,1661,780,517,0,completed,,,2026-09-24T08:56:46.895Z,2026-09-24T08:56:47.412Z,2026-09-24T08:56:47.412Z,,25,232899.524
1.2.0,29e40d9d-fcba-4886-8a14-dd6d3c6b3f5d,001,main,pointing-single-208-post104-continuous-v3,539807cd564d571194824c9e9a5986a9c009b1b63ed371ea94a24f47d2ef96d9,C3,"[""C3""]",post,C2,1,s17,1,8,8,8,216,7,215,29e40d9d-fcba-4886-8a14-dd6d3c6b3f5d:s17:t8,29e40d9d-fcba-4886-8a14-dd6d3c6b3f5d:s17:t8:a1,1,29e40d9d-fcba-4886-8a14-dd6d3c6b3f5d:segment1,90,10,3.321928094887362,439.0243902439024,48.78048780487805,442.2488825263973,0335b2c8-8084-4c33-9a3c-1e849357e589,1,3,9,1659.5121951219512,783.3463939268208,1233.2450557641723,888.4118075164804,1661,780,233424.80000019073,1215,915,233907.70000004768,482.89999985694885,false,true,1,1218,904,1132.8999998569489,650,completed,,,2026-09-24T08:56:47.412Z,2026-09-24T08:56:47.895Z,2026-09-24T08:56:48.545Z,,62,233432.864
1.2.0,29e40d9d-fcba-4886-8a14-dd6d3c6b3f5d,001,main,pointing-single-208-post104-continuous-v3,539807cd564d571194824c9e9a5986a9c009b1b63ed371ea94a24f47d2ef96d9,C3,"[""C3""]",post,C2,1,s17,1,9,9,9,217,8,216,29e40d9d-fcba-4886-8a14-dd6d3c6b3f5d:s17:t9,29e40d9d-fcba-4886-8a14-dd6d3c6b3f5d:s17:t9:a1,1,29e40d9d-fcba-4886-8a14-dd6d3c6b3f5d:segment1,90,10,3.321928094887362,439.0243902439024,48.78048780487805,442.2488825263973,0335b2c8-8084-4c33-9a3c-1e849357e589,1,9,2,1233.2450557641723,888.4118075164804,1621.981847514362,684.3870002777527,1218,904,234557.70000004768,1607,688,235157.90000009537,600.2000000476837,true,true,0,1607,688,600.2000000476837,0,completed,,,2026-09-24T08:56:48.545Z,2026-09-24T08:56:49.145Z,2026-09-24T08:56:49.145Z,,35,234566.1
1.2.0,29e40d9d-fcba-4886-8a14-dd6d3c6b3f5d,001,main,pointing-single-208-post104-continuous-v3,539807cd564d571194824c9e9a5986a9c009b1b63ed371ea94a24f47d2ef96d9,C3,"[""C3""]",post,C2,1,s17,1,10,10,10,218,9,217,29e40d9d-fcba-4886-8a14-dd6d3c6b3f5d:s17:t10,29e40d9d-fcba-4886-8a14-dd6d3c6b3f5d:s17:t10:a1,1,29e40d9d-fcba-4886-8a14-dd6d3c6b3f5d:segment1,90,10,3.321928094887362,439.0243902439024,48.78048780487805,442.2488825263973,0335b2c8-8084-4c33-9a3c-1e849357e589,1,2,8,1621.981847514362,684.3870002777527,1293.3673727075372,975.5140209688336,1607,688,235157.90000009537,1281,991,235641.30000019073,483.40000009536743,true,true,0,1281,991,483.40000009536743,0,completed,,,2026-09-24T08:56:49.145Z,2026-09-24T08:56:49.629Z,2026-09-24T08:56:49.629Z,,25,235149.522
1.2.0,29e40d9d-fcba-4886-8a14-dd6d3c6b3f5d,001,main,pointing-single-208-post104-continuous-v3,539807cd564d571194824c9e9a5986a9c009b1b63ed371ea94a24f47d2ef96d9,C3,"[""C3""]",post,C2,1,s17,1,11,11,11,219,10,218,29e40d9d-fcba-4886-8a14-dd6d3c6b3f5d:s17:t11,29e40d9d-fcba-4886-8a14-dd6d3c6b3f5d:s17:t11:a1,1,29e40d9d-fcba-4886-8a14-dd6d3c6b3f5d:segment1,90,10,3.321928094887362,439.0243902439024,48.78048780487805,442.2488825263973,0335b2c8-8084-4c33-9a3c-1e849357e589,1,8,1,1293.3673727075372,975.5140209688336,1542.7616517602396,614.2040310643015,1281,991,235641.30000019073,1558,619,236241.20000004768,599.8999998569489,true,true,0,1558,619,599.8999998569489,0,completed,,,2026-09-24T08:56:49.629Z,2026-09-24T08:56:50.228Z,2026-09-24T08:56:50.228Z,,30,235648.6
1.2.0,29e40d9d-fcba-4886-8a14-dd6d3c6b3f5d,001,main,pointing-single-208-post104-continuous-v3,539807cd564d571194824c9e9a5986a9c009b1b63ed371ea94a24f47d2ef96d9,C3,"[""C3""]",post,C2,1,s17,1,12,12,12,220,11,219,29e40d9d-fcba-4886-8a14-dd6d3c6b3f5d:s17:t12,29e40d9d-fcba-4886-8a14-dd6d3c6b3f5d:s17:t12:a1,1,29e40d9d-fcba-4886-8a14-dd6d3c6b3f5d:segment1,90,10,3.321928094887362,439.0243902439024,48.78048780487805,442.2488825263973,0335b2c8-8084-4c33-9a3c-1e849357e589,1,1,7,1542.7616517602396,614.2040310643015,1387.0814574488827,1024.6989668774104,1558,619,236241.20000004768,1391,1036,236874.70000004768,633.5,true,true,0,1391,1036,633.5,0,completed,,,2026-09-24T08:56:50.228Z,2026-09-24T08:56:50.862Z,2026-09-24T08:56:50.862Z,,33,236249.4
1.2.0,29e40d9d-fcba-4886-8a14-dd6d3c6b3f5d,001,main,pointing-single-208-post104-continuous-v3,539807cd564d571194824c9e9a5986a9c009b1b63ed371ea94a24f47d2ef96d9,C3,"[""C3""]",post,C2,1,s17,1,13,13,13,221,12,220,29e40d9d-fcba-4886-8a14-dd6d3c6b3f5d:s17:t13,29e40d9d-fcba-4886-8a14-dd6d3c6b3f5d:s17:t13:a1,1,29e40d9d-fcba-4886-8a14-dd6d3c6b3f5d:segment1,90,10,3.321928094887362,439.0243902439024,48.78048780487805,442.2488825263973,0335b2c8-8084-4c33-9a3c-1e849357e589,1,7,0,1387.0814574488827,1024.6989668774104,1440,588.8755587368014,1391,1036,236874.70000004768,1433,594,237441.10000014305,566.4000000953674,true,true,0,1433,594,566.4000000953674,0,completed,,,2026-09-24T08:56:50.862Z,2026-09-24T08:56:51.428Z,2026-09-24T08:56:51.428Z,,31,236882.8
1.2.0,29e40d9d-fcba-4886-8a14-dd6d3c6b3f5d,001,main,pointing-single-208-post104-continuous-v3,539807cd564d571194824c9e9a5986a9c009b1b63ed371ea94a24f47d2ef96d9,C3,"[""C3""]",post,C3,2,s18,1,1,1,14,222,208,221,29e40d9d-fcba-4886-8a14-dd6d3c6b3f5d:s18:t1,29e40d9d-fcba-4886-8a14-dd6d3c6b3f5d:s18:t1:a1,1,29e40d9d-fcba-4886-8a14-dd6d3c6b3f5d:segment1,180,20,3.321928094887362,878.0487804878048,97.5609756097561,884.4977650527946,0335b2c8-8084-4c33-9a3c-1e849357e589,1,0,6,1440,367.7511174736027,1545.8370851022348,1239.3979337548208,1473,365,239391.20000004768,1540,1197,239974.30000019073,583.1000001430511,true,true,0,1540,1197,583.1000001430511,0,completed,,,2026-09-24T08:56:53.378Z,2026-09-24T08:56:53.961Z,2026-09-24T08:56:53.961Z,,32,239382.832
1.2.0,29e40d9d-fcba-4886-8a14-dd6d3c6b3f5d,001,main,pointing-single-208-post104-continuous-v3,539807cd564d571194824c9e9a5986a9c009b1b63ed371ea94a24f47d2ef96d9,C3,"[""C3""]",post,C3,2,s18,1,2,2,15,223,209,222,29e40d9d-fcba-4886-8a14-dd6d3c6b3f5d:s18:t2,29e40d9d-fcba-4886-8a14-dd6d3c6b3f5d:s18:t2:a1,1,29e40d9d-fcba-4886-8a14-dd6d3c6b3f5d:segment1,180,20,3.321928094887362,878.0487804878048,97.5609756097561,884.4977650527946,0335b2c8-8084-4c33-9a3c-1e849357e589,1,6,12,1545.8370851022348,1239.3979337548208,1234.4766964795208,418.40806212860286,1540,1197,239974.30000019073,1278,482,240524.70000004768,550.3999998569489,false,true,1,1244,421,867,316.60000014305115,completed,,,2026-09-24T08:56:53.961Z,2026-09-24T08:56:54.512Z,2026-09-24T08:56:54.828Z,,41,239982.856
1.2.0,29e40d9d-fcba-4886-8a14-dd6d3c6b3f5d,001,main,pointing-single-208-post104-continuous-v3,539807cd564d571194824c9e9a5986a9c009b1b63ed371ea94a24f47d2ef96d9,C3,"[""C3""]",post,C3,2,s18,1,3,3,16,224,210,223,29e40d9d-fcba-4886-8a14-dd6d3c6b3f5d:s18:t3,29e40d9d-fcba-4886-8a14-dd6d3c6b3f5d:s18:t3:a1,1,29e40d9d-fcba-4886-8a14-dd6d3c6b3f5d:segment1,180,20,3.321928094887362,878.0487804878048,97.5609756097561,884.4977650527946,0335b2c8-8084-4c33-9a3c-1e849357e589,1,12,5,1234.4766964795208,418.40806212860286,1733.2652545849257,1141.0280419376672,1244,421,240841.30000019073,1740,1120,241325.10000014305,483.7999999523163,true,true,0,1740,1120,483.7999999523163,0,completed,,,2026-09-24T08:56:54.828Z,2026-09-24T08:56:55.312Z,2026-09-24T08:56:55.312Z,,29,240849.466
1.2.0,29e40d9d-fcba-4886-8a14-dd6d3c6b3f5d,001,main,pointing-single-208-post104-continuous-v3,539807cd564d571194824c9e9a5986a9c009b1b63ed371ea94a24f47d2ef96d9,C3,"[""C3""]",post,C3,2,s18,1,4,4,17,225,211,224,29e40d9d-fcba-4886-8a14-dd6d3c6b3f5d:s18:t4,29e40d9d-fcba-4886-8a14-dd6d3c6b3f5d:s18:t4:a1,1,29e40d9d-fcba-4886-8a14-dd6d3c6b3f5d:segment1,180,20,3.321928094887362,878.0487804878048,97.5609756097561,884.4977650527946,0335b2c8-8084-4c33-9a3c-1e849357e589,1,5,11,1733.2652545849257,1141.0280419376672,1076.0363049712757,558.7740005555058,1740,1120,241325.10000014305,1097,538,241924.80000019073,599.7000000476837,true,true,0,1097,538,599.7000000476837,0,completed,,,2026-09-24T08:56:55.312Z,2026-09-24T08:56:55.912Z,2026-09-24T08:56:55.912Z,,34,241332.832
1.2.0,29e40d9d-fcba-4886-8a14-dd6d3c6b3f5d,001,main,pointing-single-208-post104-continuous-v3,539807cd564d571194824c9e9a5986a9c009b1b63ed371ea94a24f47d2ef96d9,C3,"[""C3""]",post,C3,2,s18,1,5,5,18,226,212,225,29e40d9d-fcba-4886-8a14-dd6d3c6b3f5d:s18:t5,29e40d9d-fcba-4886-8a14-dd6d3c6b3f5d:s18:t5:a1,1,29e40d9d-fcba-4886-8a14-dd6d3c6b3f5d:segment1,180,20,3.321928094887362,878.0487804878048,97.5609756097561,884.4977650527946,0335b2c8-8084-4c33-9a3c-1e849357e589,1,11,4,1076.0363049712757,558.7740005555058,1853.5098884716554,966.8236150329607,1097,538,241924.80000019073,1833,926,242441.40000009537,516.5999999046326,true,true,0,1833,926,516.5999999046326,0,completed,,,2026-09-24T08:56:55.912Z,2026-09-24T08:56:56.428Z,2026-09-24T08:56:56.428Z,,29,241932.826
1.2.0,29e40d9d-fcba-4886-8a14-dd6d3c6b3f5d,001,main,pointing-single-208-post104-continuous-v3,539807cd564d571194824c9e9a5986a9c009b1b63ed371ea94a24f47d2ef96d9,C3,"[""C3""]",post,C3,2,s18,1,6,6,19,227,213,226,29e40d9d-fcba-4886-8a14-dd6d3c6b3f5d:s18:t6,29e40d9d-fcba-4886-8a14-dd6d3c6b3f5d:s18:t6:a1,1,29e40d9d-fcba-4886-8a14-dd6d3c6b3f5d:segment1,180,20,3.321928094887362,878.0487804878048,97.5609756097561,884.4977650527946,0335b2c8-8084-4c33-9a3c-1e849357e589,1,4,10,1853.5098884716554,966.8236150329607,1000.9756097560976,756.6927878536417,1833,926,242441.40000009537,1040,738,243024.70000004768,583.2999999523163,true,true,0,1040,738,583.2999999523163,0,completed,,,2026-09-24T08:56:56.428Z,2026-09-24T08:56:57.012Z,2026-09-24T08:56:57.012Z,,27,242449.4
1.2.0,29e40d9d-fcba-4886-8a14-dd6d3c6b3f5d,001,main,pointing-single-208-post104-continuous-v3,539807cd564d571194824c9e9a5986a9c009b1b63ed371ea94a24f47d2ef96d9,C3,"[""C3""]",post,C3,2,s18,1,7,7,20,228,214,227,29e40d9d-fcba-4886-8a14-dd6d3c6b3f5d:s18:t7,29e40d9d-fcba-4886-8a14-dd6d3c6b3f5d:s18:t7:a1,1,29e40d9d-fcba-4886-8a14-dd6d3c6b3f5d:segment1,180,20,3.321928094887362,878.0487804878048,97.5609756097561,884.4977650527946,0335b2c8-8084-4c33-9a3c-1e849357e589,1,10,3,1000.9756097560976,756.6927878536417,1879.0243902439024,756.6927878536418,1040,738,243024.70000004768,1844,720,243574.30000019073,549.6000001430511,false,true,1,1858,762,817,267.39999985694885,completed,,,2026-09-24T08:56:57.012Z,2026-09-24T08:56:57.561Z,2026-09-24T08:56:57.829Z,,48,243016.162
1.2.0,29e40d9d-fcba-4886-8a14-dd6d3c6b3f5d,001,main,pointing-single-208-post104-continuous-v3,539807cd564d571194824c9e9a5986a9c009b1b63ed371ea94a24f47d2ef96d9,C3,"[""C3""]",post,C3,2,s18,1,8,8,21,229,215,228,29e40d9d-fcba-4886-8a14-dd6d3c6b3f5d:s18:t8,29e40d9d-fcba-4886-8a14-dd6d3c6b3f5d:s18:t8:a1,1,29e40d9d-fcba-4886-8a14-dd6d3c6b3f5d:segment1,180,20,3.321928094887362,878.0487804878048,97.5609756097561,884.4977650527946,0335b2c8-8084-4c33-9a3c-1e849357e589,1,3,9,1879.0243902439024,756.6927878536418,1026.4901115283446,966.8236150329608,1858,762,243841.70000004768,1058,989,244291.5,449.7999999523163,true,true,0,1058,989,449.7999999523163,0,completed,,,2026-09-24T08:56:57.829Z,2026-09-24T08:56:58.278Z,2026-09-24T08:56:58.278Z,,24,243849.5
1.2.0,29e40d9d-fcba-4886-8a14-dd6d3c6b3f5d,001,main,pointing-single-208-post104-continuous-v3,539807cd564d571194824c9e9a5986a9c009b1b63ed371ea94a24f47d2ef96d9,C3,"[""C3""]",post,C3,2,s18,1,9,9,22,230,216,229,29e40d9d-fcba-4886-8a14-dd6d3c6b3f5d:s18:t9,29e40d9d-fcba-4886-8a14-dd6d3c6b3f5d:s18:t9:a1,1,29e40d9d-fcba-4886-8a14-dd6d3c6b3f5d:segment1,180,20,3.321928094887362,878.0487804878048,97.5609756097561,884.4977650527946,0335b2c8-8084-4c33-9a3c-1e849357e589,1,9,2,1026.4901115283446,966.8236150329608,1803.963695028724,558.7740005555054,1058,989,244291.5,1814,551,244791.30000019073,499.80000019073486,true,true,0,1814,551,499.80000019073486,0,completed,,,2026-09-24T08:56:58.278Z,2026-09-24T08:56:58.778Z,2026-09-24T08:56:58.778Z,,28,244299.5
1.2.0,29e40d9d-fcba-4886-8a14-dd6d3c6b3f5d,001,main,pointing-single-208-post104-continuous-v3,539807cd564d571194824c9e9a5986a9c009b1b63ed371ea94a24f47d2ef96d9,C3,"[""C3""]",post,C3,2,s18,1,10,10,23,231,217,230,29e40d9d-fcba-4886-8a14-dd6d3c6b3f5d:s18:t10,29e40d9d-fcba-4886-8a14-dd6d3c6b3f5d:s18:t10:a1,1,29e40d9d-fcba-4886-8a14-dd6d3c6b3f5d:segment1,180,20,3.321928094887362,878.0487804878048,97.5609756097561,884.4977650527946,0335b2c8-8084-4c33-9a3c-1e849357e589,1,2,8,1803.963695028724,558.7740005555054,1146.7347454150745,1141.0280419376672,1814,551,244791.30000019073,1136,1127,245274.80000019073,483.5,true,true,0,1136,1127,483.5,0,completed,,,2026-09-24T08:56:58.778Z,2026-09-24T08:56:59.262Z,2026-09-24T08:56:59.262Z,,25,244799.4
1.2.0,29e40d9d-fcba-4886-8a14-dd6d3c6b3f5d,001,main,pointing-single-208-post104-continuous-v3,539807cd564d571194824c9e9a5986a9c009b1b63ed371ea94a24f47d2ef96d9,C3,"[""C3""]",post,C3,2,s18,1,11,11,24,232,218,231,29e40d9d-fcba-4886-8a14-dd6d3c6b3f5d:s18:t11,29e40d9d-fcba-4886-8a14-dd6d3c6b3f5d:s18:t11:a1,1,29e40d9d-fcba-4886-8a14-dd6d3c6b3f5d:segment1,180,20,3.321928094887362,878.0487804878048,97.5609756097561,884.4977650527946,0335b2c8-8084-4c33-9a3c-1e849357e589,1,8,1,1146.7347454150745,1141.0280419376672,1645.5233035204794,418.4080621286029,1136,1127,245274.80000019073,1617,400,245807.70000004768,532.8999998569489,true,true,0,1617,400,532.8999998569489,0,completed,,,2026-09-24T08:56:59.262Z,2026-09-24T08:56:59.795Z,2026-09-24T08:56:59.795Z,,32,245282.832
1.2.0,29e40d9d-fcba-4886-8a14-dd6d3c6b3f5d,001,main,pointing-single-208-post104-continuous-v3,539807cd564d571194824c9e9a5986a9c009b1b63ed371ea94a24f47d2ef96d9,C3,"[""C3""]",post,C3,2,s18,1,12,12,25,233,219,232,29e40d9d-fcba-4886-8a14-dd6d3c6b3f5d:s18:t12,29e40d9d-fcba-4886-8a14-dd6d3c6b3f5d:s18:t12:a1,1,29e40d9d-fcba-4886-8a14-dd6d3c6b3f5d:segment1,180,20,3.321928094887362,878.0487804878048,97.5609756097561,884.4977650527946,0335b2c8-8084-4c33-9a3c-1e849357e589,1,1,7,1645.5233035204794,418.4080621286029,1334.1629148977652,1239.3979337548208,1617,400,245807.70000004768,1318,1219,246341.10000014305,533.4000000953674,true,true,0,1318,1219,533.4000000953674,0,completed,,,2026-09-24T08:56:59.795Z,2026-09-24T08:57:00.328Z,2026-09-24T08:57:00.328Z,,30,245816.1
1.2.0,29e40d9d-fcba-4886-8a14-dd6d3c6b3f5d,001,main,pointing-single-208-post104-continuous-v3,539807cd564d571194824c9e9a5986a9c009b1b63ed371ea94a24f47d2ef96d9,C3,"[""C3""]",post,C3,2,s18,1,13,13,26,234,220,233,29e40d9d-fcba-4886-8a14-dd6d3c6b3f5d:s18:t13,29e40d9d-fcba-4886-8a14-dd6d3c6b3f5d:s18:t13:a1,1,29e40d9d-fcba-4886-8a14-dd6d3c6b3f5d:segment1,180,20,3.321928094887362,878.0487804878048,97.5609756097561,884.4977650527946,0335b2c8-8084-4c33-9a3c-1e849357e589,1,7,0,1334.1629148977652,1239.3979337548208,1440,367.7511174736027,1318,1219,246341.10000014305,1402,378,246908,566.8999998569489,true,true,0,1402,378,566.8999998569489,0,completed,,,2026-09-24T08:57:00.328Z,2026-09-24T08:57:00.895Z,2026-09-24T08:57:00.895Z,,31,246349.5
1.2.0,29e40d9d-fcba-4886-8a14-dd6d3c6b3f5d,001,main,pointing-single-208-post104-continuous-v3,539807cd564d571194824c9e9a5986a9c009b1b63ed371ea94a24f47d2ef96d9,C3,"[""C3""]",post,C1,3,s19,1,1,1,27,235,0,234,29e40d9d-fcba-4886-8a14-dd6d3c6b3f5d:s19:t1,29e40d9d-fcba-4886-8a14-dd6d3c6b3f5d:s19:t1:a1,1,29e40d9d-fcba-4886-8a14-dd6d3c6b3f5d:segment1,90,20,2.4594316186372973,439.0243902439024,97.5609756097561,442.2488825263973,0335b2c8-8084-4c33-9a3c-1e849357e589,1,0,6,1440,588.8755587368014,1492.9185425511173,1024.6989668774104,1452,582,248357.80000019073,1487,1029,248808.20000004768,450.39999985694885,true,true,0,1487,1029,450.39999985694885,0,completed,,,2026-09-24T08:57:02.345Z,2026-09-24T08:57:02.795Z,2026-09-24T08:57:02.795Z,,22,248349.456
1.2.0,29e40d9d-fcba-4886-8a14-dd6d3c6b3f5d,001,main,pointing-single-208-post104-continuous-v3,539807cd564d571194824c9e9a5986a9c009b1b63ed371ea94a24f47d2ef96d9,C3,"[""C3""]",post,C1,3,s19,1,2,2,28,236,1,235,29e40d9d-fcba-4886-8a14-dd6d3c6b3f5d:s19:t2,29e40d9d-fcba-4886-8a14-dd6d3c6b3f5d:s19:t2:a1,1,29e40d9d-fcba-4886-8a14-dd6d3c6b3f5d:segment1,90,20,2.4594316186372973,439.0243902439024,97.5609756097561,442.2488825263973,0335b2c8-8084-4c33-9a3c-1e849357e589,1,6,12,1492.9185425511173,1024.6989668774104,1337.2383482397604,614.2040310643015,1487,1029,248808.20000004768,1290,615,249274.60000014305,466.40000009536743,true,true,0,1290,615,466.40000009536743,0,completed,,,2026-09-24T08:57:02.795Z,2026-09-24T08:57:03.262Z,2026-09-24T08:57:03.262Z,,27,248816.132
1.2.0,29e40d9d-fcba-4886-8a14-dd6d3c6b3f5d,001,main,pointing-single-208-post104-continuous-v3,539807cd564d571194824c9e9a5986a9c009b1b63ed371ea94a24f47d2ef96d9,C3,"[""C3""]",post,C1,3,s19,1,3,3,29,237,2,236,29e40d9d-fcba-4886-8a14-dd6d3c6b3f5d:s19:t3,29e40d9d-fcba-4886-8a14-dd6d3c6b3f5d:s19:t3:a1,1,29e40d9d-fcba-4886-8a14-dd6d3c6b3f5d:segment1,90,20,2.4594316186372973,439.0243902439024,97.5609756097561,442.2488825263973,0335b2c8-8084-4c33-9a3c-1e849357e589,1,12,5,1337.2383482397604,614.2040310643015,1586.6326272924628,975.5140209688336,1290,615,249274.60000014305,1595,925,249707.70000004768,433.09999990463257,false,true,1,1583,941,667.2000000476837,234.10000014305115,completed,,,2026-09-24T08:57:03.262Z,2026-09-24T08:57:03.695Z,2026-09-24T08:57:03.929Z,,31,249282.8
1.2.0,29e40d9d-fcba-4886-8a14-dd6d3c6b3f5d,001,main,pointing-single-208-post104-continuous-v3,539807cd564d571194824c9e9a5986a9c009b1b63ed371ea94a24f47d2ef96d9,C3,"[""C3""]",post,C1,3,s19,1,4,4,30,238,3,237,29e40d9d-fcba-4886-8a14-dd6d3c6b3f5d:s19:t4,29e40d9d-fcba-4886-8a14-dd6d3c6b3f5d:s19:t4:a1,1,29e40d9d-fcba-4886-8a14-dd6d3c6b3f5d:segment1,90,20,2.4594316186372973,439.0243902439024,97.5609756097561,442.2488825263973,0335b2c8-8084-4c33-9a3c-1e849357e589,1,5,11,1586.6326272924628,975.5140209688336,1258.018152485638,684.3870002777529,1583,941,249941.80000019073,1219,660,250341.5,399.69999980926514,true,true,0,1219,660,399.69999980926514,0,completed,,,2026-09-24T08:57:03.929Z,2026-09-24T08:57:04.328Z,2026-09-24T08:57:04.328Z,,21,249949.432
1.2.0,29e40d9d-fcba-4886-8a14-dd6d3c6b3f5d,001,main,pointing-single-208-post104-continuous-v3,539807cd564d571194824c9e9a5986a9c009b1b63ed371ea94a24f47d2ef96d9,C3,"[""C3""]",post,C1,3,s19,1,5,5,31,239,4,238,29e40d9d-fcba-4886-8a14-dd6d3c6b3f5d:s19:t5,29e40d9d-fcba-4886-8a14-dd6d3c6b3f5d:s19:t5:a1,1,29e40d9d-fcba-4886-8a14-dd6d3c6b3f5d:segment1,90,20,2.4594316186372973,439.0243902439024,97.5609756097561,442.2488825263973,0335b2c8-8084-4c33-9a3c-1e849357e589,1,11,4,1258.018152485638,684.3870002777529,1646.7549442358277,888.4118075164804,1219,660,250341.5,1609,893,250741,399.5,true,true,0,1609,893,399.5,0,completed,,,2026-09-24T08:57:04.328Z,2026-09-24T08:57:04.728Z,2026-09-24T08:57:04.728Z,,23,250349.5
1.2.0,29e40d9d-fcba-4886-8a14-dd6d3c6b3f5d,001,main,pointing-single-208-post104-continuous-v3,539807cd564d571194824c9e9a5986a9c009b1b63ed371ea94a24f47d2ef96d9,C3,"[""C3""]",post,C1,3,s19,1,6,6,32,240,5,239,29e40d9d-fcba-4886-8a14-dd6d3c6b3f5d:s19:t6,29e40d9d-fcba-4886-8a14-dd6d3c6b3f5d:s19:t6:a1,1,29e40d9d-fcba-4886-8a14-dd6d3c6b3f5d:segment1,90,20,2.4594316186372973,439.0243902439024,97.5609756097561,442.2488825263973,0335b2c8-8084-4c33-9a3c-1e849357e589,1,4,10,1646.7549442358277,888.4118075164804,1220.4878048780488,783.3463939268208,1609,893,250741,1227,809,251107.70000004768,366.7000000476837,true,true,0,1227,809,366.7000000476837,0,completed,,,2026-09-24T08:57:04.728Z,2026-09-24T08:57:05.095Z,2026-09-24T08:57:05.095Z,,17,250749.464
1.2.0,29e40d9d-fcba-4886-8a14-dd6d3c6b3f5d,001,main,pointing-single-208-post104-continuous-v3,539807cd564d571194824c9e9a5986a9c009b1b63ed371ea94a24f47d2ef96d9,C3,"[""C3""]",post,C1,3,s19,1,7,7,33,241,6,240,29e40d9d-fcba-4886-8a14-dd6d3c6b3f5d:s19:t7,29e40d9d-fcba-4886-8a14-dd6d3c6b3f5d:s19:t7:a1,1,29e40d9d-fcba-4886-8a14-dd6d3c6b3f5d:segment1,90,20,2.4594316186372973,439.0243902439024,97.5609756097561,442.2488825263973,0335b2c8-8084-4c33-9a3c-1e849357e589,1,10,3,1220.4878048780488,783.3463939268208,1659.5121951219512,783.3463939268208,1227,809,251107.70000004768,1707,766,251475,367.2999999523163,false,true,1,1636,807,617.2000000476837,249.90000009536743,completed,,,2026-09-24T08:57:05.095Z,2026-09-24T08:57:05.462Z,2026-09-24T08:57:05.712Z,,20,251099.462
1.2.0,29e40d9d-fcba-4886-8a14-dd6d3c6b3f5d,001,main,pointing-single-208-post104-continuous-v3,539807cd564d571194824c9e9a5986a9c009b1b63ed371ea94a24f47d2ef96d9,C3,"[""C3""]",post,C1,3,s19,1,8,8,34,242,7,241,29e40d9d-fcba-4886-8a14-dd6d3c6b3f5d:s19:t8,29e40d9d-fcba-4886-8a14-dd6d3c6b3f5d:s19:t8:a1,1,29e40d9d-fcba-4886-8a14-dd6d3c6b3f5d:segment1,90,20,2.4594316186372973,439.0243902439024,97.5609756097561,442.2488825263973,0335b2c8-8084-4c33-9a3c-1e849357e589,1,3,9,1659.5121951219512,783.3463939268208,1233.2450557641723,888.4118075164804,1636,807,251724.90000009537,1260,904,252141.40000009537,416.5,true,true,0,1260,904,416.5,0,completed,,,2026-09-24T08:57:05.712Z,2026-09-24T08:57:06.128Z,2026-09-24T08:57:06.128Z,,22,251732.3
1.2.0,29e40d9d-fcba-4886-8a14-dd6d3c6b3f5d,001,main,pointing-single-208-post104-continuous-v3,539807cd564d571194824c9e9a5986a9c009b1b63ed371ea94a24f47d2ef96d9,C3,"[""C3""]",post,C1,3,s19,1,9,9,35,243,8,242,29e40d9d-fcba-4886-8a14-dd6d3c6b3f5d:s19:t9,29e40d9d-fcba-4886-8a14-dd6d3c6b3f5d:s19:t9:a1,1,29e40d9d-fcba-4886-8a14-dd6d3c6b3f5d:segment1,90,20,2.4594316186372973,439.0243902439024,97.5609756097561,442.2488825263973,0335b2c8-8084-4c33-9a3c-1e849357e589,1,9,2,1233.2450557641723,888.4118075164804,1621.981847514362,684.3870002777527,1260,904,252141.40000009537,1673,687,252491.10000014305,349.7000000476837,false,true,1,1591,713,683.2000000476837,333.5,completed,,,2026-09-24T08:57:06.128Z,2026-09-24T08:57:06.478Z,2026-09-24T08:57:06.811Z,,35,252149.466
1.2.0,29e40d9d-fcba-4886-8a14-dd6d3c6b3f5d,001,main,pointing-single-208-post104-continuous-v3,539807cd564d571194824c9e9a5986a9c009b1b63ed371ea94a24f47d2ef96d9,C3,"[""C3""]",post,C1,3,s19,1,10,10,36,244,9,243,29e40d9d-fcba-4886-8a14-dd6d3c6b3f5d:s19:t10,29e40d9d-fcba-4886-8a14-dd6d3c6b3f5d:s19:t10:a1,1,29e40d9d-fcba-4886-8a14-dd6d3c6b3f5d:segment1,90,20,2.4594316186372973,439.0243902439024,97.5609756097561,442.2488825263973,0335b2c8-8084-4c33-9a3c-1e849357e589,1,2,8,1621.981847514362,684.3870002777527,1293.3673727075372,975.5140209688336,1591,713,252824.60000014305,1260,989,253174.70000004768,350.09999990463257,true,true,0,1260,989,350.09999990463257,0,completed,,,2026-09-24T08:57:06.811Z,2026-09-24T08:57:07.161Z,2026-09-24T08:57:07.161Z,,20,252832.8
1.2.0,29e40d9d-fcba-4886-8a14-dd6d3c6b3f5d,001,main,pointing-single-208-post104-continuous-v3,539807cd564d571194824c9e9a5986a9c009b1b63ed371ea94a24f47d2ef96d9,C3,"[""C3""]",post,C1,3,s19,1,11,11,37,245,10,244,29e40d9d-fcba-4886-8a14-dd6d3c6b3f5d:s19:t11,29e40d9d-fcba-4886-8a14-dd6d3c6b3f5d:s19:t11:a1,1,29e40d9d-fcba-4886-8a14-dd6d3c6b3f5d:segment1,90,20,2.4594316186372973,439.0243902439024,97.5609756097561,442.2488825263973,0335b2c8-8084-4c33-9a3c-1e849357e589,1,8,1,1293.3673727075372,975.5140209688336,1542.7616517602396,614.2040310643015,1260,989,253174.70000004768,1515,614,253657.90000009537,483.2000000476837,true,true,0,1515,614,483.2000000476837,0,completed,,,2026-09-24T08:57:07.161Z,2026-09-24T08:57:07.645Z,2026-09-24T08:57:07.645Z,,27,253181.7
1.2.0,29e40d9d-fcba-4886-8a14-dd6d3c6b3f5d,001,main,pointing-single-208-post104-continuous-v3,539807cd564d571194824c9e9a5986a9c009b1b63ed371ea94a24f47d2ef96d9,C3,"[""C3""]",post,C1,3,s19,1,12,12,38,246,11,245,29e40d9d-fcba-4886-8a14-dd6d3c6b3f5d:s19:t12,29e40d9d-fcba-4886-8a14-dd6d3c6b3f5d:s19:t12:a1,1,29e40d9d-fcba-4886-8a14-dd6d3c6b3f5d:segment1,90,20,2.4594316186372973,439.0243902439024,97.5609756097561,442.2488825263973,0335b2c8-8084-4c33-9a3c-1e849357e589,1,1,7,1542.7616517602396,614.2040310643015,1387.0814574488827,1024.6989668774104,1515,614,253657.90000009537,1399,1013,254074.30000019073,416.40000009536743,true,true,0,1399,1013,416.40000009536743,0,completed,,,2026-09-24T08:57:07.645Z,2026-09-24T08:57:08.061Z,2026-09-24T08:57:08.061Z,,21,253666.132
1.2.0,29e40d9d-fcba-4886-8a14-dd6d3c6b3f5d,001,main,pointing-single-208-post104-continuous-v3,539807cd564d571194824c9e9a5986a9c009b1b63ed371ea94a24f47d2ef96d9,C3,"[""C3""]",post,C1,3,s19,1,13,13,39,247,12,246,29e40d9d-fcba-4886-8a14-dd6d3c6b3f5d:s19:t13,29e40d9d-fcba-4886-8a14-dd6d3c6b3f5d:s19:t13:a1,1,29e40d9d-fcba-4886-8a14-dd6d3c6b3f5d:segment1,90,20,2.4594316186372973,439.0243902439024,97.5609756097561,442.2488825263973,0335b2c8-8084-4c33-9a3c-1e849357e589,1,7,0,1387.0814574488827,1024.6989668774104,1440,588.8755587368014,1399,1013,254074.30000019073,1460,575,254441,366.69999980926514,true,true,0,1460,575,366.69999980926514,0,completed,,,2026-09-24T08:57:08.061Z,2026-09-24T08:57:08.428Z,2026-09-24T08:57:08.428Z,,19,254082.764
1.2.0,29e40d9d-fcba-4886-8a14-dd6d3c6b3f5d,001,main,pointing-single-208-post104-continuous-v3,539807cd564d571194824c9e9a5986a9c009b1b63ed371ea94a24f47d2ef96d9,C3,"[""C3""]",post,C4,4,s20,1,1,1,40,248,0,247,29e40d9d-fcba-4886-8a14-dd6d3c6b3f5d:s20:t1,29e40d9d-fcba-4886-8a14-dd6d3c6b3f5d:s20:t1:a1,1,29e40d9d-fcba-4886-8a14-dd6d3c6b3f5d:segment1,180,10,4.247927513443585,878.0487804878048,48.78048780487805,884.4977650527946,0335b2c8-8084-4c33-9a3c-1e849357e589,1,0,6,1440,367.7511174736027,1545.8370851022348,1239.3979337548208,1432,386,256091.10000014305,1541,1223,256874.5,783.3999998569489,true,true,0,1541,1223,783.3999998569489,0,completed,,,2026-09-24T08:57:10.078Z,2026-09-24T08:57:10.861Z,2026-09-24T08:57:10.861Z,,42,256099.454
1.2.0,29e40d9d-fcba-4886-8a14-dd6d3c6b3f5d,001,main,pointing-single-208-post104-continuous-v3,539807cd564d571194824c9e9a5986a9c009b1b63ed371ea94a24f47d2ef96d9,C3,"[""C3""]",post,C4,4,s20,1,2,2,41,249,1,248,29e40d9d-fcba-4886-8a14-dd6d3c6b3f5d:s20:t2,29e40d9d-fcba-4886-8a14-dd6d3c6b3f5d:s20:t2:a1,1,29e40d9d-fcba-4886-8a14-dd6d3c6b3f5d:segment1,180,10,4.247927513443585,878.0487804878048,48.78048780487805,884.4977650527946,0335b2c8-8084-4c33-9a3c-1e849357e589,1,6,12,1545.8370851022348,1239.3979337548208,1234.4766964795208,418.40806212860286,1541,1223,256874.5,1232,411,257591,716.5,true,true,0,1232,411,716.5,0,completed,,,2026-09-24T08:57:10.861Z,2026-09-24T08:57:11.578Z,2026-09-24T08:57:11.578Z,,41,256882.7
1.2.0,29e40d9d-fcba-4886-8a14-dd6d3c6b3f5d,001,main,pointing-single-208-post104-continuous-v3,539807cd564d571194824c9e9a5986a9c009b1b63ed371ea94a24f47d2ef96d9,C3,"[""C3""]",post,C4,4,s20,1,3,3,42,250,2,249,29e40d9d-fcba-4886-8a14-dd6d3c6b3f5d:s20:t3,29e40d9d-fcba-4886-8a14-dd6d3c6b3f5d:s20:t3:a1,1,29e40d9d-fcba-4886-8a14-dd6d3c6b3f5d:segment1,180,10,4.247927513443585,878.0487804878048,48.78048780487805,884.4977650527946,0335b2c8-8084-4c33-9a3c-1e849357e589,1,12,5,1234.4766964795208,418.40806212860286,1733.2652545849257,1141.0280419376672,1232,411,257591,1723,1126,258291.40000009537,700.4000000953674,true,true,0,1723,1126,700.4000000953674,0,completed,,,2026-09-24T08:57:11.578Z,2026-09-24T08:57:12.278Z,2026-09-24T08:57:12.278Z,,36,257599.3
1.2.0,29e40d9d-fcba-4886-8a14-dd6d3c6b3f5d,001,main,pointing-single-208-post104-continuous-v3,539807cd564d571194824c9e9a5986a9c009b1b63ed371ea94a24f47d2ef96d9,C3,"[""C3""]",post,C4,4,s20,1,4,4,43,251,3,250,29e40d9d-fcba-4886-8a14-dd6d3c6b3f5d:s20:t4,29e40d9d-fcba-4886-8a14-dd6d3c6b3f5d:s20:t4:a1,1,29e40d9d-fcba-4886-8a14-dd6d3c6b3f5d:segment1,180,10,4.247927513443585,878.0487804878048,48.78048780487805,884.4977650527946,0335b2c8-8084-4c33-9a3c-1e849357e589,1,5,11,1733.2652545849257,1141.0280419376672,1076.0363049712757,558.7740005555058,1723,1126,258291.40000009537,1074,542,258941,649.5999999046326,true,true,0,1074,542,649.5999999046326,0,completed,,,2026-09-24T08:57:12.278Z,2026-09-24T08:57:12.928Z,2026-09-24T08:57:12.928Z,,33,258299.3
1.2.0,29e40d9d-fcba-4886-8a14-dd6d3c6b3f5d,001,main,pointing-single-208-post104-continuous-v3,539807cd564d571194824c9e9a5986a9c009b1b63ed371ea94a24f47d2ef96d9,C3,"[""C3""]",post,C4,4,s20,1,5,5,44,252,4,251,29e40d9d-fcba-4886-8a14-dd6d3c6b3f5d:s20:t5,29e40d9d-fcba-4886-8a14-dd6d3c6b3f5d:s20:t5:a1,1,29e40d9d-fcba-4886-8a14-dd6d3c6b3f5d:segment1,180,10,4.247927513443585,878.0487804878048,48.78048780487805,884.4977650527946,0335b2c8-8084-4c33-9a3c-1e849357e589,1,11,4,1076.0363049712757,558.7740005555058,1853.5098884716554,966.8236150329607,1074,542,258941,1836,961,259574.5,633.5,true,true,0,1836,961,633.5,0,completed,,,2026-09-24T08:57:12.928Z,2026-09-24T08:57:13.561Z,2026-09-24T08:57:13.561Z,,34,258949.3
1.2.0,29e40d9d-fcba-4886-8a14-dd6d3c6b3f5d,001,main,pointing-single-208-post104-continuous-v3,539807cd564d571194824c9e9a5986a9c009b1b63ed371ea94a24f47d2ef96d9,C3,"[""C3""]",post,C4,4,s20,1,6,6,45,253,5,252,29e40d9d-fcba-4886-8a14-dd6d3c6b3f5d:s20:t6,29e40d9d-fcba-4886-8a14-dd6d3c6b3f5d:s20:t6:a1,1,29e40d9d-fcba-4886-8a14-dd6d3c6b3f5d:segment1,180,10,4.247927513443585,878.0487804878048,48.78048780487805,884.4977650527946,0335b2c8-8084-4c33-9a3c-1e849357e589,1,4,10,1853.5098884716554,966.8236150329607,1000.9756097560976,756.6927878536417,1836,961,259574.5,1006,756,260141,566.5,true,true,0,1006,756,566.5,0,completed,,,2026-09-24T08:57:13.561Z,2026-09-24T08:57:14.128Z,2026-09-24T08:57:14.128Z,,27,259582.7
1.2.0,29e40d9d-fcba-4886-8a14-dd6d3c6b3f5d,001,main,pointing-single-208-post104-continuous-v3,539807cd564d571194824c9e9a5986a9c009b1b63ed371ea94a24f47d2ef96d9,C3,"[""C3""]",post,C4,4,s20,1,7,7,46,254,6,253,29e40d9d-fcba-4886-8a14-dd6d3c6b3f5d:s20:t7,29e40d9d-fcba-4886-8a14-dd6d3c6b3f5d:s20:t7:a1,1,29e40d9d-fcba-4886-8a14-dd6d3c6b3f5d:segment1,180,10,4.247927513443585,878.0487804878048,48.78048780487805,884.4977650527946,0335b2c8-8084-4c33-9a3c-1e849357e589,1,10,3,1000.9756097560976,756.6927878536417,1879.0243902439024,756.6927878536418,1006,756,260141,1857,753,260641.30000019073,500.30000019073486,true,true,0,1857,753,500.30000019073486,0,completed,,,2026-09-24T08:57:14.128Z,2026-09-24T08:57:14.628Z,2026-09-24T08:57:14.628Z,,25,260132.73
1.2.0,29e40d9d-fcba-4886-8a14-dd6d3c6b3f5d,001,main,pointing-single-208-post104-continuous-v3,539807cd564d571194824c9e9a5986a9c009b1b63ed371ea94a24f47d2ef96d9,C3,"[""C3""]",post,C4,4,s20,1,8,8,47,255,7,254,29e40d9d-fcba-4886-8a14-dd6d3c6b3f5d:s20:t8,29e40d9d-fcba-4886-8a14-dd6d3c6b3f5d:s20:t8:a1,1,29e40d9d-fcba-4886-8a14-dd6d3c6b3f5d:segment1,180,10,4.247927513443585,878.0487804878048,48.78048780487805,884.4977650527946,0335b2c8-8084-4c33-9a3c-1e849357e589,1,3,9,1879.0243902439024,756.6927878536418,1026.4901115283446,966.8236150329608,1857,753,260641.30000019073,1040,988,261274.40000009537,633.0999999046326,false,true,2,1013,978,2283.0999999046326,1650,completed,,,2026-09-24T08:57:14.628Z,2026-09-24T08:57:15.261Z,2026-09-24T08:57:16.911Z,,121,260649.3
1.2.0,29e40d9d-fcba-4886-8a14-dd6d3c6b3f5d,001,main,pointing-single-208-post104-continuous-v3,539807cd564d571194824c9e9a5986a9c009b1b63ed371ea94a24f47d2ef96d9,C3,"[""C3""]",post,C4,4,s20,1,9,9,48,256,8,255,29e40d9d-fcba-4886-8a14-dd6d3c6b3f5d:s20:t9,29e40d9d-fcba-4886-8a14-dd6d3c6b3f5d:s20:t9:a1,1,29e40d9d-fcba-4886-8a14-dd6d3c6b3f5d:segment1,180,10,4.247927513443585,878.0487804878048,48.78048780487805,884.4977650527946,0335b2c8-8084-4c33-9a3c-1e849357e589,1,9,2,1026.4901115283446,966.8236150329608,1803.963695028724,558.7740005555054,1013,978,262924.40000009537,1808,552,263707.5,783.0999999046326,true,true,0,1808,552,783.0999999046326,0,completed,,,2026-09-24T08:57:16.911Z,2026-09-24T08:57:17.694Z,2026-09-24T08:57:17.694Z,,40,262916.092
1.2.0,29e40d9d-fcba-4886-8a14-dd6d3c6b3f5d,001,main,pointing-single-208-post104-continuous-v3,539807cd564d571194824c9e9a5986a9c009b1b63ed371ea94a24f47d2ef96d9,C3,"[""C3""]",post,C4,4,s20,1,10,10,49,257,9,256,29e40d9d-fcba-4886-8a14-dd6d3c6b3f5d:s20:t10,29e40d9d-fcba-4886-8a14-dd6d3c6b3f5d:s20:t10:a1,1,29e40d9d-fcba-4886-8a14-dd6d3c6b3f5d:segment1,180,10,4.247927513443585,878.0487804878048,48.78048780487805,884.4977650527946,0335b2c8-8084-4c33-9a3c-1e849357e589,1,2,8,1803.963695028724,558.7740005555054,1146.7347454150745,1141.0280419376672,1808,552,263707.5,1149,1120,264375.10000014305,667.6000001430511,true,true,0,1149,1120,667.6000001430511,0,completed,,,2026-09-24T08:57:17.694Z,2026-09-24T08:57:18.361Z,2026-09-24T08:57:18.361Z,,39,263699.418
1.2.0,29e40d9d-fcba-4886-8a14-dd6d3c6b3f5d,001,main,pointing-single-208-post104-continuous-v3,539807cd564d571194824c9e9a5986a9c009b1b63ed371ea94a24f47d2ef96d9,C3,"[""C3""]",post,C4,4,s20,1,11,11,50,258,10,257,29e40d9d-fcba-4886-8a14-dd6d3c6b3f5d:s20:t11,29e40d9d-fcba-4886-8a14-dd6d3c6b3f5d:s20:t11:a1,1,29e40d9d-fcba-4886-8a14-dd6d3c6b3f5d:segment1,180,10,4.247927513443585,878.0487804878048,48.78048780487805,884.4977650527946,0335b2c8-8084-4c33-9a3c-1e849357e589,1,8,1,1146.7347454150745,1141.0280419376672,1645.5233035204794,418.4080621286029,1149,1120,264375.10000014305,1640,435,265091.2000000477,716.0999999046326,true,true,0,1640,435,716.0999999046326,0,completed,,,2026-09-24T08:57:18.361Z,2026-09-24T08:57:19.078Z,2026-09-24T08:57:19.078Z,,34,264382.752
1.2.0,29e40d9d-fcba-4886-8a14-dd6d3c6b3f5d,001,main,pointing-single-208-post104-continuous-v3,539807cd564d571194824c9e9a5986a9c009b1b63ed371ea94a24f47d2ef96d9,C3,"[""C3""]",post,C4,4,s20,1,12,12,51,259,11,258,29e40d9d-fcba-4886-8a14-dd6d3c6b3f5d:s20:t12,29e40d9d-fcba-4886-8a14-dd6d3c6b3f5d:s20:t12:a1,1,29e40d9d-fcba-4886-8a14-dd6d3c6b3f5d:segment1,180,10,4.247927513443585,878.0487804878048,48.78048780487805,884.4977650527946,0335b2c8-8084-4c33-9a3c-1e849357e589,1,1,7,1645.5233035204794,418.4080621286029,1334.1629148977652,1239.3979337548208,1640,435,265091.2000000477,1304,1305,265708.2000000477,617,false,true,2,1338,1247,1716.5,1099.5,completed,,,2026-09-24T08:57:19.078Z,2026-09-24T08:57:19.695Z,2026-09-24T08:57:20.794Z,,93,265082.722
1.2.0,29e40d9d-fcba-4886-8a14-dd6d3c6b3f5d,001,main,pointing-single-208-post104-continuous-v3,539807cd564d571194824c9e9a5986a9c009b1b63ed371ea94a24f47d2ef96d9,C3,"[""C3""]",post,C4,4,s20,1,13,13,52,260,12,259,29e40d9d-fcba-4886-8a14-dd6d3c6b3f5d:s20:t13,29e40d9d-fcba-4886-8a14-dd6d3c6b3f5d:s20:t13:a1,1,29e40d9d-fcba-4886-8a14-dd6d3c6b3f5d:segment1,180,10,4.247927513443585,878.0487804878048,48.78048780487805,884.4977650527946,0335b2c8-8084-4c33-9a3c-1e849357e589,1,7,0,1334.1629148977652,1239.3979337548208,1440,367.7511174736027,1338,1247,266807.7000000477,1445,387,267440.80000019073,633.1000001430511,true,true,0,1445,387,633.1000001430511,0,completed,,,2026-09-24T08:57:20.794Z,2026-09-24T08:57:21.427Z,2026-09-24T08:57:21.427Z,,33,266816
1.2.0,29e40d9d-fcba-4886-8a14-dd6d3c6b3f5d,001,main,pointing-single-208-post104-continuous-v3,539807cd564d571194824c9e9a5986a9c009b1b63ed371ea94a24f47d2ef96d9,C3,"[""C3""]",post,C4,1,s21,2,1,14,53,261,13,260,29e40d9d-fcba-4886-8a14-dd6d3c6b3f5d:s21:t1,29e40d9d-fcba-4886-8a14-dd6d3c6b3f5d:s21:t1:a1,1,29e40d9d-fcba-4886-8a14-dd6d3c6b3f5d:segment1,180,10,4.247927513443585,878.0487804878048,48.78048780487805,884.4977650527946,0335b2c8-8084-4c33-9a3c-1e849357e589,1,0,6,1440,367.7511174736027,1545.8370851022348,1239.3979337548208,1445,387,267440.80000019073,1541,1256,268141.2000000477,700.3999998569489,true,true,0,1541,1256,700.3999998569489,0,completed,,,2026-09-24T08:57:21.427Z,2026-09-24T08:57:22.128Z,2026-09-24T08:57:22.128Z,,36,267449.366
1.2.0,29e40d9d-fcba-4886-8a14-dd6d3c6b3f5d,001,main,pointing-single-208-post104-continuous-v3,539807cd564d571194824c9e9a5986a9c009b1b63ed371ea94a24f47d2ef96d9,C3,"[""C3""]",post,C4,1,s21,2,2,15,54,262,14,261,29e40d9d-fcba-4886-8a14-dd6d3c6b3f5d:s21:t2,29e40d9d-fcba-4886-8a14-dd6d3c6b3f5d:s21:t2:a1,1,29e40d9d-fcba-4886-8a14-dd6d3c6b3f5d:segment1,180,10,4.247927513443585,878.0487804878048,48.78048780487805,884.4977650527946,0335b2c8-8084-4c33-9a3c-1e849357e589,1,6,12,1545.8370851022348,1239.3979337548208,1234.4766964795208,418.40806212860286,1541,1256,268141.2000000477,1207,398,268791.10000014305,649.9000000953674,false,true,1,1226,403,1266.5,616.5999999046326,completed,,,2026-09-24T08:57:22.128Z,2026-09-24T08:57:22.777Z,2026-09-24T08:57:23.394Z,,65,268132.76
1.2.0,29e40d9d-fcba-4886-8a14-dd6d3c6b3f5d,001,main,pointing-single-208-post104-continuous-v3,539807cd564d571194824c9e9a5986a9c009b1b63ed371ea94a24f47d2ef96d9,C3,"[""C3""]",post,C4,1,s21,2,3,16,55,263,15,262,29e40d9d-fcba-4886-8a14-dd6d3c6b3f5d:s21:t3,29e40d9d-fcba-4886-8a14-dd6d3c6b3f5d:s21:t3:a1,1,29e40d9d-fcba-4886-8a14-dd6d3c6b3f5d:segment1,180,10,4.247927513443585,878.0487804878048,48.78048780487805,884.4977650527946,0335b2c8-8084-4c33-9a3c-1e849357e589,1,12,5,1234.4766964795208,418.40806212860286,1733.2652545849257,1141.0280419376672,1226,403,269407.7000000477,1747,1123,270057.80000019073,650.1000001430511,true,true,0,1747,1123,650.1000001430511,0,completed,,,2026-09-24T08:57:23.394Z,2026-09-24T08:57:24.044Z,2026-09-24T08:57:24.044Z,,28,269416
1.2.0,29e40d9d-fcba-4886-8a14-dd6d3c6b3f5d,001,main,pointing-single-208-post104-continuous-v3,539807cd564d571194824c9e9a5986a9c009b1b63ed371ea94a24f47d2ef96d9,C3,"[""C3""]",post,C4,1,s21,2,4,17,56,264,16,263,29e40d9d-fcba-4886-8a14-dd6d3c6b3f5d:s21:t4,29e40d9d-fcba-4886-8a14-dd6d3c6b3f5d:s21:t4:a1,1,29e40d9d-fcba-4886-8a14-dd6d3c6b3f5d:segment1,180,10,4.247927513443585,878.0487804878048,48.78048780487805,884.4977650527946,0335b2c8-8084-4c33-9a3c-1e849357e589,1,5,11,1733.2652545849257,1141.0280419376672,1076.0363049712757,558.7740005555058,1747,1123,270057.80000019073,1044,535,270641.10000014305,583.2999999523163,false,true,2,1083,562,1283.2999999523163,700,completed,,,2026-09-24T08:57:24.044Z,2026-09-24T08:57:24.627Z,2026-09-24T08:57:25.327Z,,59,270065.1
1.2.0,29e40d9d-fcba-4886-8a14-dd6d3c6b3f5d,001,main,pointing-single-208-post104-continuous-v3,539807cd564d571194824c9e9a5986a9c009b1b63ed371ea94a24f47d2ef96d9,C3,"[""C3""]",post,C4,1,s21,2,5,18,57,265,17,264,29e40d9d-fcba-4886-8a14-dd6d3c6b3f5d:s21:t5,29e40d9d-fcba-4886-8a14-dd6d3c6b3f5d:s21:t5:a1,1,29e40d9d-fcba-4886-8a14-dd6d3c6b3f5d:segment1,180,10,4.247927513443585,878.0487804878048,48.78048780487805,884.4977650527946,0335b2c8-8084-4c33-9a3c-1e849357e589,1,11,4,1076.0363049712757,558.7740005555058,1853.5098884716554,966.8236150329607,1083,562,271341.10000014305,1850,958,272107.80000019073,766.7000000476837,true,true,0,1850,958,766.7000000476837,0,completed,,,2026-09-24T08:57:25.327Z,2026-09-24T08:57:26.094Z,2026-09-24T08:57:26.094Z,,38,271349.3
1.2.0,29e40d9d-fcba-4886-8a14-dd6d3c6b3f5d,001,main,pointing-single-208-post104-continuous-v3,539807cd564d571194824c9e9a5986a9c009b1b63ed371ea94a24f47d2ef96d9,C3,"[""C3""]",post,C4,1,s21,2,6,19,58,266,18,265,29e40d9d-fcba-4886-8a14-dd6d3c6b3f5d:s21:t6,29e40d9d-fcba-4886-8a14-dd6d3c6b3f5d:s21:t6:a1,1,29e40d9d-fcba-4886-8a14-dd6d3c6b3f5d:segment1,180,10,4.247927513443585,878.0487804878048,48.78048780487805,884.4977650527946,0335b2c8-8084-4c33-9a3c-1e849357e589,1,4,10,1853.5098884716554,966.8236150329607,1000.9756097560976,756.6927878536417,1850,958,272107.80000019073,993,743,272624.5,516.6999998092651,true,true,0,993,743,516.6999998092651,0,completed,,,2026-09-24T08:57:26.094Z,2026-09-24T08:57:26.611Z,2026-09-24T08:57:26.611Z,,24,272099.39
1.2.0,29e40d9d-fcba-4886-8a14-dd6d3c6b3f5d,001,main,pointing-single-208-post104-continuous-v3,539807cd564d571194824c9e9a5986a9c009b1b63ed371ea94a24f47d2ef96d9,C3,"[""C3""]",post,C4,1,s21,2,7,20,59,267,19,266,29e40d9d-fcba-4886-8a14-dd6d3c6b3f5d:s21:t7,29e40d9d-fcba-4886-8a14-dd6d3c6b3f5d:s21:t7:a1,1,29e40d9d-fcba-4886-8a14-dd6d3c6b3f5d:segment1,180,10,4.247927513443585,878.0487804878048,48.78048780487805,884.4977650527946,0335b2c8-8084-4c33-9a3c-1e849357e589,1,10,3,1000.9756097560976,756.6927878536417,1879.0243902439024,756.6927878536418,993,743,272624.5,1884,749,273424.40000009537,799.9000000953674,true,true,0,1884,749,799.9000000953674,0,completed,,,2026-09-24T08:57:26.611Z,2026-09-24T08:57:27.411Z,2026-09-24T08:57:27.411Z,,34,272632.7
1.2.0,29e40d9d-fcba-4886-8a14-dd6d3c6b3f5d,001,main,pointing-single-208-post104-continuous-v3,539807cd564d571194824c9e9a5986a9c009b1b63ed371ea94a24f47d2ef96d9,C3,"[""C3""]",post,C4,1,s21,2,8,21,60,268,20,267,29e40d9d-fcba-4886-8a14-dd6d3c6b3f5d:s21:t8,29e40d9d-fcba-4886-8a14-dd6d3c6b3f5d:s21:t8:a1,1,29e40d9d-fcba-4886-8a14-dd6d3c6b3f5d:segment1,180,10,4.247927513443585,878.0487804878048,48.78048780487805,884.4977650527946,0335b2c8-8084-4c33-9a3c-1e849357e589,1,3,9,1879.0243902439024,756.6927878536418,1026.4901115283446,966.8236150329608,1884,749,273424.40000009537,994,972,273991,566.5999999046326,false,true,2,1031,969,2099.9000000953674,1533.3000001907349,completed,,,2026-09-24T08:57:27.411Z,2026-09-24T08:57:27.977Z,2026-09-24T08:57:29.510Z,,106,273416.056
1.2.0,29e40d9d-fcba-4886-8a14-dd6d3c6b3f5d,001,main,pointing-single-208-post104-continuous-v3,539807cd564d571194824c9e9a5986a9c009b1b63ed371ea94a24f47d2ef96d9,C3,"[""C3""]",post,C4,1,s21,2,9,22,61,269,21,268,29e40d9d-fcba-4886-8a14-dd6d3c6b3f5d:s21:t9,29e40d9d-fcba-4886-8a14-dd6d3c6b3f5d:s21:t9:a1,1,29e40d9d-fcba-4886-8a14-dd6d3c6b3f5d:segment1,180,10,4.247927513443585,878.0487804878048,48.78048780487805,884.4977650527946,0335b2c8-8084-4c33-9a3c-1e849357e589,1,9,2,1026.4901115283446,966.8236150329608,1803.963695028724,558.7740005555054,1031,969,275524.30000019073,1793,562,276274.40000009537,750.0999999046326,true,true,0,1793,562,750.0999999046326,0,completed,,,2026-09-24T08:57:29.510Z,2026-09-24T08:57:30.260Z,2026-09-24T08:57:30.260Z,,42,275516.032
1.2.0,29e40d9d-fcba-4886-8a14-dd6d3c6b3f5d,001,main,pointing-single-208-post104-continuous-v3,539807cd564d571194824c9e9a5986a9c009b1b63ed371ea94a24f47d2ef96d9,C3,"[""C3""]",post,C4,1,s21,2,10,23,62,270,22,269,29e40d9d-fcba-4886-8a14-dd6d3c6b3f5d:s21:t10,29e40d9d-fcba-4886-8a14-dd6d3c6b3f5d:s21:t10:a1,1,29e40d9d-fcba-4886-8a14-dd6d3c6b3f5d:segment1,180,10,4.247927513443585,878.0487804878048,48.78048780487805,884.4977650527946,0335b2c8-8084-4c33-9a3c-1e849357e589,1,2,8,1803.963695028724,558.7740005555054,1146.7347454150745,1141.0280419376672,1793,562,276274.40000009537,1134,1142,276907.80000019073,633.4000000953674,true,true,0,1134,1142,633.4000000953674,0,completed,,,2026-09-24T08:57:30.260Z,2026-09-24T08:57:30.894Z,2026-09-24T08:57:30.894Z,,33,276282.688
1.2.0,29e40d9d-fcba-4886-8a14-dd6d3c6b3f5d,001,main,pointing-single-208-post104-continuous-v3,539807cd564d571194824c9e9a5986a9c009b1b63ed371ea94a24f47d2ef96d9,C3,"[""C3""]",post,C4,1,s21,2,11,24,63,271,23,270,29e40d9d-fcba-4886-8a14-dd6d3c6b3f5d:s21:t11,29e40d9d-fcba-4886-8a14-dd6d3c6b3f5d:s21:t11:a1,1,29e40d9d-fcba-4886-8a14-dd6d3c6b3f5d:segment1,180,10,4.247927513443585,878.0487804878048,48.78048780487805,884.4977650527946,0335b2c8-8084-4c33-9a3c-1e849357e589,1,8,1,1146.7347454150745,1141.0280419376672,1645.5233035204794,418.4080621286029,1134,1142,276907.80000019073,1645,412,277607.80000019073,700,true,true,0,1645,412,700,0,completed,,,2026-09-24T08:57:30.894Z,2026-09-24T08:57:31.594Z,2026-09-24T08:57:31.594Z,,42,276916
1.2.0,29e40d9d-fcba-4886-8a14-dd6d3c6b3f5d,001,main,pointing-single-208-post104-continuous-v3,539807cd564d571194824c9e9a5986a9c009b1b63ed371ea94a24f47d2ef96d9,C3,"[""C3""]",post,C4,1,s21,2,12,25,64,272,24,271,29e40d9d-fcba-4886-8a14-dd6d3c6b3f5d:s21:t12,29e40d9d-fcba-4886-8a14-dd6d3c6b3f5d:s21:t12:a1,1,29e40d9d-fcba-4886-8a14-dd6d3c6b3f5d:segment1,180,10,4.247927513443585,878.0487804878048,48.78048780487805,884.4977650527946,0335b2c8-8084-4c33-9a3c-1e849357e589,1,1,7,1645.5233035204794,418.4080621286029,1334.1629148977652,1239.3979337548208,1645,412,277607.80000019073,1332,1223,278274.30000019073,666.5,true,true,0,1332,1223,666.5,0,completed,,,2026-09-24T08:57:31.594Z,2026-09-24T08:57:32.260Z,2026-09-24T08:57:32.260Z,,34,277615.894
1.2.0,29e40d9d-fcba-4886-8a14-dd6d3c6b3f5d,001,main,pointing-single-208-post104-continuous-v3,539807cd564d571194824c9e9a5986a9c009b1b63ed371ea94a24f47d2ef96d9,C3,"[""C3""]",post,C4,1,s21,2,13,26,65,273,25,272,29e40d9d-fcba-4886-8a14-dd6d3c6b3f5d:s21:t13,29e40d9d-fcba-4886-8a14-dd6d3c6b3f5d:s21:t13:a1,1,29e40d9d-fcba-4886-8a14-dd6d3c6b3f5d:segment1,180,10,4.247927513443585,878.0487804878048,48.78048780487805,884.4977650527946,0335b2c8-8084-4c33-9a3c-1e849357e589,1,7,0,1334.1629148977652,1239.3979337548208,1440,367.7511174736027,1332,1223,278274.30000019073,1437,363,278841.30000019073,567,true,true,0,1437,363,567,0,completed,,,2026-09-24T08:57:32.260Z,2026-09-24T08:57:32.827Z,2026-09-24T08:57:32.827Z,,34,278282.6
1.2.0,29e40d9d-fcba-4886-8a14-dd6d3c6b3f5d,001,main,pointing-single-208-post104-continuous-v3,539807cd564d571194824c9e9a5986a9c009b1b63ed371ea94a24f47d2ef96d9,C3,"[""C3""]",post,C1,2,s22,2,1,14,66,274,13,273,29e40d9d-fcba-4886-8a14-dd6d3c6b3f5d:s22:t1,29e40d9d-fcba-4886-8a14-dd6d3c6b3f5d:s22:t1:a1,1,29e40d9d-fcba-4886-8a14-dd6d3c6b3f5d:segment1,90,20,2.4594316186372973,439.0243902439024,97.5609756097561,442.2488825263973,0335b2c8-8084-4c33-9a3c-1e849357e589,1,0,6,1440,588.8755587368014,1492.9185425511173,1024.6989668774104,1402,565,280724.40000009537,1482,1040,281174.60000014305,450.2000000476837,true,true,0,1482,1040,450.2000000476837,0,completed,,,2026-09-24T08:57:34.710Z,2026-09-24T08:57:35.160Z,2026-09-24T08:57:35.160Z,,24,280716.028
1.2.0,29e40d9d-fcba-4886-8a14-dd6d3c6b3f5d,001,main,pointing-single-208-post104-continuous-v3,539807cd564d571194824c9e9a5986a9c009b1b63ed371ea94a24f47d2ef96d9,C3,"[""C3""]",post,C1,2,s22,2,2,15,67,275,14,274,29e40d9d-fcba-4886-8a14-dd6d3c6b3f5d:s22:t2,29e40d9d-fcba-4886-8a14-dd6d3c6b3f5d:s22:t2:a1,1,29e40d9d-fcba-4886-8a14-dd6d3c6b3f5d:segment1,90,20,2.4594316186372973,439.0243902439024,97.5609756097561,442.2488825263973,0335b2c8-8084-4c33-9a3c-1e849357e589,1,6,12,1492.9185425511173,1024.6989668774104,1337.2383482397604,614.2040310643015,1482,1040,281174.60000014305,1338,628,281574.5,399.89999985694885,true,true,0,1338,628,399.89999985694885,0,completed,,,2026-09-24T08:57:35.160Z,2026-09-24T08:57:35.560Z,2026-09-24T08:57:35.560Z,,18,281182.7
1.2.0,29e40d9d-fcba-4886-8a14-dd6d3c6b3f5d,001,main,pointing-single-208-post104-continuous-v3,539807cd564d571194824c9e9a5986a9c009b1b63ed371ea94a24f47d2ef96d9,C3,"[""C3""]",post,C1,2,s22,2,3,16,68,276,15,275,29e40d9d-fcba-4886-8a14-dd6d3c6b3f5d:s22:t3,29e40d9d-fcba-4886-8a14-dd6d3c6b3f5d:s22:t3:a1,1,29e40d9d-fcba-4886-8a14-dd6d3c6b3f5d:segment1,90,20,2.4594316186372973,439.0243902439024,97.5609756097561,442.2488825263973,0335b2c8-8084-4c33-9a3c-1e849357e589,1,12,5,1337.2383482397604,614.2040310643015,1586.6326272924628,975.5140209688336,1338,628,281574.5,1595,1000,281924.5,350,true,true,0,1595,1000,350,0,completed,,,2026-09-24T08:57:35.560Z,2026-09-24T08:57:35.910Z,2026-09-24T08:57:35.910Z,,12,281566
1.2.0,29e40d9d-fcba-4886-8a14-dd6d3c6b3f5d,001,main,pointing-single-208-post104-continuous-v3,539807cd564d571194824c9e9a5986a9c009b1b63ed371ea94a24f47d2ef96d9,C3,"[""C3""]",post,C1,2,s22,2,4,17,69,277,16,276,29e40d9d-fcba-4886-8a14-dd6d3c6b3f5d:s22:t4,29e40d9d-fcba-4886-8a14-dd6d3c6b3f5d:s22:t4:a1,1,29e40d9d-fcba-4886-8a14-dd6d3c6b3f5d:segment1,90,20,2.4594316186372973,439.0243902439024,97.5609756097561,442.2488825263973,0335b2c8-8084-4c33-9a3c-1e849357e589,1,5,11,1586.6326272924628,975.5140209688336,1258.018152485638,684.3870002777529,1595,1000,281924.5,1279,655,282391,466.5,true,true,0,1279,655,466.5,0,completed,,,2026-09-24T08:57:35.910Z,2026-09-24T08:57:36.377Z,2026-09-24T08:57:36.377Z,,22,281916
1.2.0,29e40d9d-fcba-4886-8a14-dd6d3c6b3f5d,001,main,pointing-single-208-post104-continuous-v3,539807cd564d571194824c9e9a5986a9c009b1b63ed371ea94a24f47d2ef96d9,C3,"[""C3""]",post,C1,2,s22,2,5,18,70,278,17,277,29e40d9d-fcba-4886-8a14-dd6d3c6b3f5d:s22:t5,29e40d9d-fcba-4886-8a14-dd6d3c6b3f5d:s22:t5:a1,1,29e40d9d-fcba-4886-8a14-dd6d3c6b3f5d:segment1,90,20,2.4594316186372973,439.0243902439024,97.5609756097561,442.2488825263973,0335b2c8-8084-4c33-9a3c-1e849357e589,1,11,4,1258.018152485638,684.3870002777529,1646.7549442358277,888.4118075164804,1279,655,282391,1646,843,282757.80000019073,366.80000019073486,true,true,0,1646,843,366.80000019073486,0,completed,,,2026-09-24T08:57:36.377Z,2026-09-24T08:57:36.744Z,2026-09-24T08:57:36.744Z,,15,282399.358
1.2.0,29e40d9d-fcba-4886-8a14-dd6d3c6b3f5d,001,main,pointing-single-208-post104-continuous-v3,539807cd564d571194824c9e9a5986a9c009b1b63ed371ea94a24f47d2ef96d9,C3,"[""C3""]",post,C1,2,s22,2,6,19,71,279,18,278,29e40d9d-fcba-4886-8a14-dd6d3c6b3f5d:s22:t6,29e40d9d-fcba-4886-8a14-dd6d3c6b3f5d:s22:t6:a1,1,29e40d9d-fcba-4886-8a14-dd6d3c6b3f5d:segment1,90,20,2.4594316186372973,439.0243902439024,97.5609756097561,442.2488825263973,0335b2c8-8084-4c33-9a3c-1e849357e589,1,4,10,1646.7549442358277,888.4118075164804,1220.4878048780488,783.3463939268208,1646,843,282757.80000019073,1212,798,283174.10000014305,416.2999999523163,true,true,0,1212,798,416.2999999523163,0,completed,,,2026-09-24T08:57:36.744Z,2026-09-24T08:57:37.160Z,2026-09-24T08:57:37.160Z,,17,282749.33
1.2.0,29e40d9d-fcba-4886-8a14-dd6d3c6b3f5d,001,main,pointing-single-208-post104-continuous-v3,539807cd564d571194824c9e9a5986a9c009b1b63ed371ea94a24f47d2ef96d9,C3,"[""C3""]",post,C1,2,s22,2,7,20,72,280,19,279,29e40d9d-fcba-4886-8a14-dd6d3c6b3f5d:s22:t7,29e40d9d-fcba-4886-8a14-dd6d3c6b3f5d:s22:t7:a1,1,29e40d9d-fcba-4886-8a14-dd6d3c6b3f5d:segment1,90,20,2.4594316186372973,439.0243902439024,97.5609756097561,442.2488825263973,0335b2c8-8084-4c33-9a3c-1e849357e589,1,10,3,1220.4878048780488,783.3463939268208,1659.5121951219512,783.3463939268208,1212,798,283174.10000014305,1681,806,283607.7000000477,433.59999990463257,true,true,0,1681,806,433.59999990463257,0,completed,,,2026-09-24T08:57:37.160Z,2026-09-24T08:57:37.594Z,2026-09-24T08:57:37.594Z,,16,283182.7
1.2.0,29e40d9d-fcba-4886-8a14-dd6d3c6b3f5d,001,main,pointing-single-208-post104-continuous-v3,539807cd564d571194824c9e9a5986a9c009b1b63ed371ea94a24f47d2ef96d9,C3,"[""C3""]",post,C1,2,s22,2,8,21,73,281,20,280,29e40d9d-fcba-4886-8a14-dd6d3c6b3f5d:s22:t8,29e40d9d-fcba-4886-8a14-dd6d3c6b3f5d:s22:t8:a1,1,29e40d9d-fcba-4886-8a14-dd6d3c6b3f5d:segment1,90,20,2.4594316186372973,439.0243902439024,97.5609756097561,442.2488825263973,0335b2c8-8084-4c33-9a3c-1e849357e589,1,3,9,1659.5121951219512,783.3463939268208,1233.2450557641723,888.4118075164804,1681,806,283607.7000000477,1222,899,283974.30000019073,366.60000014305115,true,true,0,1222,899,366.60000014305115,0,completed,,,2026-09-24T08:57:37.594Z,2026-09-24T08:57:37.960Z,2026-09-24T08:57:37.960Z,,17,283599.296
1.2.0,29e40d9d-fcba-4886-8a14-dd6d3c6b3f5d,001,main,pointing-single-208-post104-continuous-v3,539807cd564d571194824c9e9a5986a9c009b1b63ed371ea94a24f47d2ef96d9,C3,"[""C3""]",post,C1,2,s22,2,9,22,74,282,21,281,29e40d9d-fcba-4886-8a14-dd6d3c6b3f5d:s22:t9,29e40d9d-fcba-4886-8a14-dd6d3c6b3f5d:s22:t9:a1,1,29e40d9d-fcba-4886-8a14-dd6d3c6b3f5d:segment1,90,20,2.4594316186372973,439.0243902439024,97.5609756097561,442.2488825263973,0335b2c8-8084-4c33-9a3c-1e849357e589,1,9,2,1233.2450557641723,888.4118075164804,1621.981847514362,684.3870002777527,1222,899,283974.30000019073,1575,699,284391.10000014305,416.7999999523163,false,true,2,1629,691,1116.6999998092651,699.8999998569489,completed,,,2026-09-24T08:57:37.960Z,2026-09-24T08:57:38.377Z,2026-09-24T08:57:39.077Z,,59,283982.6
1.2.0,29e40d9d-fcba-4886-8a14-dd6d3c6b3f5d,001,main,pointing-single-208-post104-continuous-v3,539807cd564d571194824c9e9a5986a9c009b1b63ed371ea94a24f47d2ef96d9,C3,"[""C3""]",post,C1,2,s22,2,10,23,75,283,22,282,29e40d9d-fcba-4886-8a14-dd6d3c6b3f5d:s22:t10,29e40d9d-fcba-4886-8a14-dd6d3c6b3f5d:s22:t10:a1,1,29e40d9d-fcba-4886-8a14-dd6d3c6b3f5d:segment1,90,20,2.4594316186372973,439.0243902439024,97.5609756097561,442.2488825263973,0335b2c8-8084-4c33-9a3c-1e849357e589,1,2,8,1621.981847514362,684.3870002777527,1293.3673727075372,975.5140209688336,1629,691,285091,1320,992,285457.5,366.5,true,true,0,1320,992,366.5,0,completed,,,2026-09-24T08:57:39.077Z,2026-09-24T08:57:39.443Z,2026-09-24T08:57:39.443Z,,21,285099.2
1.2.0,29e40d9d-fcba-4886-8a14-dd6d3c6b3f5d,001,main,pointing-single-208-post104-continuous-v3,539807cd564d571194824c9e9a5986a9c009b1b63ed371ea94a24f47d2ef96d9,C3,"[""C3""]",post,C1,2,s22,2,11,24,76,284,23,283,29e40d9d-fcba-4886-8a14-dd6d3c6b3f5d:s22:t11,29e40d9d-fcba-4886-8a14-dd6d3c6b3f5d:s22:t11:a1,1,29e40d9d-fcba-4886-8a14-dd6d3c6b3f5d:segment1,90,20,2.4594316186372973,439.0243902439024,97.5609756097561,442.2488825263973,0335b2c8-8084-4c33-9a3c-1e849357e589,1,8,1,1293.3673727075372,975.5140209688336,1542.7616517602396,614.2040310643015,1320,992,285457.5,1547,601,285840.80000019073,383.30000019073486,true,true,0,1547,601,383.30000019073486,0,completed,,,2026-09-24T08:57:39.443Z,2026-09-24T08:57:39.827Z,2026-09-24T08:57:39.827Z,,22,285465.1
1.2.0,29e40d9d-fcba-4886-8a14-dd6d3c6b3f5d,001,main,pointing-single-208-post104-continuous-v3,539807cd564d571194824c9e9a5986a9c009b1b63ed371ea94a24f47d2ef96d9,C3,"[""C3""]",post,C1,2,s22,2,12,25,77,285,24,284,29e40d9d-fcba-4886-8a14-dd6d3c6b3f5d:s22:t12,29e40d9d-fcba-4886-8a14-dd6d3c6b3f5d:s22:t12:a1,1,29e40d9d-fcba-4886-8a14-dd6d3c6b3f5d:segment1,90,20,2.4594316186372973,439.0243902439024,97.5609756097561,442.2488825263973,0335b2c8-8084-4c33-9a3c-1e849357e589,1,1,7,1542.7616517602396,614.2040310643015,1387.0814574488827,1024.6989668774104,1547,601,285840.80000019073,1370,1041,286241.10000014305,400.2999999523163,true,true,0,1370,1041,400.2999999523163,0,completed,,,2026-09-24T08:57:39.827Z,2026-09-24T08:57:40.227Z,2026-09-24T08:57:40.227Z,,22,285849.364
1.2.0,29e40d9d-fcba-4886-8a14-dd6d3c6b3f5d,001,main,pointing-single-208-post104-continuous-v3,539807cd564d571194824c9e9a5986a9c009b1b63ed371ea94a24f47d2ef96d9,C3,"[""C3""]",post,C1,2,s22,2,13,26,78,286,25,285,29e40d9d-fcba-4886-8a14-dd6d3c6b3f5d:s22:t13,29e40d9d-fcba-4886-8a14-dd6d3c6b3f5d:s22:t13:a1,1,29e40d9d-fcba-4886-8a14-dd6d3c6b3f5d:segment1,90,20,2.4594316186372973,439.0243902439024,97.5609756097561,442.2488825263973,0335b2c8-8084-4c33-9a3c-1e849357e589,1,7,0,1387.0814574488827,1024.6989668774104,1440,588.8755587368014,1370,1041,286241.10000014305,1436,634,286640.80000019073,399.7000000476837,true,true,0,1436,634,399.7000000476837,0,completed,,,2026-09-24T08:57:40.227Z,2026-09-24T08:57:40.626Z,2026-09-24T08:57:40.626Z,,23,286249.298
1.2.0,29e40d9d-fcba-4886-8a14-dd6d3c6b3f5d,001,main,pointing-single-208-post104-continuous-v3,539807cd564d571194824c9e9a5986a9c009b1b63ed371ea94a24f47d2ef96d9,C3,"[""C3""]",post,C3,3,s23,2,1,14,79,287,221,286,29e40d9d-fcba-4886-8a14-dd6d3c6b3f5d:s23:t1,29e40d9d-fcba-4886-8a14-dd6d3c6b3f5d:s23:t1:a1,1,29e40d9d-fcba-4886-8a14-dd6d3c6b3f5d:segment1,180,20,3.321928094887362,878.0487804878048,97.5609756097561,884.4977650527946,0335b2c8-8084-4c33-9a3c-1e849357e589,1,0,6,1440,367.7511174736027,1545.8370851022348,1239.3979337548208,1445,379,288107.80000019073,1512,1159,288624.2000000477,516.3999998569489,false,true,1,1535,1202,733.2999999523163,216.90000009536743,completed,,,2026-09-24T08:57:42.093Z,2026-09-24T08:57:42.610Z,2026-09-24T08:57:42.827Z,,38,288099.3
1.2.0,29e40d9d-fcba-4886-8a14-dd6d3c6b3f5d,001,main,pointing-single-208-post104-continuous-v3,539807cd564d571194824c9e9a5986a9c009b1b63ed371ea94a24f47d2ef96d9,C3,"[""C3""]",post,C3,3,s23,2,2,15,80,288,222,287,29e40d9d-fcba-4886-8a14-dd6d3c6b3f5d:s23:t2,29e40d9d-fcba-4886-8a14-dd6d3c6b3f5d:s23:t2:a1,1,29e40d9d-fcba-4886-8a14-dd6d3c6b3f5d:segment1,180,20,3.321928094887362,878.0487804878048,97.5609756097561,884.4977650527946,0335b2c8-8084-4c33-9a3c-1e849357e589,1,6,12,1545.8370851022348,1239.3979337548208,1234.4766964795208,418.40806212860286,1535,1202,288841.10000014305,1203,421,289340.90000009537,499.7999999523163,true,true,0,1203,421,499.7999999523163,0,completed,,,2026-09-24T08:57:42.827Z,2026-09-24T08:57:43.327Z,2026-09-24T08:57:43.327Z,,26,288849.298
1.2.0,29e40d9d-fcba-4886-8a14-dd6d3c6b3f5d,001,main,pointing-single-208-post104-continuous-v3,539807cd564d571194824c9e9a5986a9c009b1b63ed371ea94a24f47d2ef96d9,C3,"[""C3""]",post,C3,3,s23,2,3,16,81,289,223,288,29e40d9d-fcba-4886-8a14-dd6d3c6b3f5d:s23:t3,29e40d9d-fcba-4886-8a14-dd6d3c6b3f5d:s23:t3:a1,1,29e40d9d-fcba-4886-8a14-dd6d3c6b3f5d:segment1,180,20,3.321928094887362,878.0487804878048,97.5609756097561,884.4977650527946,0335b2c8-8084-4c33-9a3c-1e849357e589,1,12,5,1234.4766964795208,418.40806212860286,1733.2652545849257,1141.0280419376672,1203,421,289340.90000009537,1733,1127,289857.80000019073,516.9000000953674,true,true,0,1733,1127,516.9000000953674,0,completed,,,2026-09-24T08:57:43.327Z,2026-09-24T08:57:43.843Z,2026-09-24T08:57:43.843Z,,28,289349.3
1.2.0,29e40d9d-fcba-4886-8a14-dd6d3c6b3f5d,001,main,pointing-single-208-post104-continuous-v3,539807cd564d571194824c9e9a5986a9c009b1b63ed371ea94a24f47d2ef96d9,C3,"[""C3""]",post,C3,3,s23,2,4,17,82,290,224,289,29e40d9d-fcba-4886-8a14-dd6d3c6b3f5d:s23:t4,29e40d9d-fcba-4886-8a14-dd6d3c6b3f5d:s23:t4:a1,1,29e40d9d-fcba-4886-8a14-dd6d3c6b3f5d:segment1,180,20,3.321928094887362,878.0487804878048,97.5609756097561,884.4977650527946,0335b2c8-8084-4c33-9a3c-1e849357e589,1,5,11,1733.2652545849257,1141.0280419376672,1076.0363049712757,558.7740005555058,1733,1127,289857.80000019073,1131,579,290374.30000019073,516.5,false,true,1,1107,591,1083.0999999046326,566.5999999046326,completed,,,2026-09-24T08:57:43.843Z,2026-09-24T08:57:44.360Z,2026-09-24T08:57:44.927Z,,55,289865.5
1.2.0,29e40d9d-fcba-4886-8a14-dd6d3c6b3f5d,001,main,pointing-single-208-post104-continuous-v3,539807cd564d571194824c9e9a5986a9c009b1b63ed371ea94a24f47d2ef96d9,C3,"[""C3""]",post,C3,3,s23,2,5,18,83,291,225,290,29e40d9d-fcba-4886-8a14-dd6d3c6b3f5d:s23:t5,29e40d9d-fcba-4886-8a14-dd6d3c6b3f5d:s23:t5:a1,1,29e40d9d-fcba-4886-8a14-dd6d3c6b3f5d:segment1,180,20,3.321928094887362,878.0487804878048,97.5609756097561,884.4977650527946,0335b2c8-8084-4c33-9a3c-1e849357e589,1,11,4,1076.0363049712757,558.7740005555058,1853.5098884716554,966.8236150329607,1107,591,290940.90000009537,1831,962,291424.40000009537,483.5,true,true,0,1831,962,483.5,0,completed,,,2026-09-24T08:57:44.927Z,2026-09-24T08:57:45.410Z,2026-09-24T08:57:45.410Z,,20,290949.2
1.2.0,29e40d9d-fcba-4886-8a14-dd6d3c6b3f5d,001,main,pointing-single-208-post104-continuous-v3,539807cd564d571194824c9e9a5986a9c009b1b63ed371ea94a24f47d2ef96d9,C3,"[""C3""]",post,C3,3,s23,2,6,19,84,292,226,291,29e40d9d-fcba-4886-8a14-dd6d3c6b3f5d:s23:t6,29e40d9d-fcba-4886-8a14-dd6d3c6b3f5d:s23:t6:a1,1,29e40d9d-fcba-4886-8a14-dd6d3c6b3f5d:segment1,180,20,3.321928094887362,878.0487804878048,97.5609756097561,884.4977650527946,0335b2c8-8084-4c33-9a3c-1e849357e589,1,4,10,1853.5098884716554,966.8236150329607,1000.9756097560976,756.6927878536417,1831,962,291424.40000009537,982,751,291891,466.59999990463257,true,true,0,982,751,466.59999990463257,0,completed,,,2026-09-24T08:57:45.410Z,2026-09-24T08:57:45.877Z,2026-09-24T08:57:45.877Z,,23,291416
1.2.0,29e40d9d-fcba-4886-8a14-dd6d3c6b3f5d,001,main,pointing-single-208-post104-continuous-v3,539807cd564d571194824c9e9a5986a9c009b1b63ed371ea94a24f47d2ef96d9,C3,"[""C3""]",post,C3,3,s23,2,7,20,85,293,227,292,29e40d9d-fcba-4886-8a14-dd6d3c6b3f5d:s23:t7,29e40d9d-fcba-4886-8a14-dd6d3c6b3f5d:s23:t7:a1,1,29e40d9d-fcba-4886-8a14-dd6d3c6b3f5d:segment1,180,20,3.321928094887362,878.0487804878048,97.5609756097561,884.4977650527946,0335b2c8-8084-4c33-9a3c-1e849357e589,1,10,3,1000.9756097560976,756.6927878536417,1879.0243902439024,756.6927878536418,982,751,291891,1841,739,292390.90000009537,499.90000009536743,true,true,0,1841,739,499.90000009536743,0,completed,,,2026-09-24T08:57:45.877Z,2026-09-24T08:57:46.376Z,2026-09-24T08:57:46.376Z,,22,291899.3
1.2.0,29e40d9d-fcba-4886-8a14-dd6d3c6b3f5d,001,main,pointing-single-208-post104-continuous-v3,539807cd564d571194824c9e9a5986a9c009b1b63ed371ea94a24f47d2ef96d9,C3,"[""C3""]",post,C3,3,s23,2,8,21,86,294,228,293,29e40d9d-fcba-4886-8a14-dd6d3c6b3f5d:s23:t8,29e40d9d-fcba-4886-8a14-dd6d3c6b3f5d:s23:t8:a1,1,29e40d9d-fcba-4886-8a14-dd6d3c6b3f5d:segment1,180,20,3.321928094887362,878.0487804878048,97.5609756097561,884.4977650527946,0335b2c8-8084-4c33-9a3c-1e849357e589,1,3,9,1879.0243902439024,756.6927878536418,1026.4901115283446,966.8236150329608,1841,739,292390.90000009537,1076,963,292891.10000014305,500.2000000476837,false,true,1,1019,961,1433.4000000953674,933.2000000476837,completed,,,2026-09-24T08:57:46.376Z,2026-09-24T08:57:46.877Z,2026-09-24T08:57:47.810Z,,81,292382.632
1.2.0,29e40d9d-fcba-4886-8a14-dd6d3c6b3f5d,001,main,pointing-single-208-post104-continuous-v3,539807cd564d571194824c9e9a5986a9c009b1b63ed371ea94a24f47d2ef96d9,C3,"[""C3""]",post,C3,3,s23,2,9,22,87,295,229,294,29e40d9d-fcba-4886-8a14-dd6d3c6b3f5d:s23:t9,29e40d9d-fcba-4886-8a14-dd6d3c6b3f5d:s23:t9:a1,1,29e40d9d-fcba-4886-8a14-dd6d3c6b3f5d:segment1,180,20,3.321928094887362,878.0487804878048,97.5609756097561,884.4977650527946,0335b2c8-8084-4c33-9a3c-1e849357e589,1,9,2,1026.4901115283446,966.8236150329608,1803.963695028724,558.7740005555054,1019,961,293824.30000019073,1804,521,294307.60000014305,483.2999999523163,true,true,0,1804,521,483.2999999523163,0,completed,,,2026-09-24T08:57:47.810Z,2026-09-24T08:57:48.293Z,2026-09-24T08:57:48.293Z,,24,293815.994
1.2.0,29e40d9d-fcba-4886-8a14-dd6d3c6b3f5d,001,main,pointing-single-208-post104-continuous-v3,539807cd564d571194824c9e9a5986a9c009b1b63ed371ea94a24f47d2ef96d9,C3,"[""C3""]",post,C3,3,s23,2,10,23,88,296,230,295,29e40d9d-fcba-4886-8a14-dd6d3c6b3f5d:s23:t10,29e40d9d-fcba-4886-8a14-dd6d3c6b3f5d:s23:t10:a1,1,29e40d9d-fcba-4886-8a14-dd6d3c6b3f5d:segment1,180,20,3.321928094887362,878.0487804878048,97.5609756097561,884.4977650527946,0335b2c8-8084-4c33-9a3c-1e849357e589,1,2,8,1803.963695028724,558.7740005555054,1146.7347454150745,1141.0280419376672,1804,521,294307.60000014305,1114,1094,294891.10000014305,583.5,false,true,2,1172,1110,1166.3999998569489,582.8999998569489,completed,,,2026-09-24T08:57:48.293Z,2026-09-24T08:57:48.877Z,2026-09-24T08:57:49.459Z,,54,294299.2
1.2.0,29e40d9d-fcba-4886-8a14-dd6d3c6b3f5d,001,main,pointing-single-208-post104-continuous-v3,539807cd564d571194824c9e9a5986a9c009b1b63ed371ea94a24f47d2ef96d9,C3,"[""C3""]",post,C3,3,s23,2,11,24,89,297,231,296,29e40d9d-fcba-4886-8a14-dd6d3c6b3f5d:s23:t11,29e40d9d-fcba-4886-8a14-dd6d3c6b3f5d:s23:t11:a1,1,29e40d9d-fcba-4886-8a14-dd6d3c6b3f5d:segment1,180,20,3.321928094887362,878.0487804878048,97.5609756097561,884.4977650527946,0335b2c8-8084-4c33-9a3c-1e849357e589,1,8,1,1146.7347454150745,1141.0280419376672,1645.5233035204794,418.4080621286029,1172,1110,295474,1634,382,296057.7000000477,583.7000000476837,true,true,0,1634,382,583.7000000476837,0,completed,,,2026-09-24T08:57:49.459Z,2026-09-24T08:57:50.043Z,2026-09-24T08:57:50.043Z,,33,295482.6
1.2.0,29e40d9d-fcba-4886-8a14-dd6d3c6b3f5d,001,main,pointing-single-208-post104-continuous-v3,539807cd564d571194824c9e9a5986a9c009b1b63ed371ea94a24f47d2ef96d9,C3,"[""C3""]",post,C3,3,s23,2,12,25,90,298,232,297,29e40d9d-fcba-4886-8a14-dd6d3c6b3f5d:s23:t12,29e40d9d-fcba-4886-8a14-dd6d3c6b3f5d:s23:t12:a1,1,29e40d9d-fcba-4886-8a14-dd6d3c6b3f5d:segment1,180,20,3.321928094887362,878.0487804878048,97.5609756097561,884.4977650527946,0335b2c8-8084-4c33-9a3c-1e849357e589,1,1,7,1645.5233035204794,418.4080621286029,1334.1629148977652,1239.3979337548208,1634,382,296057.7000000477,1352,1219,296607.7000000477,550,true,true,0,1352,1219,550,0,completed,,,2026-09-24T08:57:50.043Z,2026-09-24T08:57:50.593Z,2026-09-24T08:57:50.593Z,,31,296066
1.2.0,29e40d9d-fcba-4886-8a14-dd6d3c6b3f5d,001,main,pointing-single-208-post104-continuous-v3,539807cd564d571194824c9e9a5986a9c009b1b63ed371ea94a24f47d2ef96d9,C3,"[""C3""]",post,C3,3,s23,2,13,26,91,299,233,298,29e40d9d-fcba-4886-8a14-dd6d3c6b3f5d:s23:t13,29e40d9d-fcba-4886-8a14-dd6d3c6b3f5d:s23:t13:a1,1,29e40d9d-fcba-4886-8a14-dd6d3c6b3f5d:segment1,180,20,3.321928094887362,878.0487804878048,97.5609756097561,884.4977650527946,0335b2c8-8084-4c33-9a3c-1e849357e589,1,7,0,1334.1629148977652,1239.3979337548208,1440,367.7511174736027,1352,1219,296607.7000000477,1415,377,297124.40000009537,516.7000000476837,true,true,0,1415,377,516.7000000476837,0,completed,,,2026-09-24T08:57:50.593Z,2026-09-24T08:57:51.110Z,2026-09-24T08:57:51.110Z,,29,296599.294
1.2.0,29e40d9d-fcba-4886-8a14-dd6d3c6b3f5d,001,main,pointing-single-208-post104-continuous-v3,539807cd564d571194824c9e9a5986a9c009b1b63ed371ea94a24f47d2ef96d9,C3,"[""C3""]",post,C2,4,s24,2,1,14,92,300,13,299,29e40d9d-fcba-4886-8a14-dd6d3c6b3f5d:s24:t1,29e40d9d-fcba-4886-8a14-dd6d3c6b3f5d:s24:t1:a1,1,29e40d9d-fcba-4886-8a14-dd6d3c6b3f5d:segment1,90,10,3.321928094887362,439.0243902439024,48.78048780487805,442.2488825263973,0335b2c8-8084-4c33-9a3c-1e849357e589,1,0,6,1440,588.8755587368014,1492.9185425511173,1024.6989668774104,1435,586,298657.60000014305,1483,1039,299257.7000000477,600.0999999046326,true,true,0,1483,1039,600.0999999046326,0,completed,,,2026-09-24T08:57:52.643Z,2026-09-24T08:57:53.243Z,2026-09-24T08:57:53.243Z,,30,298665.956
1.2.0,29e40d9d-fcba-4886-8a14-dd6d3c6b3f5d,001,main,pointing-single-208-post104-continuous-v3,539807cd564d571194824c9e9a5986a9c009b1b63ed371ea94a24f47d2ef96d9,C3,"[""C3""]",post,C2,4,s24,2,2,15,93,301,14,300,29e40d9d-fcba-4886-8a14-dd6d3c6b3f5d:s24:t2,29e40d9d-fcba-4886-8a14-dd6d3c6b3f5d:s24:t2:a1,1,29e40d9d-fcba-4886-8a14-dd6d3c6b3f5d:segment1,90,10,3.321928094887362,439.0243902439024,48.78048780487805,442.2488825263973,0335b2c8-8084-4c33-9a3c-1e849357e589,1,6,12,1492.9185425511173,1024.6989668774104,1337.2383482397604,614.2040310643015,1483,1039,299257.7000000477,1360,610,299740.90000009537,483.2000000476837,true,true,0,1360,610,483.2000000476837,0,completed,,,2026-09-24T08:57:53.243Z,2026-09-24T08:57:53.726Z,2026-09-24T08:57:53.726Z,,19,299265.9
1.2.0,29e40d9d-fcba-4886-8a14-dd6d3c6b3f5d,001,main,pointing-single-208-post104-continuous-v3,539807cd564d571194824c9e9a5986a9c009b1b63ed371ea94a24f47d2ef96d9,C3,"[""C3""]",post,C2,4,s24,2,3,16,94,302,15,301,29e40d9d-fcba-4886-8a14-dd6d3c6b3f5d:s24:t3,29e40d9d-fcba-4886-8a14-dd6d3c6b3f5d:s24:t3:a1,1,29e40d9d-fcba-4886-8a14-dd6d3c6b3f5d:segment1,90,10,3.321928094887362,439.0243902439024,48.78048780487805,442.2488825263973,0335b2c8-8084-4c33-9a3c-1e849357e589,1,12,5,1337.2383482397604,614.2040310643015,1586.6326272924628,975.5140209688336,1360,610,299740.90000009537,1596,986,300240.90000009537,500,true,true,0,1596,986,500,0,completed,,,2026-09-24T08:57:53.726Z,2026-09-24T08:57:54.226Z,2026-09-24T08:57:54.226Z,,21,299732.63
1.2.0,29e40d9d-fcba-4886-8a14-dd6d3c6b3f5d,001,main,pointing-single-208-post104-continuous-v3,539807cd564d571194824c9e9a5986a9c009b1b63ed371ea94a24f47d2ef96d9,C3,"[""C3""]",post,C2,4,s24,2,4,17,95,303,16,302,29e40d9d-fcba-4886-8a14-dd6d3c6b3f5d:s24:t4,29e40d9d-fcba-4886-8a14-dd6d3c6b3f5d:s24:t4:a1,1,29e40d9d-fcba-4886-8a14-dd6d3c6b3f5d:segment1,90,10,3.321928094887362,439.0243902439024,48.78048780487805,442.2488825263973,0335b2c8-8084-4c33-9a3c-1e849357e589,1,5,11,1586.6326272924628,975.5140209688336,1258.018152485638,684.3870002777529,1596,986,300240.90000009537,1267,666,300740.90000009537,500,true,true,0,1267,666,500,0,completed,,,2026-09-24T08:57:54.226Z,2026-09-24T08:57:54.726Z,2026-09-24T08:57:54.726Z,,21,300232.626
1.2.0,29e40d9d-fcba-4886-8a14-dd6d3c6b3f5d,001,main,pointing-single-208-post104-continuous-v3,539807cd564d571194824c9e9a5986a9c009b1b63ed371ea94a24f47d2ef96d9,C3,"[""C3""]",post,C2,4,s24,2,5,18,96,304,17,303,29e40d9d-fcba-4886-8a14-dd6d3c6b3f5d:s24:t5,29e40d9d-fcba-4886-8a14-dd6d3c6b3f5d:s24:t5:a1,1,29e40d9d-fcba-4886-8a14-dd6d3c6b3f5d:segment1,90,10,3.321928094887362,439.0243902439024,48.78048780487805,442.2488825263973,0335b2c8-8084-4c33-9a3c-1e849357e589,1,11,4,1258.018152485638,684.3870002777529,1646.7549442358277,888.4118075164804,1267,666,300740.90000009537,1645,889,301240.90000009537,500,true,true,0,1645,889,500,0,completed,,,2026-09-24T08:57:54.726Z,2026-09-24T08:57:55.226Z,2026-09-24T08:57:55.226Z,,21,300732.588
1.2.0,29e40d9d-fcba-4886-8a14-dd6d3c6b3f5d,001,main,pointing-single-208-post104-continuous-v3,539807cd564d571194824c9e9a5986a9c009b1b63ed371ea94a24f47d2ef96d9,C3,"[""C3""]",post,C2,4,s24,2,6,19,97,305,18,304,29e40d9d-fcba-4886-8a14-dd6d3c6b3f5d:s24:t6,29e40d9d-fcba-4886-8a14-dd6d3c6b3f5d:s24:t6:a1,1,29e40d9d-fcba-4886-8a14-dd6d3c6b3f5d:segment1,90,10,3.321928094887362,439.0243902439024,48.78048780487805,442.2488825263973,0335b2c8-8084-4c33-9a3c-1e849357e589,1,4,10,1646.7549442358277,888.4118075164804,1220.4878048780488,783.3463939268208,1645,889,301240.90000009537,1223,783,301674.2000000477,433.2999999523163,true,true,0,1223,783,433.2999999523163,0,completed,,,2026-09-24T08:57:55.226Z,2026-09-24T08:57:55.659Z,2026-09-24T08:57:55.659Z,,12,301232.598
1.2.0,29e40d9d-fcba-4886-8a14-dd6d3c6b3f5d,001,main,pointing-single-208-post104-continuous-v3,539807cd564d571194824c9e9a5986a9c009b1b63ed371ea94a24f47d2ef96d9,C3,"[""C3""]",post,C2,4,s24,2,7,20,98,306,19,305,29e40d9d-fcba-4886-8a14-dd6d3c6b3f5d:s24:t7,29e40d9d-fcba-4886-8a14-dd6d3c6b3f5d:s24:t7:a1,1,29e40d9d-fcba-4886-8a14-dd6d3c6b3f5d:segment1,90,10,3.321928094887362,439.0243902439024,48.78048780487805,442.2488825263973,0335b2c8-8084-4c33-9a3c-1e849357e589,1,10,3,1220.4878048780488,783.3463939268208,1659.5121951219512,783.3463939268208,1223,783,301674.2000000477,1679,785,302157.40000009537,483.2000000476837,true,true,0,1679,785,483.2000000476837,0,completed,,,2026-09-24T08:57:55.659Z,2026-09-24T08:57:56.143Z,2026-09-24T08:57:56.143Z,,19,301665.894
1.2.0,29e40d9d-fcba-4886-8a14-dd6d3c6b3f5d,001,main,pointing-single-208-post104-continuous-v3,539807cd564d571194824c9e9a5986a9c009b1b63ed371ea94a24f47d2ef96d9,C3,"[""C3""]",post,C2,4,s24,2,8,21,99,307,20,306,29e40d9d-fcba-4886-8a14-dd6d3c6b3f5d:s24:t8,29e40d9d-fcba-4886-8a14-dd6d3c6b3f5d:s24:t8:a1,1,29e40d9d-fcba-4886-8a14-dd6d3c6b3f5d:segment1,90,10,3.321928094887362,439.0243902439024,48.78048780487805,442.2488825263973,0335b2c8-8084-4c33-9a3c-1e849357e589,1,3,9,1659.5121951219512,783.3463939268208,1233.2450557641723,888.4118075164804,1679,785,302157.40000009537,1198,899,302607.60000014305,450.2000000476837,false,true,1,1225,896,667,216.79999995231628,completed,,,2026-09-24T08:57:56.143Z,2026-09-24T08:57:56.593Z,2026-09-24T08:57:56.810Z,,20,302149.292
1.2.0,29e40d9d-fcba-4886-8a14-dd6d3c6b3f5d,001,main,pointing-single-208-post104-continuous-v3,539807cd564d571194824c9e9a5986a9c009b1b63ed371ea94a24f47d2ef96d9,C3,"[""C3""]",post,C2,4,s24,2,9,22,100,308,21,307,29e40d9d-fcba-4886-8a14-dd6d3c6b3f5d:s24:t9,29e40d9d-fcba-4886-8a14-dd6d3c6b3f5d:s24:t9:a1,1,29e40d9d-fcba-4886-8a14-dd6d3c6b3f5d:segment1,90,10,3.321928094887362,439.0243902439024,48.78048780487805,442.2488825263973,0335b2c8-8084-4c33-9a3c-1e849357e589,1,9,2,1233.2450557641723,888.4118075164804,1621.981847514362,684.3870002777527,1225,896,302824.40000009537,1616,674,303308,483.59999990463257,true,true,0,1616,674,483.59999990463257,0,completed,,,2026-09-24T08:57:56.810Z,2026-09-24T08:57:57.293Z,2026-09-24T08:57:57.293Z,,26,302815.866
1.2.0,29e40d9d-fcba-4886-8a14-dd6d3c6b3f5d,001,main,pointing-single-208-post104-continuous-v3,539807cd564d571194824c9e9a5986a9c009b1b63ed371ea94a24f47d2ef96d9,C3,"[""C3""]",post,C2,4,s24,2,10,23,101,309,22,308,29e40d9d-fcba-4886-8a14-dd6d3c6b3f5d:s24:t10,29e40d9d-fcba-4886-8a14-dd6d3c6b3f5d:s24:t10:a1,1,29e40d9d-fcba-4886-8a14-dd6d3c6b3f5d:segment1,90,10,3.321928094887362,439.0243902439024,48.78048780487805,442.2488825263973,0335b2c8-8084-4c33-9a3c-1e849357e589,1,2,8,1621.981847514362,684.3870002777527,1293.3673727075372,975.5140209688336,1616,674,303308,1277,977,303807.5,499.5,true,true,0,1277,977,499.5,0,completed,,,2026-09-24T08:57:57.293Z,2026-09-24T08:57:57.793Z,2026-09-24T08:57:57.793Z,,27,303315.928
1.2.0,29e40d9d-fcba-4886-8a14-dd6d3c6b3f5d,001,main,pointing-single-208-post104-continuous-v3,539807cd564d571194824c9e9a5986a9c009b1b63ed371ea94a24f47d2ef96d9,C3,"[""C3""]",post,C2,4,s24,2,11,24,102,310,23,309,29e40d9d-fcba-4886-8a14-dd6d3c6b3f5d:s24:t11,29e40d9d-fcba-4886-8a14-dd6d3c6b3f5d:s24:t11:a1,1,29e40d9d-fcba-4886-8a14-dd6d3c6b3f5d:segment1,90,10,3.321928094887362,439.0243902439024,48.78048780487805,442.2488825263973,0335b2c8-8084-4c33-9a3c-1e849357e589,1,8,1,1293.3673727075372,975.5140209688336,1542.7616517602396,614.2040310643015,1277,977,303807.5,1556,610,304274.10000014305,466.60000014305115,true,true,0,1556,610,466.60000014305115,0,completed,,,2026-09-24T08:57:57.793Z,2026-09-24T08:57:58.259Z,2026-09-24T08:57:58.259Z,,24,303799.23
1.2.0,29e40d9d-fcba-4886-8a14-dd6d3c6b3f5d,001,main,pointing-single-208-post104-continuous-v3,539807cd564d571194824c9e9a5986a9c009b1b63ed371ea94a24f47d2ef96d9,C3,"[""C3""]",post,C2,4,s24,2,12,25,103,311,24,310,29e40d9d-fcba-4886-8a14-dd6d3c6b3f5d:s24:t12,29e40d9d-fcba-4886-8a14-dd6d3c6b3f5d:s24:t12:a1,1,29e40d9d-fcba-4886-8a14-dd6d3c6b3f5d:segment1,90,10,3.321928094887362,439.0243902439024,48.78048780487805,442.2488825263973,0335b2c8-8084-4c33-9a3c-1e849357e589,1,1,7,1542.7616517602396,614.2040310643015,1387.0814574488827,1024.6989668774104,1556,610,304274.10000014305,1369,1020,304774.7000000477,500.59999990463257,true,true,0,1369,1020,500.59999990463257,0,completed,,,2026-09-24T08:57:58.259Z,2026-09-24T08:57:58.760Z,2026-09-24T08:57:58.760Z,,27,304265.9
1.2.0,29e40d9d-fcba-4886-8a14-dd6d3c6b3f5d,001,main,pointing-single-208-post104-continuous-v3,539807cd564d571194824c9e9a5986a9c009b1b63ed371ea94a24f47d2ef96d9,C3,"[""C3""]",post,C2,4,s24,2,13,26,104,312,25,311,29e40d9d-fcba-4886-8a14-dd6d3c6b3f5d:s24:t13,29e40d9d-fcba-4886-8a14-dd6d3c6b3f5d:s24:t13:a1,1,29e40d9d-fcba-4886-8a14-dd6d3c6b3f5d:segment1,90,10,3.321928094887362,439.0243902439024,48.78048780487805,442.2488825263973,0335b2c8-8084-4c33-9a3c-1e849357e589,1,7,0,1387.0814574488827,1024.6989668774104,1440,588.8755587368014,1369,1020,304774.7000000477,1447,602,305374.2000000477,599.5,true,true,0,1447,602,599.5,0,completed,,,2026-09-24T08:57:58.760Z,2026-09-24T08:57:59.359Z,2026-09-24T08:57:59.359Z,,32,304782.598
